id;surname;name;url
9765;ABAD DE LOS SANTOS;BELEN;http://alojawebapps.us.es/centrosdptos/pdi/pdi.php?pdi=9765
12198;ABAD DE LOS SANTOS;RAFAEL;http://alojawebapps.us.es/centrosdptos/pdi/pdi.php?pdi=12198
4904;ABAD NAVARRO;MARIA CRISTINA;http://alojawebapps.us.es/centrosdptos/pdi/pdi.php?pdi=4904
18399;ABADIAS SANCHEZ;ANTONIO JOSE;http://alojawebapps.us.es/centrosdptos/pdi/pdi.php?pdi=18399
6168;ABADIN DELGADO;JOSE ANTONIO;http://alojawebapps.us.es/centrosdptos/pdi/pdi.php?pdi=6168
3068;ABAJO CASADO;ENCARNACION;http://alojawebapps.us.es/centrosdptos/pdi/pdi.php?pdi=3068
6260;ABALOS LABRUZZI;CAMILO MANUEL;http://alojawebapps.us.es/centrosdptos/pdi/pdi.php?pdi=6260
4252;ABASCAL BLANCO;ALVARO JUAN;http://alojawebapps.us.es/centrosdptos/pdi/pdi.php?pdi=4252
9900;ABDEL-KADER MARTIN;LAILA;http://alojawebapps.us.es/centrosdptos/pdi/pdi.php?pdi=9900
14206;ABELLAN RODENAS;PEDRO;http://alojawebapps.us.es/centrosdptos/pdi/pdi.php?pdi=14206
7679;ABRANTE JIMENEZ;ANTONIO;http://alojawebapps.us.es/centrosdptos/pdi/pdi.php?pdi=7679
18305;ABREO VILLAMIZAR;CARLOS ALBERTO;http://alojawebapps.us.es/centrosdptos/pdi/pdi.php?pdi=18305
5728;ABRIL HERNANDEZ;JOSE MARIA;http://alojawebapps.us.es/centrosdptos/pdi/pdi.php?pdi=5728
14980;ACEDO GARCIA;ANTONIO;http://alojawebapps.us.es/centrosdptos/pdi/pdi.php?pdi=14980
3066;ACEDO GARCIA;MIGUEL;http://alojawebapps.us.es/centrosdptos/pdi/pdi.php?pdi=3066
5004;ACEDO GONZALEZ;FRANCISCO JOSE;http://alojawebapps.us.es/centrosdptos/pdi/pdi.php?pdi=5004
3223;ACHA PIÑERO;BEGOÑA;http://alojawebapps.us.es/centrosdptos/pdi/pdi.php?pdi=3223
14800;ACOSTA ALMEDA;EDUARDO;http://alojawebapps.us.es/centrosdptos/pdi/pdi.php?pdi=14800
8266;ACOSTA GARCIA;IGNACIO JAVIER;http://alojawebapps.us.es/centrosdptos/pdi/pdi.php?pdi=8266
13444;ACOSTA GORDILLO;MARIA LAURA;http://alojawebapps.us.es/centrosdptos/pdi/pdi.php?pdi=13444
5713;ACOSTA JIMENEZ;ANTONIO JOSE;http://alojawebapps.us.es/centrosdptos/pdi/pdi.php?pdi=5713
6257;ACOSTA NARANJO;RUFINO;http://alojawebapps.us.es/centrosdptos/pdi/pdi.php?pdi=6257
3272;ACOSTA RODRIGUEZ;JOSE ANGEL;http://alojawebapps.us.es/centrosdptos/pdi/pdi.php?pdi=3272
7316;ACOSTA ROMERO;ANGEL;http://alojawebapps.us.es/centrosdptos/pdi/pdi.php?pdi=7316
8823;ACUÑA GARRIDO;MARÍA DOLORES;http://alojawebapps.us.es/centrosdptos/pdi/pdi.php?pdi=8823
17087;ACUÑA SAN ROMAN;MARIA ISABEL;http://alojawebapps.us.es/centrosdptos/pdi/pdi.php?pdi=17087
3753;ADAME MARTINEZ;FRANCISCO DAVID;http://alojawebapps.us.es/centrosdptos/pdi/pdi.php?pdi=3753
6261;ADAME MARTINEZ;MIGUEL ANGEL;http://alojawebapps.us.es/centrosdptos/pdi/pdi.php?pdi=6261
4845;AGER VAZQUEZ;FRANCISCO JOSE;http://alojawebapps.us.es/centrosdptos/pdi/pdi.php?pdi=4845
16909;AGOTE GARRIDO;ALEJANDRO;http://alojawebapps.us.es/centrosdptos/pdi/pdi.php?pdi=16909
5127;AGUADO CORREA;MARIA TERESA;http://alojawebapps.us.es/centrosdptos/pdi/pdi.php?pdi=5127
18480;AGUADO PUIG;ALFONSO;http://alojawebapps.us.es/centrosdptos/pdi/pdi.php?pdi=18480
4256;AGUAYO CAMACHO;MARIANO DEMETRIO;http://alojawebapps.us.es/centrosdptos/pdi/pdi.php?pdi=4256
14801;AGUAYO HIDALGO;FATIMA;http://alojawebapps.us.es/centrosdptos/pdi/pdi.php?pdi=14801
4251;AGUDO MARTINEZ;MARIA JOSEFA;http://alojawebapps.us.es/centrosdptos/pdi/pdi.php?pdi=4251
3549;AGUDO TORRICO;JUAN;http://alojawebapps.us.es/centrosdptos/pdi/pdi.php?pdi=3549
3747;AGUILAR ALBA;MONICA;http://alojawebapps.us.es/centrosdptos/pdi/pdi.php?pdi=3747
8221;AGUILAR ALEJANDRE;MARIA;http://alojawebapps.us.es/centrosdptos/pdi/pdi.php?pdi=8221
17676;AGUILAR BARRIGA;MARÍA DEL PILAR;http://alojawebapps.us.es/centrosdptos/pdi/pdi.php?pdi=17676
18125;AGUILAR BENITEZ;DESIREE;http://alojawebapps.us.es/centrosdptos/pdi/pdi.php?pdi=18125
6840;AGUILAR CAMACHO;JOAQUIN MARIA;http://alojawebapps.us.es/centrosdptos/pdi/pdi.php?pdi=6840
8547;AGUILAR DE LEYVA;MERCEDES ANGELA;http://alojawebapps.us.es/centrosdptos/pdi/pdi.php?pdi=8547
6262;AGUILAR DEL CASTILLO;MARIA DEL CARMEN;http://alojawebapps.us.es/centrosdptos/pdi/pdi.php?pdi=6262
7209;AGUILAR DIAZ;JESUS;http://alojawebapps.us.es/centrosdptos/pdi/pdi.php?pdi=7209
4100;AGUILAR ESCOBAR;LUIS;http://alojawebapps.us.es/centrosdptos/pdi/pdi.php?pdi=4100
10965;AGUILAR ESCOBAR;VICTOR GREGORIO;http://alojawebapps.us.es/centrosdptos/pdi/pdi.php?pdi=10965
2675;AGUILAR GALEA;JOSE ANTONIO;http://alojawebapps.us.es/centrosdptos/pdi/pdi.php?pdi=2675
9653;AGUILAR GARCIA;JOSE MANUEL;http://alojawebapps.us.es/centrosdptos/pdi/pdi.php?pdi=9653
11854;AGUILAR GIL;MARTA;http://alojawebapps.us.es/centrosdptos/pdi/pdi.php?pdi=11854
2525;AGUILAR GUTIERREZ;ALFREDO;http://alojawebapps.us.es/centrosdptos/pdi/pdi.php?pdi=2525
12311;AGUILAR MORANTE;DIANA;http://alojawebapps.us.es/centrosdptos/pdi/pdi.php?pdi=12311
17586;AGUILAR MORENO;JUAN ANTONIO;http://alojawebapps.us.es/centrosdptos/pdi/pdi.php?pdi=17586
17836;AGUILAR PLANET;MARÍA TERESA;http://alojawebapps.us.es/centrosdptos/pdi/pdi.php?pdi=17836
10368;AGUILAR VALSECA;JAIME;http://alojawebapps.us.es/centrosdptos/pdi/pdi.php?pdi=10368
3750;AGUILERA JIMENEZ;ANTONIO;http://alojawebapps.us.es/centrosdptos/pdi/pdi.php?pdi=3750
5720;AGUILERA LOPEZ;ANDRES;http://alojawebapps.us.es/centrosdptos/pdi/pdi.php?pdi=5720
8376;AGUILERA ROMERO;MARIA AUXILIADORA;http://alojawebapps.us.es/centrosdptos/pdi/pdi.php?pdi=8376
16556;AGUILERA TORRES;ANA BELEN;http://alojawebapps.us.es/centrosdptos/pdi/pdi.php?pdi=16556
3749;AGUILERA VENEGAS;JOSE;http://alojawebapps.us.es/centrosdptos/pdi/pdi.php?pdi=3749
18249;AGUIRRE MONTERO;ALEXANDER;http://alojawebapps.us.es/centrosdptos/pdi/pdi.php?pdi=18249
15858;AGUSTI PEREZ;MARIA DE LAS AGUAS;http://alojawebapps.us.es/centrosdptos/pdi/pdi.php?pdi=15858
4362;AIRES GONZALEZ;MARIA DEL MAR;http://alojawebapps.us.es/centrosdptos/pdi/pdi.php?pdi=4362
5021;ALADRO PRIETO;JOSE MANUEL;http://alojawebapps.us.es/centrosdptos/pdi/pdi.php?pdi=5021
4254;ALAMO CANTARERO;TEODORO RAFAEL;http://alojawebapps.us.es/centrosdptos/pdi/pdi.php?pdi=4254
10567;ALAMO MARTINEZ;JOSE MARIA;http://alojawebapps.us.es/centrosdptos/pdi/pdi.php?pdi=10567
2514;ALARCON DE  LA LASTRA ROMERO;CATALINA;http://alojawebapps.us.es/centrosdptos/pdi/pdi.php?pdi=2514
9410;ALARCON GONZALEZ;LUISA;http://alojawebapps.us.es/centrosdptos/pdi/pdi.php?pdi=9410
2801;ALARIO LOPEZ;RICARDO;http://alojawebapps.us.es/centrosdptos/pdi/pdi.php?pdi=2801
13617;ALAVA CASADO;ENRIQUE DE;http://alojawebapps.us.es/centrosdptos/pdi/pdi.php?pdi=13617
9304;ALBA DORADO;JOSE ANTONIO;http://alojawebapps.us.es/centrosdptos/pdi/pdi.php?pdi=9304
6350;ALBA FERNANDEZ;NICOLAS DE;http://alojawebapps.us.es/centrosdptos/pdi/pdi.php?pdi=6350
8092;ALBA JIMENEZ;GONZALO;http://alojawebapps.us.es/centrosdptos/pdi/pdi.php?pdi=8092
10510;ALBA PEREZ-RENDON;CRISTINA;http://alojawebapps.us.es/centrosdptos/pdi/pdi.php?pdi=10510
10273;ALBA RODRIGUEZ;MARIA DESIRE;http://alojawebapps.us.es/centrosdptos/pdi/pdi.php?pdi=10273
17650;ALBARRACIN SANCHEZ;DANIEL;http://alojawebapps.us.es/centrosdptos/pdi/pdi.php?pdi=17650
15404;ALBARRAN GUTIERREZ;ALVARO;http://alojawebapps.us.es/centrosdptos/pdi/pdi.php?pdi=15404
2523;ALBARREAL NUÑEZ;MARIA JESUS;http://alojawebapps.us.es/centrosdptos/pdi/pdi.php?pdi=2523
7994;ALBEA SANCHEZ;CAROLINA;http://alojawebapps.us.es/centrosdptos/pdi/pdi.php?pdi=7994
14802;ALBERCA MANZANO;SAUL;http://alojawebapps.us.es/centrosdptos/pdi/pdi.php?pdi=14802
7870;ALBERDI CAUSSE;ENEDINA;http://alojawebapps.us.es/centrosdptos/pdi/pdi.php?pdi=7870
18470;ALBILLOS CASTILLO;OLGA;http://alojawebapps.us.es/centrosdptos/pdi/pdi.php?pdi=18470
3775;ALBORNOZ CABELLO;MANUEL;http://alojawebapps.us.es/centrosdptos/pdi/pdi.php?pdi=3775
13650;ALBORT MORANT;GEMA;http://alojawebapps.us.es/centrosdptos/pdi/pdi.php?pdi=13650
2676;ALCAIDE FERNANDEZ;JOAQUIN;http://alojawebapps.us.es/centrosdptos/pdi/pdi.php?pdi=2676
17096;ALCAIDE GAVILAN;MARIA;http://alojawebapps.us.es/centrosdptos/pdi/pdi.php?pdi=17096
3752;ALCAIDE LARA;ESPERANZA DEL ROCIO;http://alojawebapps.us.es/centrosdptos/pdi/pdi.php?pdi=3752
16137;ALCAIDE RUIZ;MARIA DOLORES;http://alojawebapps.us.es/centrosdptos/pdi/pdi.php?pdi=16137
6233;ALCALA GONZALEZ;MARIA DOLORES;http://alojawebapps.us.es/centrosdptos/pdi/pdi.php?pdi=6233
6263;ALCALDE ALDEA;MARIA JESUS;http://alojawebapps.us.es/centrosdptos/pdi/pdi.php?pdi=6263
16790;ALCANTARA RUBIO;LUCIA;http://alojawebapps.us.es/centrosdptos/pdi/pdi.php?pdi=16790
6348;ALCAZAR RUEDA;ANGELA;http://alojawebapps.us.es/centrosdptos/pdi/pdi.php?pdi=6348
13022;ALCAZAR RUEDA;ELENA;http://alojawebapps.us.es/centrosdptos/pdi/pdi.php?pdi=13022
8210;ALCIBAR CUELLO;JOSE MIGUEL;http://alojawebapps.us.es/centrosdptos/pdi/pdi.php?pdi=8210
14400;ALCOCER GOMEZ;ELISA ISABEL;http://alojawebapps.us.es/centrosdptos/pdi/pdi.php?pdi=14400
9057;ALCUDIA CRUZ;ANA;http://alojawebapps.us.es/centrosdptos/pdi/pdi.php?pdi=9057
3064;ALDUCIN OCHOA;JUAN MANUEL;http://alojawebapps.us.es/centrosdptos/pdi/pdi.php?pdi=3064
14926;ALEGRE HERRERA;SALVADOR;http://alojawebapps.us.es/centrosdptos/pdi/pdi.php?pdi=14926
16193;ALEGRE RUEDA;PABLO SEBASTIAN;http://alojawebapps.us.es/centrosdptos/pdi/pdi.php?pdi=16193
3746;ALEJANDRE SANCHEZ;FRANCISCO JAVIER;http://alojawebapps.us.es/centrosdptos/pdi/pdi.php?pdi=3746
11196;ALEJO TEISSIERE;DAVID;http://alojawebapps.us.es/centrosdptos/pdi/pdi.php?pdi=11196
6459;ALES GONZALEZ DE LA HIGUERA;EVA;http://alojawebapps.us.es/centrosdptos/pdi/pdi.php?pdi=6459
6256;ALFALLA LUQUE;RAFAELA;http://alojawebapps.us.es/centrosdptos/pdi/pdi.php?pdi=6256
5725;ALFARO DE PRADO SAGRERA;ANA M;http://alojawebapps.us.es/centrosdptos/pdi/pdi.php?pdi=5725
15070;ALFARO JUAREZ;ASUNCION MARIA;http://alojawebapps.us.es/centrosdptos/pdi/pdi.php?pdi=15070
6252;ALFARO RODRIGUEZ;MARIA DEL CARMEN;http://alojawebapps.us.es/centrosdptos/pdi/pdi.php?pdi=6252
18331;ALFONSO COSTILLO;ANTONIO;http://alojawebapps.us.es/centrosdptos/pdi/pdi.php?pdi=18331
12536;ALFONSO ROSA;ROSA MARIA;http://alojawebapps.us.es/centrosdptos/pdi/pdi.php?pdi=12536
5064;ALGABA DEL CASTILLO;JOSE;http://alojawebapps.us.es/centrosdptos/pdi/pdi.php?pdi=5064
5753;ALGABA DURAN;ENCARNACION;http://alojawebapps.us.es/centrosdptos/pdi/pdi.php?pdi=5753
6251;ALGARIN COMINO;MARIO JOSE;http://alojawebapps.us.es/centrosdptos/pdi/pdi.php?pdi=6251
12732;ALLANDE CUSSO;REGINA;http://alojawebapps.us.es/centrosdptos/pdi/pdi.php?pdi=12732
2825;ALLER GARCIA;CARLOS;http://alojawebapps.us.es/centrosdptos/pdi/pdi.php?pdi=2825
15867;ALMAGRO BLANCO;PEDRO;http://alojawebapps.us.es/centrosdptos/pdi/pdi.php?pdi=15867
16271;ALMAGRO CASTRO;DAVID;http://alojawebapps.us.es/centrosdptos/pdi/pdi.php?pdi=16271
17891;ALMEDA MARTINEZ;NEREA MARIA;http://alojawebapps.us.es/centrosdptos/pdi/pdi.php?pdi=17891
17943;ALMELA PUERTO;MARIA ELVIRA;http://alojawebapps.us.es/centrosdptos/pdi/pdi.php?pdi=17943
15203;ALMODOVAR ANAYA;RAQUEL;http://alojawebapps.us.es/centrosdptos/pdi/pdi.php?pdi=15203
2749;ALMODOVAR MELENDO;JOSE MANUEL;http://alojawebapps.us.es/centrosdptos/pdi/pdi.php?pdi=2749
15593;ALMUEDO PAZ;ANTONIO MANUEL;http://alojawebapps.us.es/centrosdptos/pdi/pdi.php?pdi=15593
5514;ALONSO ALVAREZ;ESTEBAN;http://alojawebapps.us.es/centrosdptos/pdi/pdi.php?pdi=5514
12296;ALONSO CARRILLO;ALICIA;http://alojawebapps.us.es/centrosdptos/pdi/pdi.php?pdi=12296
7913;ALONSO FARIÑAS;BERNABE;http://alojawebapps.us.es/centrosdptos/pdi/pdi.php?pdi=7913
9136;ALONSO GONZALEZ;MARIA DE LOS ANGELES;http://alojawebapps.us.es/centrosdptos/pdi/pdi.php?pdi=9136
17818;ALONSO PEREZ;JAVIER FLORENCIO;http://alojawebapps.us.es/centrosdptos/pdi/pdi.php?pdi=17818
4741;ALONSO RODRIGUEZ;MIGUEL ANGEL;http://alojawebapps.us.es/centrosdptos/pdi/pdi.php?pdi=4741
18059;ALTEZ ORTEGA;ROGELIO;http://alojawebapps.us.es/centrosdptos/pdi/pdi.php?pdi=18059
3742;ALTUNA ISASMENDI;MIGUEL ANGEL;http://alojawebapps.us.es/centrosdptos/pdi/pdi.php?pdi=3742
8040;ALVARADO ALDEA;IGNACIO;http://alojawebapps.us.es/centrosdptos/pdi/pdi.php?pdi=8040
9651;ALVAREZ ARROYO;CESAR;http://alojawebapps.us.es/centrosdptos/pdi/pdi.php?pdi=9651
13296;ALVAREZ BARBOSA;FRANCISCO;http://alojawebapps.us.es/centrosdptos/pdi/pdi.php?pdi=13296
2748;ALVAREZ CALERO;ALBERTO;http://alojawebapps.us.es/centrosdptos/pdi/pdi.php?pdi=2748
9546;ALVAREZ CANSINO;LEONOR;http://alojawebapps.us.es/centrosdptos/pdi/pdi.php?pdi=9546
4099;ALVAREZ CRUZ;JOAQUIN MANUEL;http://alojawebapps.us.es/centrosdptos/pdi/pdi.php?pdi=4099
5015;ALVAREZ DE SOTOMAYOR PAZ;MARIA;http://alojawebapps.us.es/centrosdptos/pdi/pdi.php?pdi=5015
3062;ALVAREZ DE TOLEDO NARANJO;GUILLERMO;http://alojawebapps.us.es/centrosdptos/pdi/pdi.php?pdi=3062
7224;ALVAREZ DOMINGUEZ;PABLO;http://alojawebapps.us.es/centrosdptos/pdi/pdi.php?pdi=7224
5719;ALVAREZ DOMINGUEZ;SERVANDO;http://alojawebapps.us.es/centrosdptos/pdi/pdi.php?pdi=5719
15922;ALVAREZ ESPADA;JUAN MANUEL;http://alojawebapps.us.es/centrosdptos/pdi/pdi.php?pdi=15922
4351;ALVAREZ FUENTES;JOSEFA;http://alojawebapps.us.es/centrosdptos/pdi/pdi.php?pdi=4351
4268;ALVAREZ GARCIA;JUAN ANTONIO;http://alojawebapps.us.es/centrosdptos/pdi/pdi.php?pdi=4268
10477;ALVAREZ GIL;NORBERTO;http://alojawebapps.us.es/centrosdptos/pdi/pdi.php?pdi=10477
2275;ALVAREZ JIMENEZ;JESUS;http://alojawebapps.us.es/centrosdptos/pdi/pdi.php?pdi=2275
12297;ALVAREZ MALMAGRO;JULIA;http://alojawebapps.us.es/centrosdptos/pdi/pdi.php?pdi=12297
3231;ALVAREZ MATEOS;M PALOMA;http://alojawebapps.us.es/centrosdptos/pdi/pdi.php?pdi=3231
11871;ALVAREZ MELERO;ANTHONY;http://alojawebapps.us.es/centrosdptos/pdi/pdi.php?pdi=11871
13894;ALVAREZ MOLINA;RAFAEL;http://alojawebapps.us.es/centrosdptos/pdi/pdi.php?pdi=13894
3743;ALVAREZ MORALES;MARIA ROSARIO;http://alojawebapps.us.es/centrosdptos/pdi/pdi.php?pdi=3743
3058;ALVAREZ NODARSE;RENATO;http://alojawebapps.us.es/centrosdptos/pdi/pdi.php?pdi=3058
8046;ALVAREZ ORTEGA;MIGUEL;http://alojawebapps.us.es/centrosdptos/pdi/pdi.php?pdi=8046
13401;ALVAREZ PEREA;FRANCISCO JAVIER;http://alojawebapps.us.es/centrosdptos/pdi/pdi.php?pdi=13401
9163;ALVAREZ PEREZ;ROSA;http://alojawebapps.us.es/centrosdptos/pdi/pdi.php?pdi=9163
2249;ALVAREZ RECIO;LETICIA ELENA;http://alojawebapps.us.es/centrosdptos/pdi/pdi.php?pdi=2249
5715;ALVAREZ REY;LEANDRO;http://alojawebapps.us.es/centrosdptos/pdi/pdi.php?pdi=5715
3321;ALVAREZ SOLANO;VICTOR;http://alojawebapps.us.es/centrosdptos/pdi/pdi.php?pdi=3321
10181;ALVAREZ-OSSORIO MICHEO;FERNANDO;http://alojawebapps.us.es/centrosdptos/pdi/pdi.php?pdi=10181
8036;ALVAREZ-OSSORIO RIVAS;ALFONSO;http://alojawebapps.us.es/centrosdptos/pdi/pdi.php?pdi=8036
11110;ALVEA ROJAS;ROSA;http://alojawebapps.us.es/centrosdptos/pdi/pdi.php?pdi=11110
11941;AMARAL PIUBELI;FRANCINE;http://alojawebapps.us.es/centrosdptos/pdi/pdi.php?pdi=11941
11319;AMARO MELLADO;JOSE LAZARO;http://alojawebapps.us.es/centrosdptos/pdi/pdi.php?pdi=11319
6248;AMAYA RODRIGUEZ;CLAUDIO ANTONIO;http://alojawebapps.us.es/centrosdptos/pdi/pdi.php?pdi=6248
3561;AMBROSIANI FERNANDEZ;JESUS;http://alojawebapps.us.es/centrosdptos/pdi/pdi.php?pdi=3561
5041;AMORES CARREDANO;JOSE GABRIEL DE;http://alojawebapps.us.es/centrosdptos/pdi/pdi.php?pdi=5041
5706;AMPLIATO BRIONES;ANTONIO LUIS;http://alojawebapps.us.es/centrosdptos/pdi/pdi.php?pdi=5706
13604;AMPUERO HERROJO;JAVIER;http://alojawebapps.us.es/centrosdptos/pdi/pdi.php?pdi=13604
12750;ANAYA MARTIN;MIGUEL;http://alojawebapps.us.es/centrosdptos/pdi/pdi.php?pdi=12750
10857;ANDRADE PINEDA;JOSE LUIS;http://alojawebapps.us.es/centrosdptos/pdi/pdi.php?pdi=10857
15637;ANDRADES NAVARRO;AGUSTIN;http://alojawebapps.us.es/centrosdptos/pdi/pdi.php?pdi=15637
4739;ANDRES CAMACHO;MARIA CRISTINA;http://alojawebapps.us.es/centrosdptos/pdi/pdi.php?pdi=4739
3282;ANDRES MARTIN;ANSELMO DE;http://alojawebapps.us.es/centrosdptos/pdi/pdi.php?pdi=3282
2520;ANDRES MARTIN;MARIA VICTORIA;http://alojawebapps.us.es/centrosdptos/pdi/pdi.php?pdi=2520
4086;ANDRES ZAMBRANA;LUIS;http://alojawebapps.us.es/centrosdptos/pdi/pdi.php?pdi=4086
3056;ANDREU LARA;CARMEN;http://alojawebapps.us.es/centrosdptos/pdi/pdi.php?pdi=3056
14690;ANDUJAR LLOSA;ANDREA;http://alojawebapps.us.es/centrosdptos/pdi/pdi.php?pdi=14690
15246;ANDUJAR RODRIGUEZ;LUCIA;http://alojawebapps.us.es/centrosdptos/pdi/pdi.php?pdi=15246
18497;ANGOSTO SANCHEZ;SALVADOR;http://alojawebapps.us.es/centrosdptos/pdi/pdi.php?pdi=18497
9006;ANGUIANO MORENO;MARIA;http://alojawebapps.us.es/centrosdptos/pdi/pdi.php?pdi=9006
18323;ANGUIANO SANTOS;CARLOS;http://alojawebapps.us.es/centrosdptos/pdi/pdi.php?pdi=18323
2734;ANGUIS CLIMENT;DIEGO;http://alojawebapps.us.es/centrosdptos/pdi/pdi.php?pdi=2734
8261;ANGULO FORNOS;ROQUE;http://alojawebapps.us.es/centrosdptos/pdi/pdi.php?pdi=8261
16513;ANGULO GUTIERREZ;JORGE;http://alojawebapps.us.es/centrosdptos/pdi/pdi.php?pdi=16513
11408;ANNESE;VALENTINA;http://alojawebapps.us.es/centrosdptos/pdi/pdi.php?pdi=11408
3740;AÑON ABAJAS;ROSA M;http://alojawebapps.us.es/centrosdptos/pdi/pdi.php?pdi=3740
3560;ANTEQUERA JURADO;ROSARIO;http://alojawebapps.us.es/centrosdptos/pdi/pdi.php?pdi=3560
6246;ANTIÑOLO GIL;GUILLERMO;http://alojawebapps.us.es/centrosdptos/pdi/pdi.php?pdi=6246
8519;ANTOLIN SUAREZ;LUCIA;http://alojawebapps.us.es/centrosdptos/pdi/pdi.php?pdi=8519
3229;APARICIO FERNANDEZ;PATRICIA;http://alojawebapps.us.es/centrosdptos/pdi/pdi.php?pdi=3229
3783;APARICIO GOMEZ;IRENE;http://alojawebapps.us.es/centrosdptos/pdi/pdi.php?pdi=3783
4085;APARICIO MARTINEZ;ABELARDO E;http://alojawebapps.us.es/centrosdptos/pdi/pdi.php?pdi=4085
10361;APARICIO RUIZ;PABLO;http://alojawebapps.us.es/centrosdptos/pdi/pdi.php?pdi=10361
12312;APARICIO RUIZ;RAMON;http://alojawebapps.us.es/centrosdptos/pdi/pdi.php?pdi=12312
17848;APRILE;GUILLERMO ALBERTO;http://alojawebapps.us.es/centrosdptos/pdi/pdi.php?pdi=17848
4292;ARACIL FERNANDEZ;CARMEN;http://alojawebapps.us.es/centrosdptos/pdi/pdi.php?pdi=4292
14879;ARAJI TILIANI;OMAR AHMAD;http://alojawebapps.us.es/centrosdptos/pdi/pdi.php?pdi=14879
15438;ARAMBURU MONCADA;LUISA GRACIELA;http://alojawebapps.us.es/centrosdptos/pdi/pdi.php?pdi=15438
16228;ARANDA BOLIVAR;YOLANDA;http://alojawebapps.us.es/centrosdptos/pdi/pdi.php?pdi=16228
18380;ARANDA LOUVIER;ROSA MARIA;http://alojawebapps.us.es/centrosdptos/pdi/pdi.php?pdi=18380
13073;ARANDA MERINO;NOEMI;http://alojawebapps.us.es/centrosdptos/pdi/pdi.php?pdi=13073
16342;ARANDA PEREZ;NICOLAS;http://alojawebapps.us.es/centrosdptos/pdi/pdi.php?pdi=16342
14504;ARANDA ROMERO;MARIA TERESA;http://alojawebapps.us.es/centrosdptos/pdi/pdi.php?pdi=14504
18126;ARAUJO BLESA;MARTA;http://alojawebapps.us.es/centrosdptos/pdi/pdi.php?pdi=18126
17637;ARAUJO DE SOUZA;DIEGO;http://alojawebapps.us.es/centrosdptos/pdi/pdi.php?pdi=17637
3833;ARCO MARTINEZ;EVA;http://alojawebapps.us.es/centrosdptos/pdi/pdi.php?pdi=3833
3738;ARCOS VARGAS;ANGEL;http://alojawebapps.us.es/centrosdptos/pdi/pdi.php?pdi=3738
2519;ARCOS VARGAS;MARIA CRUZ;http://alojawebapps.us.es/centrosdptos/pdi/pdi.php?pdi=2519
15505;AREAL QUECUTY;VICTORIA;http://alojawebapps.us.es/centrosdptos/pdi/pdi.php?pdi=15505
15195;ARENAL LORA;MARIA LIBIA;http://alojawebapps.us.es/centrosdptos/pdi/pdi.php?pdi=15195
4944;ARENAS GAITAN;JORGE;http://alojawebapps.us.es/centrosdptos/pdi/pdi.php?pdi=4944
16965;ARENAS GONZALEZ;MARCELA;http://alojawebapps.us.es/centrosdptos/pdi/pdi.php?pdi=16965
11662;ARENAS MOLINA;MARIA TERESA;http://alojawebapps.us.es/centrosdptos/pdi/pdi.php?pdi=11662
15759;ARENAS MOLINA;MARINA;http://alojawebapps.us.es/centrosdptos/pdi/pdi.php?pdi=15759
8798;ARENAS MORENO;ALICIA;http://alojawebapps.us.es/centrosdptos/pdi/pdi.php?pdi=8798
2516;ARETA MARIGO;GEMA;http://alojawebapps.us.es/centrosdptos/pdi/pdi.php?pdi=2516
4081;AREVALO MALDONADO;CARLOS;http://alojawebapps.us.es/centrosdptos/pdi/pdi.php?pdi=4081
8682;AREVALO MORA;CRISTINA MARIA;http://alojawebapps.us.es/centrosdptos/pdi/pdi.php?pdi=8682
6244;AREVALO RODRIGUEZ;FEDERICO M;http://alojawebapps.us.es/centrosdptos/pdi/pdi.php?pdi=6244
10163;ARGANDOÑA BERTRAN;MONTSERRAT;http://alojawebapps.us.es/centrosdptos/pdi/pdi.php?pdi=10163
11302;ARGUELLES ARIAS;FEDERICO;http://alojawebapps.us.es/centrosdptos/pdi/pdi.php?pdi=11302
10919;ARGUELLES CASTILLA;SANDRO RAMON;http://alojawebapps.us.es/centrosdptos/pdi/pdi.php?pdi=10919
18102;ARIAS ABELAIRA;TRIANA;http://alojawebapps.us.es/centrosdptos/pdi/pdi.php?pdi=18102
2672;ARIAS BLANCO;MARIA JOSE;http://alojawebapps.us.es/centrosdptos/pdi/pdi.php?pdi=2672
3777;ARIAS DE REYNA DOMINGUEZ;EVA MARIA;http://alojawebapps.us.es/centrosdptos/pdi/pdi.php?pdi=3777
13320;ARIAS DE REYNA DOMINGUEZ;SARA;http://alojawebapps.us.es/centrosdptos/pdi/pdi.php?pdi=13320
3226;ARIAS HOLGADO;M FRANCISCA;http://alojawebapps.us.es/centrosdptos/pdi/pdi.php?pdi=3226
4580;ARIAS MARTIN;CARLOS;http://alojawebapps.us.es/centrosdptos/pdi/pdi.php?pdi=4580
11292;ARIAS SANCHEZ;SAMUEL;http://alojawebapps.us.es/centrosdptos/pdi/pdi.php?pdi=11292
3363;ARIAS SIERRA;PABLO;http://alojawebapps.us.es/centrosdptos/pdi/pdi.php?pdi=3363
6239;ARISTA PALMERO;MONTSERRAT;http://alojawebapps.us.es/centrosdptos/pdi/pdi.php?pdi=6239
3225;ARIZA GOMEZ;MARIA TERESA;http://alojawebapps.us.es/centrosdptos/pdi/pdi.php?pdi=3225
4333;ARIZA LOPEZ;IÑIGO ANTONIO;http://alojawebapps.us.es/centrosdptos/pdi/pdi.php?pdi=4333
4318;ARIZA MORENO;MARIA DEL PILAR;http://alojawebapps.us.es/centrosdptos/pdi/pdi.php?pdi=4318
4927;ARJONA ANTOLIN;RICARDO;http://alojawebapps.us.es/centrosdptos/pdi/pdi.php?pdi=4927
3736;ARJONA GUAJARDO-FAJARDO;JOSE LUIS;http://alojawebapps.us.es/centrosdptos/pdi/pdi.php?pdi=3736
17781;ARJONA HERNANDEZ;NOELIA;http://alojawebapps.us.es/centrosdptos/pdi/pdi.php?pdi=17781
10391;ARJONA LOPEZ;MARIA ROSARIO;http://alojawebapps.us.es/centrosdptos/pdi/pdi.php?pdi=10391
2239;ARJONILLA ALVAREZ;MARIA;http://alojawebapps.us.es/centrosdptos/pdi/pdi.php?pdi=2239
3735;ARMARIO SAMPALO;JOSE ANDRES;http://alojawebapps.us.es/centrosdptos/pdi/pdi.php?pdi=3735
15247;ARMAS CASTILLA;NOEL JESUS;http://alojawebapps.us.es/centrosdptos/pdi/pdi.php?pdi=15247
4912;ARNAIZ FRANCO;MARIA DEL CARMEN;http://alojawebapps.us.es/centrosdptos/pdi/pdi.php?pdi=4912
13179;ARNEDILLO SANCHEZ;MARIA DEL SOCORRO;http://alojawebapps.us.es/centrosdptos/pdi/pdi.php?pdi=13179
10439;AROCA AGUILAR;ANGELES;http://alojawebapps.us.es/centrosdptos/pdi/pdi.php?pdi=10439
6230;ARQUERO MONTAÑO;JOSE LUIS;http://alojawebapps.us.es/centrosdptos/pdi/pdi.php?pdi=6230
4915;ARQUILLO AVILES;DAVID;http://alojawebapps.us.es/centrosdptos/pdi/pdi.php?pdi=4915
2297;ARREBOLA BURGOS;JOSE RAMON;http://alojawebapps.us.es/centrosdptos/pdi/pdi.php?pdi=2297
11047;ARREBOLA PARRAS;SIMON;http://alojawebapps.us.es/centrosdptos/pdi/pdi.php?pdi=11047
11636;ARREGUI PRADAS;ROCIO;http://alojawebapps.us.es/centrosdptos/pdi/pdi.php?pdi=11636
3551;ARRIAGA FLOREZ;MERCEDES;http://alojawebapps.us.es/centrosdptos/pdi/pdi.php?pdi=3551
18156;ARRIAZA RINCON;MANUEL;http://alojawebapps.us.es/centrosdptos/pdi/pdi.php?pdi=18156
5702;ARRIOLA HERNANDEZ;ROSARIO;http://alojawebapps.us.es/centrosdptos/pdi/pdi.php?pdi=5702
10387;ARROYO CRUZ;GEMA;http://alojawebapps.us.es/centrosdptos/pdi/pdi.php?pdi=10387
4080;ARROYO MARIN;JUAN;http://alojawebapps.us.es/centrosdptos/pdi/pdi.php?pdi=4080
4849;ARROYO TORRALVO;FATIMA;http://alojawebapps.us.es/centrosdptos/pdi/pdi.php?pdi=4849
3053;ARRUE ULLES;BEGOÑA CHIQUINQUIRA;http://alojawebapps.us.es/centrosdptos/pdi/pdi.php?pdi=3053
16741;ARTEAGA SANCHEZ;ROCIO;http://alojawebapps.us.es/centrosdptos/pdi/pdi.php?pdi=16741
17048;ARTERO LOPEZ;JESUS MANUEL;http://alojawebapps.us.es/centrosdptos/pdi/pdi.php?pdi=17048
18451;ARTILLO REMBADO;REYES;http://alojawebapps.us.es/centrosdptos/pdi/pdi.php?pdi=18451
13533;ASHLEY;THOMAS IAN;http://alojawebapps.us.es/centrosdptos/pdi/pdi.php?pdi=13533
6234;ASIAN CHAVES;ROSARIO;http://alojawebapps.us.es/centrosdptos/pdi/pdi.php?pdi=6234
6235;ASIAN GONZALEZ;EUGENIA;http://alojawebapps.us.es/centrosdptos/pdi/pdi.php?pdi=6235
8826;ASQUERINO LAMPARERO;MARIA JOSE;http://alojawebapps.us.es/centrosdptos/pdi/pdi.php?pdi=8826
13847;ASTACIO LOPEZ;RAQUEL;http://alojawebapps.us.es/centrosdptos/pdi/pdi.php?pdi=13847
4247;ASTORGA MORANO;RICARDO;http://alojawebapps.us.es/centrosdptos/pdi/pdi.php?pdi=4247
17009;ATANASIO GUISADO;ALBERTO;http://alojawebapps.us.es/centrosdptos/pdi/pdi.php?pdi=17009
6240;ATIENZA MARTINEZ;MARIA NIEVES;http://alojawebapps.us.es/centrosdptos/pdi/pdi.php?pdi=6240
3737;ATIENZA MONTERO;PEDRO;http://alojawebapps.us.es/centrosdptos/pdi/pdi.php?pdi=3737
4070;AVALOS CORDERO;FRANCISCO JAVIER;http://alojawebapps.us.es/centrosdptos/pdi/pdi.php?pdi=4070
9632;AVARGUES NAVARRO;MARIA LUISA;http://alojawebapps.us.es/centrosdptos/pdi/pdi.php?pdi=9632
5682;AVEDILLO DE JUAN;MARIA JOSE;http://alojawebapps.us.es/centrosdptos/pdi/pdi.php?pdi=5682
12129;AVILA GUTIERREZ;MARIA JESUS;http://alojawebapps.us.es/centrosdptos/pdi/pdi.php?pdi=12129
11021;AVILA ROMAN;FRANCISCO JAVIER;http://alojawebapps.us.es/centrosdptos/pdi/pdi.php?pdi=11021
12921;AVILES BLANCO;MARIA VICTORIA;http://alojawebapps.us.es/centrosdptos/pdi/pdi.php?pdi=12921
5674;AVILES GUERRERO;MANUEL;http://alojawebapps.us.es/centrosdptos/pdi/pdi.php?pdi=5674
6237;AVILLA HERNANDEZ;CARLOS;http://alojawebapps.us.es/centrosdptos/pdi/pdi.php?pdi=6237
9441;AYALA ESPINAR;REGLA;http://alojawebapps.us.es/centrosdptos/pdi/pdi.php?pdi=9441
5678;AYALA GOMEZ;ANTONIO;http://alojawebapps.us.es/centrosdptos/pdi/pdi.php?pdi=5678
13123;AYALA HERNANDEZ;DANIEL;http://alojawebapps.us.es/centrosdptos/pdi/pdi.php?pdi=13123
12502;AYERBE TOLEDANO;JOSE MARIA;http://alojawebapps.us.es/centrosdptos/pdi/pdi.php?pdi=12502
10068;AYLLON GUEROLA;JUAN MANUEL;http://alojawebapps.us.es/centrosdptos/pdi/pdi.php?pdi=10068
18140;AYUSO FERNANDEZ;MARIA ANTONIA;http://alojawebapps.us.es/centrosdptos/pdi/pdi.php?pdi=18140
17047;AYUSO MARTINEZ;ALVARO;http://alojawebapps.us.es/centrosdptos/pdi/pdi.php?pdi=17047
3224;AZAÑA GARCIA;AURELIO LUIS;http://alojawebapps.us.es/centrosdptos/pdi/pdi.php?pdi=3224
18507;AZOR OLIVER;ANA GLORIA;http://alojawebapps.us.es/centrosdptos/pdi/pdi.php?pdi=18507
16792;BABI RUIZ;FERNANDO;http://alojawebapps.us.es/centrosdptos/pdi/pdi.php?pdi=16792
5070;BABIANO ALVAREZ DE LOS CORRALES;JOSE CARLOS;http://alojawebapps.us.es/centrosdptos/pdi/pdi.php?pdi=5070
12653;BACA BOCANEGRA;BERTA;http://alojawebapps.us.es/centrosdptos/pdi/pdi.php?pdi=12653
13673;BACHERO MENA;BEATRIZ ISABEL;http://alojawebapps.us.es/centrosdptos/pdi/pdi.php?pdi=13673
3330;BACHILLER SOLER;ALFONSO;http://alojawebapps.us.es/centrosdptos/pdi/pdi.php?pdi=3330
13190;BADANTA ROMERO;BARBARA;http://alojawebapps.us.es/centrosdptos/pdi/pdi.php?pdi=13190
4563;BAENA BAENA;PEDRO JESUS;http://alojawebapps.us.es/centrosdptos/pdi/pdi.php?pdi=4563
4573;BAENA ESCUDERO;RAFAEL;http://alojawebapps.us.es/centrosdptos/pdi/pdi.php?pdi=4573
3362;BAENA LECUYER;VICENTE;http://alojawebapps.us.es/centrosdptos/pdi/pdi.php?pdi=3362
12807;BAENA LUNA;PEDRO;http://alojawebapps.us.es/centrosdptos/pdi/pdi.php?pdi=12807
14216;BAENA MORENO;FRANCISCO MANUEL;http://alojawebapps.us.es/centrosdptos/pdi/pdi.php?pdi=14216
5671;BAENA OLIVA;MARIA DEL CARMEN;http://alojawebapps.us.es/centrosdptos/pdi/pdi.php?pdi=5671
15032;BAENA SANCHEZ;CARMEN;http://alojawebapps.us.es/centrosdptos/pdi/pdi.php?pdi=15032
8504;BAENA SANCHEZ;FRANCISCO;http://alojawebapps.us.es/centrosdptos/pdi/pdi.php?pdi=8504
13601;BAENA UREÑA;FRANCISCO MANUEL;http://alojawebapps.us.es/centrosdptos/pdi/pdi.php?pdi=13601
15213;BAEZ GUNDIN;MARIA;http://alojawebapps.us.es/centrosdptos/pdi/pdi.php?pdi=15213
8856;BAEZA ALVAREZ;JUAN RAMON;http://alojawebapps.us.es/centrosdptos/pdi/pdi.php?pdi=8856
11161;BAJO BENITO;JOSE MARIANO;http://alojawebapps.us.es/centrosdptos/pdi/pdi.php?pdi=11161
16564;BAJO VELAZQUEZ;SONIA;http://alojawebapps.us.es/centrosdptos/pdi/pdi.php?pdi=16564
18236;BAKKALI AZLOU;HICHAM;http://alojawebapps.us.es/centrosdptos/pdi/pdi.php?pdi=18236
17002;BALADO MILLAN;LUCIA;http://alojawebapps.us.es/centrosdptos/pdi/pdi.php?pdi=17002
8447;BALAO ROBLES;FRANCISCO J;http://alojawebapps.us.es/centrosdptos/pdi/pdi.php?pdi=8447
13435;BALBIN MOLINA;JOSE ANTONIO;http://alojawebapps.us.es/centrosdptos/pdi/pdi.php?pdi=13435
9754;BALBONTIN ARENAS;JAVIER;http://alojawebapps.us.es/centrosdptos/pdi/pdi.php?pdi=9754
8473;BALBONTIN SORIA;ROBERTO;http://alojawebapps.us.es/centrosdptos/pdi/pdi.php?pdi=8473
15959;BALLESTEROS ALCAIN;IRENE;http://alojawebapps.us.es/centrosdptos/pdi/pdi.php?pdi=15959
8818;BALLESTEROS MOSCOSIO;MIGUEL ANGEL;http://alojawebapps.us.es/centrosdptos/pdi/pdi.php?pdi=8818
5752;BALLESTEROS PASTOR;LUIS;http://alojawebapps.us.es/centrosdptos/pdi/pdi.php?pdi=5752
15932;BALLESTEROS PERALTA;PABLO;http://alojawebapps.us.es/centrosdptos/pdi/pdi.php?pdi=15932
4785;BALLESTEROS REGAÑA;CRISTOBAL;http://alojawebapps.us.es/centrosdptos/pdi/pdi.php?pdi=4785
17944;BALLESTEROS SANCHEZ;ANTONIO;http://alojawebapps.us.es/centrosdptos/pdi/pdi.php?pdi=17944
5767;BALLESTEROS ZALDIVAR;JUAN EMILIO;http://alojawebapps.us.es/centrosdptos/pdi/pdi.php?pdi=5767
7924;BALTANAS ILLANES;JOSE PABLO;http://alojawebapps.us.es/centrosdptos/pdi/pdi.php?pdi=7924
8501;BARBA BRIOSO;CINTA;http://alojawebapps.us.es/centrosdptos/pdi/pdi.php?pdi=8501
10494;BARBA GARCIA;ANTONIO MANUEL;http://alojawebapps.us.es/centrosdptos/pdi/pdi.php?pdi=10494
8239;BARBA RODRIGUEZ;IRENE;http://alojawebapps.us.es/centrosdptos/pdi/pdi.php?pdi=8239
10134;BARBADILLA MARTIN;ELENA;http://alojawebapps.us.es/centrosdptos/pdi/pdi.php?pdi=10134
14378;BARBADO GONZALEZ;MARIA VICTORIA;http://alojawebapps.us.es/centrosdptos/pdi/pdi.php?pdi=14378
3497;BARBANCHO CONCEJERO;ANTONIO;http://alojawebapps.us.es/centrosdptos/pdi/pdi.php?pdi=3497
3259;BARBANCHO CONCEJERO;JULIO;http://alojawebapps.us.es/centrosdptos/pdi/pdi.php?pdi=3259
11929;BARBERO NAVARRO;IGNACIO;http://alojawebapps.us.es/centrosdptos/pdi/pdi.php?pdi=11929
13417;BARBERO RADIO;ANTONIO MANUEL;http://alojawebapps.us.es/centrosdptos/pdi/pdi.php?pdi=13417
10574;BARCENAS MORENO;GAEL;http://alojawebapps.us.es/centrosdptos/pdi/pdi.php?pdi=10574
17896;BARCENAS VILLEGAS;ANTONIO;http://alojawebapps.us.es/centrosdptos/pdi/pdi.php?pdi=17896
16981;BARCENAS VILLEGAS;DANIEL;http://alojawebapps.us.es/centrosdptos/pdi/pdi.php?pdi=16981
3039;BARCIA MORENO;MANUELA;http://alojawebapps.us.es/centrosdptos/pdi/pdi.php?pdi=3039
17043;BARCIA PIEDRAS;JOSE MARIA;http://alojawebapps.us.es/centrosdptos/pdi/pdi.php?pdi=17043
11763;BARES GOMEZ;CRISTINA;http://alojawebapps.us.es/centrosdptos/pdi/pdi.php?pdi=11763
3582;BARON CANO;JUAN LUIS;http://alojawebapps.us.es/centrosdptos/pdi/pdi.php?pdi=3582
10330;BARON ESQUIVIAS;GONZALO;http://alojawebapps.us.es/centrosdptos/pdi/pdi.php?pdi=10330
15832;BARON FRANCO;JUAN BOSCO;http://alojawebapps.us.es/centrosdptos/pdi/pdi.php?pdi=15832
9298;BARRA SOTO;MARIA JOSE;http://alojawebapps.us.es/centrosdptos/pdi/pdi.php?pdi=9298
18078;BARRAGAN LOPEZ;MERCEDES;http://alojawebapps.us.es/centrosdptos/pdi/pdi.php?pdi=18078
11727;BARRAGAN ROBLES;VICENTE;http://alojawebapps.us.es/centrosdptos/pdi/pdi.php?pdi=11727
12577;BARRAGAN ROMERO;ANA ISABEL;http://alojawebapps.us.es/centrosdptos/pdi/pdi.php?pdi=12577
10529;BARRAGAN SANCHEZ;RAQUEL;http://alojawebapps.us.es/centrosdptos/pdi/pdi.php?pdi=10529
9941;BARRAGAN VILLAREJO;MANUEL;http://alojawebapps.us.es/centrosdptos/pdi/pdi.php?pdi=9941
12981;BARRANCO ALVAREZ;DANIEL;http://alojawebapps.us.es/centrosdptos/pdi/pdi.php?pdi=12981
2503;BARRANCO CHAMORRO;INMACULADA;http://alojawebapps.us.es/centrosdptos/pdi/pdi.php?pdi=2503
4572;BARRANCO PAULANO;FRANCISCO;http://alojawebapps.us.es/centrosdptos/pdi/pdi.php?pdi=4572
18328;BARREDO IBAÑEZ;DANIEL;http://alojawebapps.us.es/centrosdptos/pdi/pdi.php?pdi=18328
2736;BARRENO GUTIERREZ;JULIO;http://alojawebapps.us.es/centrosdptos/pdi/pdi.php?pdi=2736
3299;BARRERA BARRERA;RAMON;http://alojawebapps.us.es/centrosdptos/pdi/pdi.php?pdi=3299
13366;BARRERA CAMPOS;LAURA;http://alojawebapps.us.es/centrosdptos/pdi/pdi.php?pdi=13366
16192;BARRERA FERNANDEZ;DANIEL;http://alojawebapps.us.es/centrosdptos/pdi/pdi.php?pdi=16192
13217;BARRERA LOPEZ;BEGOÑA;http://alojawebapps.us.es/centrosdptos/pdi/pdi.php?pdi=13217
12072;BARRERA LOZANO;MARGARITA INMACULADA;http://alojawebapps.us.es/centrosdptos/pdi/pdi.php?pdi=12072
9287;BARRERA MORA;JOSE MARIA;http://alojawebapps.us.es/centrosdptos/pdi/pdi.php?pdi=9287
3734;BARRERA PARDO;DARIO;http://alojawebapps.us.es/centrosdptos/pdi/pdi.php?pdi=3734
2247;BARRERA PARRILLA;BEATRIZ;http://alojawebapps.us.es/centrosdptos/pdi/pdi.php?pdi=2247
4570;BARRERA VERA;JOSE ANTONIO;http://alojawebapps.us.es/centrosdptos/pdi/pdi.php?pdi=4570
6229;BARRERO GARCIA;FEDERICO;http://alojawebapps.us.es/centrosdptos/pdi/pdi.php?pdi=6229
4325;BARRERO ORTEGA;ABRAHAM;http://alojawebapps.us.es/centrosdptos/pdi/pdi.php?pdi=4325
8839;BARRERO ORTEGA;PEDRO JOSE;http://alojawebapps.us.es/centrosdptos/pdi/pdi.php?pdi=8839
3042;BARRERO RODRIGUEZ;CONCEPCION;http://alojawebapps.us.es/centrosdptos/pdi/pdi.php?pdi=3042
5513;BARRERO RODRIGUEZ;ENRIQUE;http://alojawebapps.us.es/centrosdptos/pdi/pdi.php?pdi=5513
8197;BARRIENTOS BUENO;MONICA;http://alojawebapps.us.es/centrosdptos/pdi/pdi.php?pdi=8197
11026;BARRIENTOS RASTROJO;JOSE;http://alojawebapps.us.es/centrosdptos/pdi/pdi.php?pdi=11026
12900;BARRIENTOS TRIGO;SERGIO;http://alojawebapps.us.es/centrosdptos/pdi/pdi.php?pdi=12900
5675;BARRIGA BARROS;ANGEL;http://alojawebapps.us.es/centrosdptos/pdi/pdi.php?pdi=5675
15753;BARRIGA RIVERA;ALEJANDRO;http://alojawebapps.us.es/centrosdptos/pdi/pdi.php?pdi=15753
9445;BARRIONUEVO PEREZ;RAQUEL;http://alojawebapps.us.es/centrosdptos/pdi/pdi.php?pdi=9445
4574;BARRIOS CASARES;MANUEL;http://alojawebapps.us.es/centrosdptos/pdi/pdi.php?pdi=4574
3732;BARRIOS PADURA;ANGELA;http://alojawebapps.us.es/centrosdptos/pdi/pdi.php?pdi=3732
18447;BARRIOS QUINTA;ANA MARIA;http://alojawebapps.us.es/centrosdptos/pdi/pdi.php?pdi=18447
16379;BARRIOS QUINTA;CRISTO JESUS;http://alojawebapps.us.es/centrosdptos/pdi/pdi.php?pdi=16379
18103;BARROS MARTINS;LARA;http://alojawebapps.us.es/centrosdptos/pdi/pdi.php?pdi=18103
3846;BARROSO CARO;ALBERTO;http://alojawebapps.us.es/centrosdptos/pdi/pdi.php?pdi=3846
5679;BARROSO CASTRO;MARIA DEL CARMEN;http://alojawebapps.us.es/centrosdptos/pdi/pdi.php?pdi=5679
4918;BARROSO MARTIN;JUAN MANUEL;http://alojawebapps.us.es/centrosdptos/pdi/pdi.php?pdi=4918
2809;BARROSO OSUNA;JULIO MANUEL;http://alojawebapps.us.es/centrosdptos/pdi/pdi.php?pdi=2809
18287;BARROSO TRISTAN;JOSE MARIA;http://alojawebapps.us.es/centrosdptos/pdi/pdi.php?pdi=18287
10099;BARTOLOME MEDINA;ESTER;http://alojawebapps.us.es/centrosdptos/pdi/pdi.php?pdi=10099
11642;BARTOLOME RODRIGUEZ;MARIA ISABEL;http://alojawebapps.us.es/centrosdptos/pdi/pdi.php?pdi=11642
4735;BASALLOTE GALVAN;MANUELA;http://alojawebapps.us.es/centrosdptos/pdi/pdi.php?pdi=4735
15401;BASALLOTE MARIN;ANTONIO;http://alojawebapps.us.es/centrosdptos/pdi/pdi.php?pdi=15401
2668;BASAÑEZ AGARRADO;FEDERICO;http://alojawebapps.us.es/centrosdptos/pdi/pdi.php?pdi=2668
7206;BASCON DIAZ;MIGUEL JESUS;http://alojawebapps.us.es/centrosdptos/pdi/pdi.php?pdi=7206
13163;BASCON GALVAN;SARA;http://alojawebapps.us.es/centrosdptos/pdi/pdi.php?pdi=13163
3281;BASCONES DE LA CRUZ;GABRIEL;http://alojawebapps.us.es/centrosdptos/pdi/pdi.php?pdi=3281
11007;BASTANTE RECUERDA;MIGUEL ANGEL;http://alojawebapps.us.es/centrosdptos/pdi/pdi.php?pdi=11007
18375;BATANERO GERALDO;ADELA;http://alojawebapps.us.es/centrosdptos/pdi/pdi.php?pdi=18375
6227;BATURONE CASTILLO;MARIA ILUMINADA;http://alojawebapps.us.es/centrosdptos/pdi/pdi.php?pdi=6227
16567;BAUS DOMINGUEZ;MARIA;http://alojawebapps.us.es/centrosdptos/pdi/pdi.php?pdi=16567
18417;BAUTISTA BERNAL;IRENE;http://alojawebapps.us.es/centrosdptos/pdi/pdi.php?pdi=18417
3728;BAUTISTA DURAN;ANTONIO;http://alojawebapps.us.es/centrosdptos/pdi/pdi.php?pdi=3728
12368;BAUTISTA LLAMAS;MARIA JOSE;http://alojawebapps.us.es/centrosdptos/pdi/pdi.php?pdi=12368
2687;BAUZA CASTELLO;JUAN DIEGO;http://alojawebapps.us.es/centrosdptos/pdi/pdi.php?pdi=2687
14976;BAYON ALVAREZ;PATRICIA;http://alojawebapps.us.es/centrosdptos/pdi/pdi.php?pdi=14976
18455;BAZAN BAEZ;PATRICIA;http://alojawebapps.us.es/centrosdptos/pdi/pdi.php?pdi=18455
4065;BEATO MORENO;ANTONIO;http://alojawebapps.us.es/centrosdptos/pdi/pdi.php?pdi=4065
12837;BECERRA GONZALEZ;JUAN ANTONIO;http://alojawebapps.us.es/centrosdptos/pdi/pdi.php?pdi=12837
18080;BECERRA LUNA;JAVIER;http://alojawebapps.us.es/centrosdptos/pdi/pdi.php?pdi=18080
2695;BECERRA VILLANUEVA;JOSE ANTONIO;http://alojawebapps.us.es/centrosdptos/pdi/pdi.php?pdi=2695
18512;BEDOYA VALIENTE;ASUNCION;http://alojawebapps.us.es/centrosdptos/pdi/pdi.php?pdi=18512
12425;BEGINES AGUILAR;PALOMA;http://alojawebapps.us.es/centrosdptos/pdi/pdi.php?pdi=12425
5673;BEGINES BEGINES;FRANCISCO;http://alojawebapps.us.es/centrosdptos/pdi/pdi.php?pdi=5673
9930;BEGINES RUIZ;BELEN;http://alojawebapps.us.es/centrosdptos/pdi/pdi.php?pdi=9930
2681;BEJAR PRADO;LUIS MARIA;http://alojawebapps.us.es/centrosdptos/pdi/pdi.php?pdi=2681
11709;BEJARANO BELLA;JUAN FRANCISCO;http://alojawebapps.us.es/centrosdptos/pdi/pdi.php?pdi=11709
6219;BEJARANO BRAVO;MARIA DE SAN JUAN BOSCO;http://alojawebapps.us.es/centrosdptos/pdi/pdi.php?pdi=6219
15494;BEJARANO HERNANDO;IGNACIO;http://alojawebapps.us.es/centrosdptos/pdi/pdi.php?pdi=15494
14957;BEJARANO PALMA;JOSE ANTONIO;http://alojawebapps.us.es/centrosdptos/pdi/pdi.php?pdi=14957
8430;BEJARANO PELLICER;CLARA;http://alojawebapps.us.es/centrosdptos/pdi/pdi.php?pdi=8430
18353;BELHADJ BEN GOMEZ;CELIA;http://alojawebapps.us.es/centrosdptos/pdi/pdi.php?pdi=18353
4579;BELLIDO DIAZ;MANUEL JESUS;http://alojawebapps.us.es/centrosdptos/pdi/pdi.php?pdi=4579
15619;BELLIDO LUQUE;JUAN ANTONIO;http://alojawebapps.us.es/centrosdptos/pdi/pdi.php?pdi=15619
14253;BELLIDO MENGUAL;MANUEL;http://alojawebapps.us.es/centrosdptos/pdi/pdi.php?pdi=14253
13367;BELLIDO PEREZ;ELENA;http://alojawebapps.us.es/centrosdptos/pdi/pdi.php?pdi=13367
5683;BELLO LOPEZ;MIGUEL ANGEL;http://alojawebapps.us.es/centrosdptos/pdi/pdi.php?pdi=5683
16552;BELLOSO MARREC;CARMEN;http://alojawebapps.us.es/centrosdptos/pdi/pdi.php?pdi=16552
5684;BELLVER CEBREROS;CONSUELO;http://alojawebapps.us.es/centrosdptos/pdi/pdi.php?pdi=5684
11819;BELMONTE FERNANDEZ;DIEGO;http://alojawebapps.us.es/centrosdptos/pdi/pdi.php?pdi=11819
15086;BELMONTE POSTIGO;JOSÉ LUIS;http://alojawebapps.us.es/centrosdptos/pdi/pdi.php?pdi=15086
13528;BELTRAN CUSTODIO;ANA MARIA;http://alojawebapps.us.es/centrosdptos/pdi/pdi.php?pdi=13528
5685;BELTRAN FORTES;JOSE;http://alojawebapps.us.es/centrosdptos/pdi/pdi.php?pdi=5685
4963;BELTRAN GALA;JUAN FRANCISCO;http://alojawebapps.us.es/centrosdptos/pdi/pdi.php?pdi=4963
14948;BELTRAN ROMERO;LUIS MATIAS;http://alojawebapps.us.es/centrosdptos/pdi/pdi.php?pdi=14948
10473;BENAVENTE BERMUDO;GUSTAVO;http://alojawebapps.us.es/centrosdptos/pdi/pdi.php?pdi=10473
2237;BENAVIDES CUEVAS;DAVID FELIPE;http://alojawebapps.us.es/centrosdptos/pdi/pdi.php?pdi=2237
4239;BENGOA DIAZ;ALFONSO MARIA DE;http://alojawebapps.us.es/centrosdptos/pdi/pdi.php?pdi=4239
7194;BENGOECHEA RUIZ;CARLOS;http://alojawebapps.us.es/centrosdptos/pdi/pdi.php?pdi=7194
4276;BENHAMU BENHAMU;SALOMON;http://alojawebapps.us.es/centrosdptos/pdi/pdi.php?pdi=4276
15517;BENITEZ ALONSO;ELENA MARIA;http://alojawebapps.us.es/centrosdptos/pdi/pdi.php?pdi=15517
17117;BENITEZ BENITEZ;CARMEN;http://alojawebapps.us.es/centrosdptos/pdi/pdi.php?pdi=17117
9562;BENITEZ BODES;ROSA MARIA;http://alojawebapps.us.es/centrosdptos/pdi/pdi.php?pdi=9562
14199;BENITEZ BURRACO;ANTONIO;http://alojawebapps.us.es/centrosdptos/pdi/pdi.php?pdi=14199
2768;BENITEZ BURRACO;RAQUEL;http://alojawebapps.us.es/centrosdptos/pdi/pdi.php?pdi=2768
18460;BENITEZ CAMPOS;MARTA;http://alojawebapps.us.es/centrosdptos/pdi/pdi.php?pdi=18460
18128;BENITEZ FLORES;CARLOS;http://alojawebapps.us.es/centrosdptos/pdi/pdi.php?pdi=18128
9617;BENITEZ GONZALEZ;MIRYAM;http://alojawebapps.us.es/centrosdptos/pdi/pdi.php?pdi=9617
10212;BENITEZ GUERRERO;CARMEN;http://alojawebapps.us.es/centrosdptos/pdi/pdi.php?pdi=10212
2700;BENITEZ HERNANDEZ;MARIA DEL MAR;http://alojawebapps.us.es/centrosdptos/pdi/pdi.php?pdi=2700
4807;BENITEZ LUGO;MARIA LUISA;http://alojawebapps.us.es/centrosdptos/pdi/pdi.php?pdi=4807
10982;BENITEZ OLIVA;ANTONIO;http://alojawebapps.us.es/centrosdptos/pdi/pdi.php?pdi=10982
9747;BENITEZ TEMIÑO;BEATRIZ;http://alojawebapps.us.es/centrosdptos/pdi/pdi.php?pdi=9747
7060;BENITO HERNANDEZ;ELENA MARIA;http://alojawebapps.us.es/centrosdptos/pdi/pdi.php?pdi=7060
2214;BENJUMEA MONDEJAR;JAIME;http://alojawebapps.us.es/centrosdptos/pdi/pdi.php?pdi=2214
8975;BERBEGAL ZARAGOZA;VANESA;http://alojawebapps.us.es/centrosdptos/pdi/pdi.php?pdi=8975
6443;BERICAT ALASTUEY;EDUARDO;http://alojawebapps.us.es/centrosdptos/pdi/pdi.php?pdi=6443
7183;BERJANO PEREZ;REGINA;http://alojawebapps.us.es/centrosdptos/pdi/pdi.php?pdi=7183
3733;BERMUDEZ DE LA VEGA;JOSE ANTONIO;http://alojawebapps.us.es/centrosdptos/pdi/pdi.php?pdi=3733
12885;BERMUDEZ GUZMAN;MARIO;http://alojawebapps.us.es/centrosdptos/pdi/pdi.php?pdi=12885
12490;BERMUDEZ PULGARIN;BEATRIZ;http://alojawebapps.us.es/centrosdptos/pdi/pdi.php?pdi=12490
13322;BERMUDEZ TORRES;ANASTASIA MARIA;http://alojawebapps.us.es/centrosdptos/pdi/pdi.php?pdi=13322
2805;BERNABE CARO;MARIA REYES;http://alojawebapps.us.es/centrosdptos/pdi/pdi.php?pdi=2805
10601;BERNABEU WITTEL;MAXIMO;http://alojawebapps.us.es/centrosdptos/pdi/pdi.php?pdi=10601
7039;BERNAL BAYARD;JOAQUIN;http://alojawebapps.us.es/centrosdptos/pdi/pdi.php?pdi=7039
14290;BERNAL BELLIDO;CARMEN;http://alojawebapps.us.es/centrosdptos/pdi/pdi.php?pdi=14290
10079;BERNAL GARCIA;AINARA;http://alojawebapps.us.es/centrosdptos/pdi/pdi.php?pdi=10079
11630;BERNAL GARCIA;FRANCISCO;http://alojawebapps.us.es/centrosdptos/pdi/pdi.php?pdi=11630
10339;BERNAL GONZALEZ-VILLEGAS;JUAN;http://alojawebapps.us.es/centrosdptos/pdi/pdi.php?pdi=10339
5687;BERNAL GONZALEZ;LUIS;http://alojawebapps.us.es/centrosdptos/pdi/pdi.php?pdi=5687
3547;BERNAL GUERRERO;ANTONIO;http://alojawebapps.us.es/centrosdptos/pdi/pdi.php?pdi=3547
15518;BERNAL GUZMAN;PATRICIA;http://alojawebapps.us.es/centrosdptos/pdi/pdi.php?pdi=15518
9917;BERNAL MARTIN;MANUEL;http://alojawebapps.us.es/centrosdptos/pdi/pdi.php?pdi=9917
4374;BERNAL MENDEZ;JOAQUIN;http://alojawebapps.us.es/centrosdptos/pdi/pdi.php?pdi=4374
10143;BERNAL PEREZ;EVA;http://alojawebapps.us.es/centrosdptos/pdi/pdi.php?pdi=10143
3731;BERNAL PEREZ;MARIA DEL MAR;http://alojawebapps.us.es/centrosdptos/pdi/pdi.php?pdi=3731
15912;BERNAL UTRERA;CARLOS;http://alojawebapps.us.es/centrosdptos/pdi/pdi.php?pdi=15912
3845;BERNARDEZ JIMENEZ;BEATRIZ;http://alojawebapps.us.es/centrosdptos/pdi/pdi.php?pdi=3845
4245;BERNARDEZ JIMENEZ;CAROLINA;http://alojawebapps.us.es/centrosdptos/pdi/pdi.php?pdi=4245
10347;BERNET TOLEDANO;FRANCISCO JAVIER;http://alojawebapps.us.es/centrosdptos/pdi/pdi.php?pdi=10347
16721;BETANZOS MARTIN;JOSE MANUEL;http://alojawebapps.us.es/centrosdptos/pdi/pdi.php?pdi=16721
9252;BETTI;MARCO;http://alojawebapps.us.es/centrosdptos/pdi/pdi.php?pdi=9252
6337;BEZOS ALONSO;JOSE LUIS;http://alojawebapps.us.es/centrosdptos/pdi/pdi.php?pdi=6337
17119;BIAGIOTTI;GILDA;http://alojawebapps.us.es/centrosdptos/pdi/pdi.php?pdi=17119
16885;BIANCHI;PAULA;http://alojawebapps.us.es/centrosdptos/pdi/pdi.php?pdi=16885
5764;BIBILONI AMENGUAL;ANDRES;http://alojawebapps.us.es/centrosdptos/pdi/pdi.php?pdi=5764
11593;BIEDMA PEREA;MARIA;http://alojawebapps.us.es/centrosdptos/pdi/pdi.php?pdi=11593
5765;BILBAO PEÑA;DANIEL;http://alojawebapps.us.es/centrosdptos/pdi/pdi.php?pdi=5765
5089;BISCARRI TRIVIÑO;FELIX;http://alojawebapps.us.es/centrosdptos/pdi/pdi.php?pdi=5089
11515;BLANCO ARROYO;MARIA ANTONIA;http://alojawebapps.us.es/centrosdptos/pdi/pdi.php?pdi=11515
12091;BLANCO BARRERA;RAMON;http://alojawebapps.us.es/centrosdptos/pdi/pdi.php?pdi=12091
16186;BLANCO GUZMAN;JUAN LUIS;http://alojawebapps.us.es/centrosdptos/pdi/pdi.php?pdi=16186
9911;BLANCO OLIVER;ANTONIO JESUS;http://alojawebapps.us.es/centrosdptos/pdi/pdi.php?pdi=9911
15462;BLANCO PEREZ;MANUEL;http://alojawebapps.us.es/centrosdptos/pdi/pdi.php?pdi=15462
10881;BLANCO PIÑERO;NURIA;http://alojawebapps.us.es/centrosdptos/pdi/pdi.php?pdi=10881
14821;BLANCO RODRIGUEZ;FRANCISCO JOSE;http://alojawebapps.us.es/centrosdptos/pdi/pdi.php?pdi=14821
17544;BLANCO-MORALES LIMONES;MARÍA PILAR;http://alojawebapps.us.es/centrosdptos/pdi/pdi.php?pdi=17544
3312;BLANDON GONZALEZ;BEGOÑA;http://alojawebapps.us.es/centrosdptos/pdi/pdi.php?pdi=3312
3581;BLANQUERO BRAVO;RAFAEL;http://alojawebapps.us.es/centrosdptos/pdi/pdi.php?pdi=3581
4931;BLASCO LOPEZ;FRANCISCO JAVIER;http://alojawebapps.us.es/centrosdptos/pdi/pdi.php?pdi=4931
7745;BLAZQUEZ GAMEZ;ANTONIO;http://alojawebapps.us.es/centrosdptos/pdi/pdi.php?pdi=7745
6606;BLAZQUEZ GAMEZ;JAVIER;http://alojawebapps.us.es/centrosdptos/pdi/pdi.php?pdi=6606
4341;BLAZQUEZ PACHECO;DIEGO;http://alojawebapps.us.es/centrosdptos/pdi/pdi.php?pdi=4341
8492;BOBADILLA BALADRON;LUIS;http://alojawebapps.us.es/centrosdptos/pdi/pdi.php?pdi=8492
12698;BOCANEGRA MARQUEZ;JARA;http://alojawebapps.us.es/centrosdptos/pdi/pdi.php?pdi=12698
5666;BOCARDO CRESPO;ENRIQUE FERNANDO;http://alojawebapps.us.es/centrosdptos/pdi/pdi.php?pdi=5666
16477;BOCCIO SERRANO;JOSEFA DE LA PRESENTACION;http://alojawebapps.us.es/centrosdptos/pdi/pdi.php?pdi=16477
11710;BOCETA OSUNA;JAIME;http://alojawebapps.us.es/centrosdptos/pdi/pdi.php?pdi=11710
17847;BOCIO NUÑEZ;JESUS;http://alojawebapps.us.es/centrosdptos/pdi/pdi.php?pdi=17847
9909;BOHORQUEZ GOMEZ-MILLAN;ROCIO;http://alojawebapps.us.es/centrosdptos/pdi/pdi.php?pdi=9909
3809;BOHORQUEZ JIMENEZ;LUIS VALENTIN;http://alojawebapps.us.es/centrosdptos/pdi/pdi.php?pdi=3809
4926;BOLOIX TORTOSA;RAFAEL;http://alojawebapps.us.es/centrosdptos/pdi/pdi.php?pdi=4926
3338;BONILLA REPRESA;MARIA VICTORIA;http://alojawebapps.us.es/centrosdptos/pdi/pdi.php?pdi=3338
11185;BONILLA RUIZ;JOSE ANTONIO;http://alojawebapps.us.es/centrosdptos/pdi/pdi.php?pdi=11185
17709;BONOMI BARBY;MARIA JOSE;http://alojawebapps.us.es/centrosdptos/pdi/pdi.php?pdi=17709
2501;BORDA MAS;MARIA DE LAS MERCEDES;http://alojawebapps.us.es/centrosdptos/pdi/pdi.php?pdi=2501
3034;BORDONS ALBA;CARLOS;http://alojawebapps.us.es/centrosdptos/pdi/pdi.php?pdi=3034
11977;BORGE MONTERO;MARIA JOSE;http://alojawebapps.us.es/centrosdptos/pdi/pdi.php?pdi=11977
3730;BORJA BARRERA;CESAREO;http://alojawebapps.us.es/centrosdptos/pdi/pdi.php?pdi=3730
6211;BORRA MARCOS;CRISTINA;http://alojawebapps.us.es/centrosdptos/pdi/pdi.php?pdi=6211
4236;BORRALLO JIMENEZ;MILAGROSA;http://alojawebapps.us.es/centrosdptos/pdi/pdi.php?pdi=4236
16266;BORRALLO RIEGO;ALVARO;http://alojawebapps.us.es/centrosdptos/pdi/pdi.php?pdi=16266
5670;BORRAS ALVAREZ;JOSE MANUEL;http://alojawebapps.us.es/centrosdptos/pdi/pdi.php?pdi=5670
5037;BORRAS ALVAREZ;MARIA DEL CARMEN;http://alojawebapps.us.es/centrosdptos/pdi/pdi.php?pdi=5037
6225;BORRAS TALAVERA;MARIA DOLORES;http://alojawebapps.us.es/centrosdptos/pdi/pdi.php?pdi=6225
2491;BORREGO DIAZ;JOAQUIN;http://alojawebapps.us.es/centrosdptos/pdi/pdi.php?pdi=2491
16151;BORREGO MARIN;M DEL MAR;http://alojawebapps.us.es/centrosdptos/pdi/pdi.php?pdi=16151
4241;BORREGO MORO;JOSEFA MARIA;http://alojawebapps.us.es/centrosdptos/pdi/pdi.php?pdi=4241
8237;BORREGO NUÑEZ;DIANA;http://alojawebapps.us.es/centrosdptos/pdi/pdi.php?pdi=8237
16571;BORRERO DE ACUÑA;JOSE MANUEL;http://alojawebapps.us.es/centrosdptos/pdi/pdi.php?pdi=16571
14204;BORRERO DOMINGUEZ;CINTA ROCIO;http://alojawebapps.us.es/centrosdptos/pdi/pdi.php?pdi=14204
9858;BORRERO GAVIÑO;VIRGINIA;http://alojawebapps.us.es/centrosdptos/pdi/pdi.php?pdi=9858
15089;BORRERO GONZALEZ;CARLOTA;http://alojawebapps.us.es/centrosdptos/pdi/pdi.php?pdi=15089
11867;BORRERO MOLINA;DIEGO VICENTE;http://alojawebapps.us.es/centrosdptos/pdi/pdi.php?pdi=11867
18517;BORRERO OJUELOS;ROCIO BELEN;http://alojawebapps.us.es/centrosdptos/pdi/pdi.php?pdi=18517
15836;BORRERO VEGA;CELIA;http://alojawebapps.us.es/centrosdptos/pdi/pdi.php?pdi=15836
6224;BORRERO ZAPATA;VICTOR MANUEL;http://alojawebapps.us.es/centrosdptos/pdi/pdi.php?pdi=6224
2307;BORRUECO ROSA;MARIA ANGELES;http://alojawebapps.us.es/centrosdptos/pdi/pdi.php?pdi=2307
10410;BOTELLO HERMOSA;ALICIA;http://alojawebapps.us.es/centrosdptos/pdi/pdi.php?pdi=10410
16697;BOTELLO HERMOSA;JOSE MARIA;http://alojawebapps.us.es/centrosdptos/pdi/pdi.php?pdi=16697
15856;BOTELLO HERMOSA;PEDRO IGNACIO;http://alojawebapps.us.es/centrosdptos/pdi/pdi.php?pdi=15856
3031;BOZA PRIETO;LUIS;http://alojawebapps.us.es/centrosdptos/pdi/pdi.php?pdi=3031
16572;BOZA SERRANO;ANTONIO JESÚS;http://alojawebapps.us.es/centrosdptos/pdi/pdi.php?pdi=16572
16033;BRACE DIKO;OLTA;http://alojawebapps.us.es/centrosdptos/pdi/pdi.php?pdi=16033
5658;BRAVO ARANDA;GABRIEL;http://alojawebapps.us.es/centrosdptos/pdi/pdi.php?pdi=5658
6222;BRAVO BERNAL;ANA MARIA;http://alojawebapps.us.es/centrosdptos/pdi/pdi.php?pdi=6222
4521;BRAVO GARCIA;EVA MARIA;http://alojawebapps.us.es/centrosdptos/pdi/pdi.php?pdi=4521
6223;BRAVO LEON;ALFONSO;http://alojawebapps.us.es/centrosdptos/pdi/pdi.php?pdi=6223
3221;BRAVO REMIS;RESTITUTO;http://alojawebapps.us.es/centrosdptos/pdi/pdi.php?pdi=3221
4883;BRAVO RODRIGUEZ;JUAN CARLOS;http://alojawebapps.us.es/centrosdptos/pdi/pdi.php?pdi=4883
8038;BRAVO URQUIZA;FRANCISCO;http://alojawebapps.us.es/centrosdptos/pdi/pdi.php?pdi=8038
16864;BRAZO DORADO;PEDRO PAULINO;http://alojawebapps.us.es/centrosdptos/pdi/pdi.php?pdi=16864
4383;BRENES CORTES;JOSEFA;http://alojawebapps.us.es/centrosdptos/pdi/pdi.php?pdi=4383
5020;BREVA ASENSIO;ALICIA;http://alojawebapps.us.es/centrosdptos/pdi/pdi.php?pdi=5020
7901;BRIAND;EMMANUEL JEAN;http://alojawebapps.us.es/centrosdptos/pdi/pdi.php?pdi=7901
5412;BROCA FERNANDEZ;MARIA ANGELES;http://alojawebapps.us.es/centrosdptos/pdi/pdi.php?pdi=5412
18477;BROKATE LLANOS;ANA MARIA;http://alojawebapps.us.es/centrosdptos/pdi/pdi.php?pdi=18477
2970;BUENDIA CLAVERIA;ANA MARIA;http://alojawebapps.us.es/centrosdptos/pdi/pdi.php?pdi=2970
10331;BUENO LOPEZ;ANA MARIA;http://alojawebapps.us.es/centrosdptos/pdi/pdi.php?pdi=10331
8966;BUENO MALDONADO;RAFAEL;http://alojawebapps.us.es/centrosdptos/pdi/pdi.php?pdi=8966
5661;BUENO MARTINEZ;MANUEL;http://alojawebapps.us.es/centrosdptos/pdi/pdi.php?pdi=5661
6220;BUENO MORENO;MARIA REYES;http://alojawebapps.us.es/centrosdptos/pdi/pdi.php?pdi=6220
4793;BUENO SUAREZ;CARLOS;http://alojawebapps.us.es/centrosdptos/pdi/pdi.php?pdi=4793
7314;BUENO VARGAS;JAVIER;http://alojawebapps.us.es/centrosdptos/pdi/pdi.php?pdi=7314
6221;BUITRAGO ESQUINAS;EVA MARIA;http://alojawebapps.us.es/centrosdptos/pdi/pdi.php?pdi=6221
5660;BULLON FERNANDEZ;PEDRO;http://alojawebapps.us.es/centrosdptos/pdi/pdi.php?pdi=5660
17653;BURGOS BAENA;AGUSTIN;http://alojawebapps.us.es/centrosdptos/pdi/pdi.php?pdi=17653
11803;BURGOS MORON;ESTEFANIA;http://alojawebapps.us.es/centrosdptos/pdi/pdi.php?pdi=11803
3026;BURGOS PAYAN;MANUEL;http://alojawebapps.us.es/centrosdptos/pdi/pdi.php?pdi=3026
13427;BURONI CUNEO;FEDERICO CARLOS;http://alojawebapps.us.es/centrosdptos/pdi/pdi.php?pdi=13427
4864;BUSTAMANTE ROJAS;PEDRO;http://alojawebapps.us.es/centrosdptos/pdi/pdi.php?pdi=4864
8363;BUSTOS JIMENEZ;MANUEL;http://alojawebapps.us.es/centrosdptos/pdi/pdi.php?pdi=8363
10627;BUZON GARCIA;OLGA;http://alojawebapps.us.es/centrosdptos/pdi/pdi.php?pdi=10627
6342;CABALLERO AGUILAR;JOAQUIN;http://alojawebapps.us.es/centrosdptos/pdi/pdi.php?pdi=6342
3218;CABALLERO ANDALUZ;RAFAELA;http://alojawebapps.us.es/centrosdptos/pdi/pdi.php?pdi=3218
13012;CABALLERO BLANCO;PABLO JESUS;http://alojawebapps.us.es/centrosdptos/pdi/pdi.php?pdi=13012
3028;CABALLERO CARRETERO;JUAN ANTONIO;http://alojawebapps.us.es/centrosdptos/pdi/pdi.php?pdi=3028
9048;CABALLERO FLORES;RAFAEL;http://alojawebapps.us.es/centrosdptos/pdi/pdi.php?pdi=9048
15381;CABALLERO GOMEZ;ALVARO;http://alojawebapps.us.es/centrosdptos/pdi/pdi.php?pdi=15381
4051;CABALLERO JIMENEZ;RAFAEL;http://alojawebapps.us.es/centrosdptos/pdi/pdi.php?pdi=4051
3536;CABALLERO MARTINEZ;ALFONSO;http://alojawebapps.us.es/centrosdptos/pdi/pdi.php?pdi=3536
15131;CABALLERO MUÑOZ;MARINA ISABEL;http://alojawebapps.us.es/centrosdptos/pdi/pdi.php?pdi=15131
15849;CABALLERO OLIVER;ANTONIO;http://alojawebapps.us.es/centrosdptos/pdi/pdi.php?pdi=15849
15296;CABALLERO VELAZQUEZ;TERESA;http://alojawebapps.us.es/centrosdptos/pdi/pdi.php?pdi=15296
5651;CABALLOS RUFINO;ANTONIO F;http://alojawebapps.us.es/centrosdptos/pdi/pdi.php?pdi=5651
16526;CABANAS JIMENEZ;MARGARITA DEL ROSARIO;http://alojawebapps.us.es/centrosdptos/pdi/pdi.php?pdi=16526
14309;CABANILLAS BALSERA;DANIEL;http://alojawebapps.us.es/centrosdptos/pdi/pdi.php?pdi=14309
9935;CABANILLAS MACIAS;CRISTINA;http://alojawebapps.us.es/centrosdptos/pdi/pdi.php?pdi=9935
3311;CABANILLAS MORUNO;JUAN LUIS;http://alojawebapps.us.es/centrosdptos/pdi/pdi.php?pdi=3311
13519;CABELLO GONZALEZ;GRACIA MARIA;http://alojawebapps.us.es/centrosdptos/pdi/pdi.php?pdi=13519
3726;CABELLO QUINTERO;ADAN;http://alojawebapps.us.es/centrosdptos/pdi/pdi.php?pdi=3726
5484;CABERO ALMENARA;JULIO;http://alojawebapps.us.es/centrosdptos/pdi/pdi.php?pdi=5484
4238;CABEZA LAINEZ;JOSE MARIA;http://alojawebapps.us.es/centrosdptos/pdi/pdi.php?pdi=4238
7699;CABEZA RUIZ;RUTH MARIA;http://alojawebapps.us.es/centrosdptos/pdi/pdi.php?pdi=7699
3025;CABEZAS GARCIA;FRANCISCO;http://alojawebapps.us.es/centrosdptos/pdi/pdi.php?pdi=3025
3220;CABEZUELO ARENAS;ANA LAURA;http://alojawebapps.us.es/centrosdptos/pdi/pdi.php?pdi=3220
2804;CABO GONZALEZ;ANA MARIA;http://alojawebapps.us.es/centrosdptos/pdi/pdi.php?pdi=2804
7764;CABRERA DOMINGUEZ;MARIA EUGENIA;http://alojawebapps.us.es/centrosdptos/pdi/pdi.php?pdi=7764
13565;CACERES CAMPOS;ISABEL MARIA;http://alojawebapps.us.es/centrosdptos/pdi/pdi.php?pdi=13565
5751;CACERES CARRASCO;FELIPE RAFAEL;http://alojawebapps.us.es/centrosdptos/pdi/pdi.php?pdi=5751
14387;CACERES MATOS;ROCIO;http://alojawebapps.us.es/centrosdptos/pdi/pdi.php?pdi=14387
6346;CAETANO HENRIQUEZ;ENRIQUE;http://alojawebapps.us.es/centrosdptos/pdi/pdi.php?pdi=6346
3796;CAGIGAS MUÑIZ;DANIEL;http://alojawebapps.us.es/centrosdptos/pdi/pdi.php?pdi=3796
2666;CALA CARRILLO;MARIA JESUS;http://alojawebapps.us.es/centrosdptos/pdi/pdi.php?pdi=2666
18336;CALDERON MOLINA;MIGUEL ANGEL;http://alojawebapps.us.es/centrosdptos/pdi/pdi.php?pdi=18336
10658;CALDERON MONTAÑO;JOSE MANUEL;http://alojawebapps.us.es/centrosdptos/pdi/pdi.php?pdi=10658
5763;CALDERON MORENO;FRANCISCO JAVIER;http://alojawebapps.us.es/centrosdptos/pdi/pdi.php?pdi=5763
2534;CALDERON MORENO;MARIA CARMEN;http://alojawebapps.us.es/centrosdptos/pdi/pdi.php?pdi=2534
11112;CALDERON SANDUBETE;ENRIQUE JOSE;http://alojawebapps.us.es/centrosdptos/pdi/pdi.php?pdi=11112
4271;CALERO DELGADO;MARIA LUISA;http://alojawebapps.us.es/centrosdptos/pdi/pdi.php?pdi=4271
10138;CALERO ROMERO;NURIA;http://alojawebapps.us.es/centrosdptos/pdi/pdi.php?pdi=10138
12493;CALEZA JIMENEZ;CAROLINA;http://alojawebapps.us.es/centrosdptos/pdi/pdi.php?pdi=12493
15866;CALLE CABRERA;ANA MARIA DE LA;http://alojawebapps.us.es/centrosdptos/pdi/pdi.php?pdi=15866
4552;CALLE GONZALEZ;JUAN MANUEL;http://alojawebapps.us.es/centrosdptos/pdi/pdi.php?pdi=4552
9773;CALLE SUAREZ;MARCOS;http://alojawebapps.us.es/centrosdptos/pdi/pdi.php?pdi=9773
8428;CALLEJON FERNANDEZ;RAQUEL MARIA;http://alojawebapps.us.es/centrosdptos/pdi/pdi.php?pdi=8428
9915;CALLEJON FERNANDEZ;ROCIO;http://alojawebapps.us.es/centrosdptos/pdi/pdi.php?pdi=9915
2494;CALONGE CASTRILLO;MARIA LUISA;http://alojawebapps.us.es/centrosdptos/pdi/pdi.php?pdi=2494
6215;CALVENTE PACHECO;JUAN JOSE;http://alojawebapps.us.es/centrosdptos/pdi/pdi.php?pdi=6215
9698;CALVILLO ARBIZU;JORGE;http://alojawebapps.us.es/centrosdptos/pdi/pdi.php?pdi=9698
16671;CALVO BALTANAS;FERNANDO;http://alojawebapps.us.es/centrosdptos/pdi/pdi.php?pdi=16671
7968;CALVO CALVO;MANUEL ANGEL;http://alojawebapps.us.es/centrosdptos/pdi/pdi.php?pdi=7968
6214;CALVO DE MORA SCHMIDT;ARTURO;http://alojawebapps.us.es/centrosdptos/pdi/pdi.php?pdi=6214
3832;CALVO GALLEGO;FRANCISCO JAVIER;http://alojawebapps.us.es/centrosdptos/pdi/pdi.php?pdi=3832
12006;CALVO GALLEGO;JOSE LUIS;http://alojawebapps.us.es/centrosdptos/pdi/pdi.php?pdi=12006
4043;CALVO GUTIERREZ;JUAN RAMON;http://alojawebapps.us.es/centrosdptos/pdi/pdi.php?pdi=4043
17124;CALVO LAZARO;ROCIO;http://alojawebapps.us.es/centrosdptos/pdi/pdi.php?pdi=17124
16220;CAMACHO AGUILAR;MIGUEL;http://alojawebapps.us.es/centrosdptos/pdi/pdi.php?pdi=16220
12120;CAMACHO CARDENAS;ENRIQUE MANUEL;http://alojawebapps.us.es/centrosdptos/pdi/pdi.php?pdi=12120
4733;CAMACHO DELGADO;JOSE MANUEL;http://alojawebapps.us.es/centrosdptos/pdi/pdi.php?pdi=4733
4237;CAMACHO HERRERA;ANTONIO JOSE;http://alojawebapps.us.es/centrosdptos/pdi/pdi.php?pdi=4237
4033;CAMACHO PEÑALOSA;M ENRIQUETA;http://alojawebapps.us.es/centrosdptos/pdi/pdi.php?pdi=4033
2309;CAMACHO SANTANA;LUISA MARIA;http://alojawebapps.us.es/centrosdptos/pdi/pdi.php?pdi=2309
3496;CAMACHO TABOADA;MARIA VICTORIA;http://alojawebapps.us.es/centrosdptos/pdi/pdi.php?pdi=3496
9409;CAMACHO VEGA;JUAN CARLOS;http://alojawebapps.us.es/centrosdptos/pdi/pdi.php?pdi=9409
3725;CAMARA ARTIGAS;RAFAEL;http://alojawebapps.us.es/centrosdptos/pdi/pdi.php?pdi=3725
3265;CAMARA PEREZ;MARGARITA;http://alojawebapps.us.es/centrosdptos/pdi/pdi.php?pdi=3265
4346;CAMARILLO NARANJO;JUAN MARIANO;http://alojawebapps.us.es/centrosdptos/pdi/pdi.php?pdi=4346
9598;CAMBROLLE SILVA;JESUS;http://alojawebapps.us.es/centrosdptos/pdi/pdi.php?pdi=9598
3995;CAMEAN FERNANDEZ;ANA MARIA;http://alojawebapps.us.es/centrosdptos/pdi/pdi.php?pdi=3995
5611;CAMINO MARTINEZ;CARMEN DEL;http://alojawebapps.us.es/centrosdptos/pdi/pdi.php?pdi=5611
18378;CAMINO RODRIGUEZ;ALEJANDRO;http://alojawebapps.us.es/centrosdptos/pdi/pdi.php?pdi=18378
11305;CAMPANO LABORDA;MIGUEL ANGEL;http://alojawebapps.us.es/centrosdptos/pdi/pdi.php?pdi=11305
5642;CAMPAYO RODRIGUEZ;CRISTINA;http://alojawebapps.us.es/centrosdptos/pdi/pdi.php?pdi=5642
6212;CAMPESE GALLEGO;FERNANDO JAVIER;http://alojawebapps.us.es/centrosdptos/pdi/pdi.php?pdi=6212
8529;CAMPO ACOSTA;RICARDO DEL;http://alojawebapps.us.es/centrosdptos/pdi/pdi.php?pdi=8529
17681;CAMPO BARASOAIN;ANDREA;http://alojawebapps.us.es/centrosdptos/pdi/pdi.php?pdi=17681
3827;CAMPOS ALCAIDE;ANTONIO;http://alojawebapps.us.es/centrosdptos/pdi/pdi.php?pdi=3827
18244;CAMPOS BURGOS;MARIA CRISTINA;http://alojawebapps.us.es/centrosdptos/pdi/pdi.php?pdi=18244
4984;CAMPOS LUCENA;MARIA SOLEDAD;http://alojawebapps.us.es/centrosdptos/pdi/pdi.php?pdi=4984
8254;CAMPOS MESA;MARIA DEL CARMEN;http://alojawebapps.us.es/centrosdptos/pdi/pdi.php?pdi=8254
11926;CAMPOS RIVERA;IGNACIO;http://alojawebapps.us.es/centrosdptos/pdi/pdi.php?pdi=11926
7946;CAMPOY NARANJO;MANUEL;http://alojawebapps.us.es/centrosdptos/pdi/pdi.php?pdi=7946
18332;CAMPRA GARCIA DE VIGUERA;MARIA DE LOS ANGELES;http://alojawebapps.us.es/centrosdptos/pdi/pdi.php?pdi=18332
14814;CAMPRUBI BUENO;LINO;http://alojawebapps.us.es/centrosdptos/pdi/pdi.php?pdi=14814
6202;CAMPUZANO DIAZ;BEATRIZ;http://alojawebapps.us.es/centrosdptos/pdi/pdi.php?pdi=6202
17975;CAMUÑEZ DIAZ;CRISTINA;http://alojawebapps.us.es/centrosdptos/pdi/pdi.php?pdi=17975
4096;CAMUÑEZ RUIZ;JOSE ANTONIO;http://alojawebapps.us.es/centrosdptos/pdi/pdi.php?pdi=4096
4036;CAÑADAS SERRANO;LUIS;http://alojawebapps.us.es/centrosdptos/pdi/pdi.php?pdi=4036
5610;CAÑAS DELGADO;JOSE;http://alojawebapps.us.es/centrosdptos/pdi/pdi.php?pdi=5610
6802;CAÑAS PALOP;MARIA CECILIA;http://alojawebapps.us.es/centrosdptos/pdi/pdi.php?pdi=6802
5641;CANCA ORTIZ;JOSE DAVID;http://alojawebapps.us.es/centrosdptos/pdi/pdi.php?pdi=5641
6201;CANDAU ROJAS-MARCOS;XANDRA;http://alojawebapps.us.es/centrosdptos/pdi/pdi.php?pdi=6201
4290;CANDELA LENA;JOSE IGNACIO;http://alojawebapps.us.es/centrosdptos/pdi/pdi.php?pdi=4290
2660;CANDELAS GUTIERREZ;ANGEL LUIS;http://alojawebapps.us.es/centrosdptos/pdi/pdi.php?pdi=2660
12192;CANDON MENA;JOSE IGNACIO;http://alojawebapps.us.es/centrosdptos/pdi/pdi.php?pdi=12192
14882;CAÑETE GOMEZ;JESUS;http://alojawebapps.us.es/centrosdptos/pdi/pdi.php?pdi=14882
9898;CAÑETE MARTIN;ANTONIO JESUS;http://alojawebapps.us.es/centrosdptos/pdi/pdi.php?pdi=9898
9752;CANIVELL GARCIA DE PAREDES;JACINTO ENRIQUE;http://alojawebapps.us.es/centrosdptos/pdi/pdi.php?pdi=9752
17697;CANIVELL RODRIGUEZ;MARIO;http://alojawebapps.us.es/centrosdptos/pdi/pdi.php?pdi=17697
6198;CANO BAZAGA;MARIA ELENA;http://alojawebapps.us.es/centrosdptos/pdi/pdi.php?pdi=6198
13348;CANO CRESPO;RAFAEL;http://alojawebapps.us.es/centrosdptos/pdi/pdi.php?pdi=13348
5714;CANO GARCIA;FRANCISCO JAVIER;http://alojawebapps.us.es/centrosdptos/pdi/pdi.php?pdi=5714
4039;CANO GOMEZ;GABRIEL;http://alojawebapps.us.es/centrosdptos/pdi/pdi.php?pdi=4039
6210;CANO GONZALEZ;RAMON;http://alojawebapps.us.es/centrosdptos/pdi/pdi.php?pdi=6210
15934;CANO JIMENEZ;PABLO ANTONIO;http://alojawebapps.us.es/centrosdptos/pdi/pdi.php?pdi=15934
18161;CANO LOZANO;PILAR;http://alojawebapps.us.es/centrosdptos/pdi/pdi.php?pdi=18161
10195;CANO MARIN;RAFAEL;http://alojawebapps.us.es/centrosdptos/pdi/pdi.php?pdi=10195
17663;CANO MARIN;RUBEN DARIO;http://alojawebapps.us.es/centrosdptos/pdi/pdi.php?pdi=17663
15422;CANO QUIVEU;GERMAN;http://alojawebapps.us.es/centrosdptos/pdi/pdi.php?pdi=15422
3724;CANO RODRIGUEZ;MARIA MERCEDES;http://alojawebapps.us.es/centrosdptos/pdi/pdi.php?pdi=3724
4928;CANO SANCHEZ;ESPERANZA;http://alojawebapps.us.es/centrosdptos/pdi/pdi.php?pdi=4928
9051;CANOVAS LOPEZ;DAVID;http://alojawebapps.us.es/centrosdptos/pdi/pdi.php?pdi=9051
10167;CANSINO GONZALEZ;JOSE IGNACIO;http://alojawebapps.us.es/centrosdptos/pdi/pdi.php?pdi=10167
3082;CANSINO MUÑOZ-REPISO;JOSÉ MANUEL;http://alojawebapps.us.es/centrosdptos/pdi/pdi.php?pdi=3082
4326;CANTERO SANCHEZ;FRANCISCO JAVIER;http://alojawebapps.us.es/centrosdptos/pdi/pdi.php?pdi=4326
3580;CANTILLANA MERCHANTE;CONCEPCION;http://alojawebapps.us.es/centrosdptos/pdi/pdi.php?pdi=3580
11648;CANTO CUEVAS;FRANCISCO JAVIER;http://alojawebapps.us.es/centrosdptos/pdi/pdi.php?pdi=11648
13407;CANTON BULNES;MARIA LUISA;http://alojawebapps.us.es/centrosdptos/pdi/pdi.php?pdi=13407
2664;CANTON DELGADO;MANUELA;http://alojawebapps.us.es/centrosdptos/pdi/pdi.php?pdi=2664
123;CAPARROS FERNANDEZ;ROSALIA;http://alojawebapps.us.es/centrosdptos/pdi/pdi.php?pdi=123
3081;CAPILLA RONCERO;IGNACIO;http://alojawebapps.us.es/centrosdptos/pdi/pdi.php?pdi=3081
5762;CAPITAN CARMONA;IGNACIO;http://alojawebapps.us.es/centrosdptos/pdi/pdi.php?pdi=5762
8497;CAPITAN FERNANDEZ;JESUS;http://alojawebapps.us.es/centrosdptos/pdi/pdi.php?pdi=8497
4603;CAPITAN MORALES;LUIS CRISTOBAL;http://alojawebapps.us.es/centrosdptos/pdi/pdi.php?pdi=4603
18105;CAPITAN PACHECO;LUIS RAMON;http://alojawebapps.us.es/centrosdptos/pdi/pdi.php?pdi=18105
14228;CAPOTE PUENTE;RAUL;http://alojawebapps.us.es/centrosdptos/pdi/pdi.php?pdi=14228
5644;CARABALLO GARRIDO;TOMAS;http://alojawebapps.us.es/centrosdptos/pdi/pdi.php?pdi=5644
5643;CARABALLO POU;MARIA ANGELES;http://alojawebapps.us.es/centrosdptos/pdi/pdi.php?pdi=5643
5761;CARABALLO RODRIGUEZ;ISIDORO;http://alojawebapps.us.es/centrosdptos/pdi/pdi.php?pdi=5761
5637;CARANDE HERRERO;ROCIO;http://alojawebapps.us.es/centrosdptos/pdi/pdi.php?pdi=5637
5636;CARAVACA RODRIGUEZ;FRANCISCO PASCUAL;http://alojawebapps.us.es/centrosdptos/pdi/pdi.php?pdi=5636
2229;CARAZA CRISTIN;MARIA DEL MAR;http://alojawebapps.us.es/centrosdptos/pdi/pdi.php?pdi=2229
10070;CARBAJAL BALLELL;NICOLAS JOSE;http://alojawebapps.us.es/centrosdptos/pdi/pdi.php?pdi=10070
9285;CARBAJAL BALLELL;RODRIGO;http://alojawebapps.us.es/centrosdptos/pdi/pdi.php?pdi=9285
4352;CARBALLAR RINCON;ALEJANDRO;http://alojawebapps.us.es/centrosdptos/pdi/pdi.php?pdi=4352
16576;CARBALLO CENIZO;JUAN JOSE;http://alojawebapps.us.es/centrosdptos/pdi/pdi.php?pdi=16576
6448;CARBALLO CODON;ANTONIO;http://alojawebapps.us.es/centrosdptos/pdi/pdi.php?pdi=6448
16768;CARCEL VALLE;LUCIA;http://alojawebapps.us.es/centrosdptos/pdi/pdi.php?pdi=16768
6117;CARDENAS ESCUDERO;MANUEL ENRIQUE;http://alojawebapps.us.es/centrosdptos/pdi/pdi.php?pdi=6117
7637;CARDENAS FERNANDEZ;FERNANDO;http://alojawebapps.us.es/centrosdptos/pdi/pdi.php?pdi=7637
11136;CARDENAS GUTIERREZ;ANTONIO RAMON;http://alojawebapps.us.es/centrosdptos/pdi/pdi.php?pdi=11136
17945;CARDENAS LUNA;ROCIO;http://alojawebapps.us.es/centrosdptos/pdi/pdi.php?pdi=17945
17610;CARIDAD LOPEZ DEL RIO;LORENA;http://alojawebapps.us.es/centrosdptos/pdi/pdi.php?pdi=17610
4775;CARMONA ASENJO;ANA TERESA;http://alojawebapps.us.es/centrosdptos/pdi/pdi.php?pdi=4775
4731;CARMONA BONO;AMPARO DE LOS REYES;http://alojawebapps.us.es/centrosdptos/pdi/pdi.php?pdi=4731
5635;CARMONA CENTENO;VICTORIANO;http://alojawebapps.us.es/centrosdptos/pdi/pdi.php?pdi=5635
6197;CARMONA CONTRERAS;ANA MARIA;http://alojawebapps.us.es/centrosdptos/pdi/pdi.php?pdi=6197
8343;CARMONA ESCALERA;CARLA;http://alojawebapps.us.es/centrosdptos/pdi/pdi.php?pdi=8343
12435;CARMONA NIMO;EDUARDO;http://alojawebapps.us.es/centrosdptos/pdi/pdi.php?pdi=12435
5760;CARMONA RUIZ;MARIA ANTONIA;http://alojawebapps.us.es/centrosdptos/pdi/pdi.php?pdi=5760
3780;CARMONA SARMIENTO;JOSE CARLOS;http://alojawebapps.us.es/centrosdptos/pdi/pdi.php?pdi=3780
10185;CARMONA YANES;ELENA;http://alojawebapps.us.es/centrosdptos/pdi/pdi.php?pdi=10185
17892;CARNEIRO MADROÑAL;MARIA JOSE;http://alojawebapps.us.es/centrosdptos/pdi/pdi.php?pdi=17892
18531;CARNERO JIMENEZ;CARLOS;http://alojawebapps.us.es/centrosdptos/pdi/pdi.php?pdi=18531
11107;CARO CABRERA;MANUEL;http://alojawebapps.us.es/centrosdptos/pdi/pdi.php?pdi=11107
3579;CARO CANO;AGUSTIN;http://alojawebapps.us.es/centrosdptos/pdi/pdi.php?pdi=3579
4234;CARO FERNANDEZ;SONIA;http://alojawebapps.us.es/centrosdptos/pdi/pdi.php?pdi=4234
5631;CARO GONZALEZ;FRANCISCO JAVIER;http://alojawebapps.us.es/centrosdptos/pdi/pdi.php?pdi=5631
12914;CARO MAGDALENO;MANUEL;http://alojawebapps.us.es/centrosdptos/pdi/pdi.php?pdi=12914
13869;CARO PARTRIDGE;ENEAS;http://alojawebapps.us.es/centrosdptos/pdi/pdi.php?pdi=13869
14909;CARRANZA GARCIA;MANUEL;http://alojawebapps.us.es/centrosdptos/pdi/pdi.php?pdi=14909
3022;CARRANZA MORA;FRANCISCO;http://alojawebapps.us.es/centrosdptos/pdi/pdi.php?pdi=3022
14336;CARRANZA ROBLES;JUAN JOSE;http://alojawebapps.us.es/centrosdptos/pdi/pdi.php?pdi=14336
7128;CARRASCAL MORENO;MARIA LIVIA;http://alojawebapps.us.es/centrosdptos/pdi/pdi.php?pdi=7128
9640;CARRASCAL PEREZ;MARIA FERNANDA;http://alojawebapps.us.es/centrosdptos/pdi/pdi.php?pdi=9640
12147;CARRASCO CARDENAS;MARIA VANESA;http://alojawebapps.us.es/centrosdptos/pdi/pdi.php?pdi=12147
11509;CARRASCO CARRASCO;CARLOS JESUS;http://alojawebapps.us.es/centrosdptos/pdi/pdi.php?pdi=11509
5605;CARRASCO GALLEGO;AMALIA;http://alojawebapps.us.es/centrosdptos/pdi/pdi.php?pdi=5605
5604;CARRASCO GIMENA;MARIA TERESA;http://alojawebapps.us.es/centrosdptos/pdi/pdi.php?pdi=5604
17603;CARRASCO LOPEZ;MARIA DEL CARMEN;http://alojawebapps.us.es/centrosdptos/pdi/pdi.php?pdi=17603
15963;CARRASCO MANTIS;ANA;http://alojawebapps.us.es/centrosdptos/pdi/pdi.php?pdi=15963
5759;CARRASCO MARTIN;ANA MARIA;http://alojawebapps.us.es/centrosdptos/pdi/pdi.php?pdi=5759
2713;CARRASCO MARTIN;FANTINA;http://alojawebapps.us.es/centrosdptos/pdi/pdi.php?pdi=2713
3354;CARRASCO MUÑOZ;ALEJANDRO;http://alojawebapps.us.es/centrosdptos/pdi/pdi.php?pdi=3354
18094;CARRASCO MURILLO;FRANCISCO JOSE;http://alojawebapps.us.es/centrosdptos/pdi/pdi.php?pdi=18094
7644;CARRASCO PAEZ;LUIS;http://alojawebapps.us.es/centrosdptos/pdi/pdi.php?pdi=7644
2300;CARRASCO ROMERO;RAUL;http://alojawebapps.us.es/centrosdptos/pdi/pdi.php?pdi=2300
4044;CARRASCO SOLIS;JUAN MANUEL;http://alojawebapps.us.es/centrosdptos/pdi/pdi.php?pdi=4044
17939;CARRASCO ZAHINOS;MARIA ROCIO;http://alojawebapps.us.es/centrosdptos/pdi/pdi.php?pdi=17939
11364;CARRELLAN RUIZ;JUAN LUIS;http://alojawebapps.us.es/centrosdptos/pdi/pdi.php?pdi=11364
3306;CARRERA SANCHEZ;CECILIO;http://alojawebapps.us.es/centrosdptos/pdi/pdi.php?pdi=3306
12782;CARRERA TORRES;ANTONIO;http://alojawebapps.us.es/centrosdptos/pdi/pdi.php?pdi=12782
2474;CARRERAS SANCHEZ;OLIMPIA;http://alojawebapps.us.es/centrosdptos/pdi/pdi.php?pdi=2474
6169;CARRETERO LEON;MARIA ISABEL;http://alojawebapps.us.es/centrosdptos/pdi/pdi.php?pdi=6169
3578;CARRIAZO RUBIO;ALFONSO;http://alojawebapps.us.es/centrosdptos/pdi/pdi.php?pdi=3578
2308;CARRILLO DE LA FUENTE;FRANCISCO;http://alojawebapps.us.es/centrosdptos/pdi/pdi.php?pdi=2308
3079;CARRILLO DONAIRE;JUAN ANTONIO;http://alojawebapps.us.es/centrosdptos/pdi/pdi.php?pdi=3079
17711;CARRILLO GARCIA;FATIMA MARIA;http://alojawebapps.us.es/centrosdptos/pdi/pdi.php?pdi=17711
9467;CARRILLO LINARES;ALBERTO;http://alojawebapps.us.es/centrosdptos/pdi/pdi.php?pdi=9467
4103;CARRILLO MONTERO;VICENTE;http://alojawebapps.us.es/centrosdptos/pdi/pdi.php?pdi=4103
14410;CARRILLO RIVAS;MARIA;http://alojawebapps.us.es/centrosdptos/pdi/pdi.php?pdi=14410
6642;CARRILLO VICO;ANTONIO;http://alojawebapps.us.es/centrosdptos/pdi/pdi.php?pdi=6642
14672;CARRION CAMACHO;MARIA REYES;http://alojawebapps.us.es/centrosdptos/pdi/pdi.php?pdi=14672
18299;CARRION PALMA;MARIA TERESA;http://alojawebapps.us.es/centrosdptos/pdi/pdi.php?pdi=18299
3012;CARRIZOSA PRIEGO;EMILIO J;http://alojawebapps.us.es/centrosdptos/pdi/pdi.php?pdi=3012
2693;CARUZ ARCOS;EDUARDO MANUEL;http://alojawebapps.us.es/centrosdptos/pdi/pdi.php?pdi=2693
3295;CARVAJAL TRUJILLO;ELISA;http://alojawebapps.us.es/centrosdptos/pdi/pdi.php?pdi=3295
9597;CASA ALMEIDA;MARIA DE LA;http://alojawebapps.us.es/centrosdptos/pdi/pdi.php?pdi=9597
5601;CASA GARCIA;RAFAEL LA;http://alojawebapps.us.es/centrosdptos/pdi/pdi.php?pdi=5601
2482;CASA RIVAS;LUIS GONZALO DE LA;http://alojawebapps.us.es/centrosdptos/pdi/pdi.php?pdi=2482
5600;CASADO DIAZ;JUAN;http://alojawebapps.us.es/centrosdptos/pdi/pdi.php?pdi=5600
18183;CASADO GALAN;ALEJANDRO;http://alojawebapps.us.es/centrosdptos/pdi/pdi.php?pdi=18183
14531;CASADO MACHADO;FRANCISCO;http://alojawebapps.us.es/centrosdptos/pdi/pdi.php?pdi=14531
2765;CASADO MEJIA;ROSA MARIA;http://alojawebapps.us.es/centrosdptos/pdi/pdi.php?pdi=2765
6206;CASADO PASCUAL;JESUS;http://alojawebapps.us.es/centrosdptos/pdi/pdi.php?pdi=6206
6205;CASADO RODRIGUEZ;ALBERTO;http://alojawebapps.us.es/centrosdptos/pdi/pdi.php?pdi=6205
14272;CASADO ROJAS;IRENE;http://alojawebapps.us.es/centrosdptos/pdi/pdi.php?pdi=14272
17053;CASADO VAZQUEZ;MARIA JOSE;http://alojawebapps.us.es/centrosdptos/pdi/pdi.php?pdi=17053
12013;CASAL BERBEL;JESUS;http://alojawebapps.us.es/centrosdptos/pdi/pdi.php?pdi=12013
15063;CASALES GARCIA;VICENTE;http://alojawebapps.us.es/centrosdptos/pdi/pdi.php?pdi=15063
6974;CASANOVA LERMA;LAURA;http://alojawebapps.us.es/centrosdptos/pdi/pdi.php?pdi=6974
18309;CASANUEVA MORATO;DANIEL;http://alojawebapps.us.es/centrosdptos/pdi/pdi.php?pdi=18309
3020;CASANUEVA ROCHA;CRISTOBAL;http://alojawebapps.us.es/centrosdptos/pdi/pdi.php?pdi=3020
17843;CASAR ESPINOSA;JUAN CARLOS;http://alojawebapps.us.es/centrosdptos/pdi/pdi.php?pdi=17843
12299;CASAS DELGADO;MARIA INMACULADA;http://alojawebapps.us.es/centrosdptos/pdi/pdi.php?pdi=12299
8404;CASAS DELGADO;MARTA;http://alojawebapps.us.es/centrosdptos/pdi/pdi.php?pdi=8404
3816;CASCADO CABALLERO;DANIEL;http://alojawebapps.us.es/centrosdptos/pdi/pdi.php?pdi=3816
3842;CASCALES BARRIO;JUAN NICOLAS;http://alojawebapps.us.es/centrosdptos/pdi/pdi.php?pdi=3842
16269;CASERO CEPEDA;JUAN FRANCISCO;http://alojawebapps.us.es/centrosdptos/pdi/pdi.php?pdi=16269
5602;CASILLAS BUENO;JOSE CARLOS;http://alojawebapps.us.es/centrosdptos/pdi/pdi.php?pdi=5602
18257;CASTAÑEDA SANTANA;PABLO JESUS;http://alojawebapps.us.es/centrosdptos/pdi/pdi.php?pdi=18257
8974;CASTAÑEDA VAZQUEZ;CAROLINA;http://alojawebapps.us.es/centrosdptos/pdi/pdi.php?pdi=8974
6204;CASTAÑO CASTAÑO;LUIS FERNANDO;http://alojawebapps.us.es/centrosdptos/pdi/pdi.php?pdi=6204
10197;CASTAÑO DOMINGUEZ;ALBERTO;http://alojawebapps.us.es/centrosdptos/pdi/pdi.php?pdi=10197
6314;CASTAÑO MADROÑAL;MARIA ANGELES;http://alojawebapps.us.es/centrosdptos/pdi/pdi.php?pdi=6314
3801;CASTAÑO NAVARRO;ANGELICA;http://alojawebapps.us.es/centrosdptos/pdi/pdi.php?pdi=3801
3216;CASTAÑO SEIQUER;ANTONIO LUIS;http://alojawebapps.us.es/centrosdptos/pdi/pdi.php?pdi=3216
18454;CASTELLANO BELTRAN;ANA;http://alojawebapps.us.es/centrosdptos/pdi/pdi.php?pdi=18454
3050;CASTELLANO OROZCO;ANTONIO GONZALO;http://alojawebapps.us.es/centrosdptos/pdi/pdi.php?pdi=3050
9018;CASTELLANO POZO;MAIKEL;http://alojawebapps.us.es/centrosdptos/pdi/pdi.php?pdi=9018
2245;CASTELLANO ROMAN;MANUEL;http://alojawebapps.us.es/centrosdptos/pdi/pdi.php?pdi=2245
11765;CASTELLANOS COSANO;LIZETT;http://alojawebapps.us.es/centrosdptos/pdi/pdi.php?pdi=11765
3051;CASTELLANOS VERDUGO;MARIO;http://alojawebapps.us.es/centrosdptos/pdi/pdi.php?pdi=3051
7696;CASTELLO CASTAÑEDA;CORAL;http://alojawebapps.us.es/centrosdptos/pdi/pdi.php?pdi=7696
11994;CASTIGLIONI;MARCO;http://alojawebapps.us.es/centrosdptos/pdi/pdi.php?pdi=11994
473;CASTILLA GUERRA;JERONIMO;http://alojawebapps.us.es/centrosdptos/pdi/pdi.php?pdi=473
10663;CASTILLA GUERRA;LUIS;http://alojawebapps.us.es/centrosdptos/pdi/pdi.php?pdi=10663
10332;CASTILLA ROLDAN;MANUEL VIGGO;http://alojawebapps.us.es/centrosdptos/pdi/pdi.php?pdi=10332
16799;CASTILLERO QUESADA;SOLEDAD;http://alojawebapps.us.es/centrosdptos/pdi/pdi.php?pdi=16799
8804;CASTILLO ANDRES;OSCAR DEL;http://alojawebapps.us.es/centrosdptos/pdi/pdi.php?pdi=8804
6203;CASTILLO CARBALLO;MARIA AUXILIADORA;http://alojawebapps.us.es/centrosdptos/pdi/pdi.php?pdi=6203
13692;CASTILLO GARCIA;MANUEL;http://alojawebapps.us.es/centrosdptos/pdi/pdi.php?pdi=13692
9062;CASTILLO GRANADOS;JOSE MARIA DEL;http://alojawebapps.us.es/centrosdptos/pdi/pdi.php?pdi=9062
3263;CASTILLO LOPEZ;JOSE MANUEL;http://alojawebapps.us.es/centrosdptos/pdi/pdi.php?pdi=3263
6200;CASTILLO MANZANO;JOSE IGNACIO;http://alojawebapps.us.es/centrosdptos/pdi/pdi.php?pdi=6200
2248;CASTILLO SEGURA;JESUS MANUEL;http://alojawebapps.us.es/centrosdptos/pdi/pdi.php?pdi=2248
4985;CASTIÑEIRAS FERNANDEZ;JESUS;http://alojawebapps.us.es/centrosdptos/pdi/pdi.php?pdi=4985
2766;CASTRO ABANCENS;IGNACIO;http://alojawebapps.us.es/centrosdptos/pdi/pdi.php?pdi=2766
4730;CASTRO ARROYO;MIGUEL ANGEL;http://alojawebapps.us.es/centrosdptos/pdi/pdi.php?pdi=4730
4729;CASTRO CAMERO;ROSARIO SOCORRO DE;http://alojawebapps.us.es/centrosdptos/pdi/pdi.php?pdi=4729
4965;CASTRO COBOS;MANUEL ANGEL;http://alojawebapps.us.es/centrosdptos/pdi/pdi.php?pdi=4965
9182;CASTRO FERNANDEZ-PALACIOS;JUAN;http://alojawebapps.us.es/centrosdptos/pdi/pdi.php?pdi=9182
2512;CASTRO FUERTES;JOSE MARIA;http://alojawebapps.us.es/centrosdptos/pdi/pdi.php?pdi=2512
5694;CASTRO FUERTES;JUAN;http://alojawebapps.us.es/centrosdptos/pdi/pdi.php?pdi=5694
11910;CASTRO GARCIA;JUAN ANTONIO;http://alojawebapps.us.es/centrosdptos/pdi/pdi.php?pdi=11910
9655;CASTRO HERNANDEZ;ELENA DE;http://alojawebapps.us.es/centrosdptos/pdi/pdi.php?pdi=9655
5693;CASTRO JIMENEZ;FRANCISCO;http://alojawebapps.us.es/centrosdptos/pdi/pdi.php?pdi=5693
8198;CASTRO LEMUS;NURIA;http://alojawebapps.us.es/centrosdptos/pdi/pdi.php?pdi=8198
16745;CASTRO LEON;ELKE;http://alojawebapps.us.es/centrosdptos/pdi/pdi.php?pdi=16745
15596;CASTRO MEDINA;DANIEL;http://alojawebapps.us.es/centrosdptos/pdi/pdi.php?pdi=15596
8366;CASTRO MENDEZ;AURORA;http://alojawebapps.us.es/centrosdptos/pdi/pdi.php?pdi=8366
4235;CASTRO NUÑO;MERCEDES;http://alojawebapps.us.es/centrosdptos/pdi/pdi.php?pdi=4235
2807;CASTRO OCHOA;NATALIA DE;http://alojawebapps.us.es/centrosdptos/pdi/pdi.php?pdi=2807
3215;CASTRO SAENZ;ALFONSO;http://alojawebapps.us.es/centrosdptos/pdi/pdi.php?pdi=3215
8434;CASTRO SMIRNOVA;MIRTA MARIA;http://alojawebapps.us.es/centrosdptos/pdi/pdi.php?pdi=8434
15732;CASTRO VALDECANTOS;PEDRO MARIA;http://alojawebapps.us.es/centrosdptos/pdi/pdi.php?pdi=15732
13013;CASUSO HOLGADO;MARIA JESUS;http://alojawebapps.us.es/centrosdptos/pdi/pdi.php?pdi=13013
17812;CATALAN CASADO;FERNANDO;http://alojawebapps.us.es/centrosdptos/pdi/pdi.php?pdi=17812
4726;CATALAN PIRIS;JOSEFA;http://alojawebapps.us.es/centrosdptos/pdi/pdi.php?pdi=4726
18082;CATTANI DELORD;GABRIELA CAROLINA;http://alojawebapps.us.es/centrosdptos/pdi/pdi.php?pdi=18082
6343;CAUZO BOTTALA;LOURDES;http://alojawebapps.us.es/centrosdptos/pdi/pdi.php?pdi=6343
5692;CAVIEDES FORMENTO;MIGUEL ANGEL;http://alojawebapps.us.es/centrosdptos/pdi/pdi.php?pdi=5692
12982;CAYERO OTERO;MARIA DOLORES;http://alojawebapps.us.es/centrosdptos/pdi/pdi.php?pdi=12982
4865;CEA GARCIA;JUAN IGNACIO DE;http://alojawebapps.us.es/centrosdptos/pdi/pdi.php?pdi=4865
17924;CEBALLOS CUADRADO;ANTONIA;http://alojawebapps.us.es/centrosdptos/pdi/pdi.php?pdi=17924
4828;CEBALLOS GUERRERO;RAFAEL;http://alojawebapps.us.es/centrosdptos/pdi/pdi.php?pdi=4828
2725;CEBALLOS HERNANDEZ;CRISTINA;http://alojawebapps.us.es/centrosdptos/pdi/pdi.php?pdi=2725
13506;CEBALLOS ROMERO;MARIA ELENA;http://alojawebapps.us.es/centrosdptos/pdi/pdi.php?pdi=13506
15923;CEBRIAN HERNANDEZ;MARIA ANGELES;http://alojawebapps.us.es/centrosdptos/pdi/pdi.php?pdi=15923
13671;CEBRINO CRUZ;JESUS;http://alojawebapps.us.es/centrosdptos/pdi/pdi.php?pdi=13671
12109;CEJUDO BASTANTE;MARIA JESUS;http://alojawebapps.us.es/centrosdptos/pdi/pdi.php?pdi=12109
2505;CEJUDO FERNANDEZ;FRANCISCO JAVIER;http://alojawebapps.us.es/centrosdptos/pdi/pdi.php?pdi=2505
12070;CEJUDO GUILLEN;MARTA;http://alojawebapps.us.es/centrosdptos/pdi/pdi.php?pdi=12070
4344;CEJUDO RAMOS;SALVADOR;http://alojawebapps.us.es/centrosdptos/pdi/pdi.php?pdi=4344
8552;CENTENO BAEZ;GABRIEL;http://alojawebapps.us.es/centrosdptos/pdi/pdi.php?pdi=8552
17658;CEPAS MORA;ANTONIO;http://alojawebapps.us.es/centrosdptos/pdi/pdi.php?pdi=17658
6194;CEPEDA CARRION;GABRIEL ALFONSO;http://alojawebapps.us.es/centrosdptos/pdi/pdi.php?pdi=6194
17777;CEPEDA SANCHEZ;CARLOS;http://alojawebapps.us.es/centrosdptos/pdi/pdi.php?pdi=17777
4233;CEPEDELLO BOISO;MANUEL;http://alojawebapps.us.es/centrosdptos/pdi/pdi.php?pdi=4233
2658;CERA LOPEZ;MARTIN;http://alojawebapps.us.es/centrosdptos/pdi/pdi.php?pdi=2658
3720;CERDEIRA BRAVO DE MANSILLA;GUILLERMO;http://alojawebapps.us.es/centrosdptos/pdi/pdi.php?pdi=3720
8893;CEREZO LOPEZ;ANA BELEN;http://alojawebapps.us.es/centrosdptos/pdi/pdi.php?pdi=8893
10877;CEREZUELA ESCUDERO;ELENA;http://alojawebapps.us.es/centrosdptos/pdi/pdi.php?pdi=10877
4607;CERQUIDES BUENO;JOSE RAMON;http://alojawebapps.us.es/centrosdptos/pdi/pdi.php?pdi=4607
12540;CERRATO CASADO;ANTONIO;http://alojawebapps.us.es/centrosdptos/pdi/pdi.php?pdi=12540
12353;CERRATO;DANIELE;http://alojawebapps.us.es/centrosdptos/pdi/pdi.php?pdi=12353
15916;CERVERA BARAJAS;ANTONIO;http://alojawebapps.us.es/centrosdptos/pdi/pdi.php?pdi=15916
18298;CHABAN GARCIA;OMAR;http://alojawebapps.us.es/centrosdptos/pdi/pdi.php?pdi=18298
5112;CHACARTEGUI RAMIREZ;RICARDO;http://alojawebapps.us.es/centrosdptos/pdi/pdi.php?pdi=5112
6192;CHACON BORREGO;FATIMA;http://alojawebapps.us.es/centrosdptos/pdi/pdi.php?pdi=6192
8539;CHACON CARMONA;VICENTE;http://alojawebapps.us.es/centrosdptos/pdi/pdi.php?pdi=8539
8246;CHACON GIRALDEZ;FERNANDO;http://alojawebapps.us.es/centrosdptos/pdi/pdi.php?pdi=8246
3212;CHACON MOSCOSO;SALVADOR;http://alojawebapps.us.es/centrosdptos/pdi/pdi.php?pdi=3212
2506;CHACON REBOLLO;TOMAS;http://alojawebapps.us.es/centrosdptos/pdi/pdi.php?pdi=2506
15762;CHACON RODRIGUEZ;MARIOLA;http://alojawebapps.us.es/centrosdptos/pdi/pdi.php?pdi=15762
3550;CHAMIZO GUERRA;CRISTOBAL;http://alojawebapps.us.es/centrosdptos/pdi/pdi.php?pdi=3550
18061;CHAMIZO NIETO;FRANCISCO JOSE;http://alojawebapps.us.es/centrosdptos/pdi/pdi.php?pdi=18061
6452;CHAMORRO MORENO;ROSARIO;http://alojawebapps.us.es/centrosdptos/pdi/pdi.php?pdi=6452
6976;CHAMORRO MORIANA;GEMA;http://alojawebapps.us.es/centrosdptos/pdi/pdi.php?pdi=6976
11987;CHAMORRO SOSA;GABRIEL;http://alojawebapps.us.es/centrosdptos/pdi/pdi.php?pdi=11987
6883;CHANDLER GUTIERREZ;LUCY JOANNA;http://alojawebapps.us.es/centrosdptos/pdi/pdi.php?pdi=6883
17987;CHAVES BENITEZ;GABRIEL;http://alojawebapps.us.es/centrosdptos/pdi/pdi.php?pdi=17987
4294;CHAVES REPISO;VICTOR MANUEL;http://alojawebapps.us.es/centrosdptos/pdi/pdi.php?pdi=4294
4042;CHAVEZ DE DIEGO;MARIA JOSEFA;http://alojawebapps.us.es/centrosdptos/pdi/pdi.php?pdi=4042
6190;CHAVEZ DE DIEGO;SEBASTIAN;http://alojawebapps.us.es/centrosdptos/pdi/pdi.php?pdi=6190
4847;CHAVEZ GONZALEZ;ANTONIA MARIA;http://alojawebapps.us.es/centrosdptos/pdi/pdi.php?pdi=4847
2272;CHAVEZ MIRANDA;MARIA ESTHER;http://alojawebapps.us.es/centrosdptos/pdi/pdi.php?pdi=2272
3719;CHAVEZ ORZAEZ;JORGE JESUS;http://alojawebapps.us.es/centrosdptos/pdi/pdi.php?pdi=3719
7636;CHAVEZ REINO;ANTONIO LUIS;http://alojawebapps.us.es/centrosdptos/pdi/pdi.php?pdi=7636
16535;CHAVIANO PEREZ;LIZBETH JHOANNA;http://alojawebapps.us.es/centrosdptos/pdi/pdi.php?pdi=16535
2483;CHAZA CHIMENO;MARIA ROSARIO;http://alojawebapps.us.es/centrosdptos/pdi/pdi.php?pdi=2483
13469;CHICARDI AUGUSTO;ERNESTO;http://alojawebapps.us.es/centrosdptos/pdi/pdi.php?pdi=13469
3718;CHOCRON GIRALDEZ;ANA MARIA;http://alojawebapps.us.es/centrosdptos/pdi/pdi.php?pdi=3718
18356;CHOUATI EL KATI;YASSINE;http://alojawebapps.us.es/centrosdptos/pdi/pdi.php?pdi=18356
12983;CIDONCHA REDONDO;FRANCISCO LUIS;http://alojawebapps.us.es/centrosdptos/pdi/pdi.php?pdi=12983
13724;CIFREDO ORTIZ;PATRICIA;http://alojawebapps.us.es/centrosdptos/pdi/pdi.php?pdi=13724
7052;CIFUENTES BULTE;HECTOR;http://alojawebapps.us.es/centrosdptos/pdi/pdi.php?pdi=7052
18365;CINTADO GARCIA;MARIA DE LOS ANGELES;http://alojawebapps.us.es/centrosdptos/pdi/pdi.php?pdi=18365
2302;CINTAS FISICO;JESUS;http://alojawebapps.us.es/centrosdptos/pdi/pdi.php?pdi=2302
12443;CINTAS PEÑA;MARTA;http://alojawebapps.us.es/centrosdptos/pdi/pdi.php?pdi=12443
3205;CIRES SEGURA;ALFONSO DE;http://alojawebapps.us.es/centrosdptos/pdi/pdi.php?pdi=3205
14947;CISNEROS HERREROS;JOSÉ MIGUEL;http://alojawebapps.us.es/centrosdptos/pdi/pdi.php?pdi=14947
2654;CIVANTOS NIETO;PILAR;http://alojawebapps.us.es/centrosdptos/pdi/pdi.php?pdi=2654
2485;CIVIT BALCELLS;ANTONIO ABAD;http://alojawebapps.us.es/centrosdptos/pdi/pdi.php?pdi=2485
15754;CIVIT MASOT;JAVIER;http://alojawebapps.us.es/centrosdptos/pdi/pdi.php?pdi=15754
7210;CLARO CALA;CARMEN MARIA;http://alojawebapps.us.es/centrosdptos/pdi/pdi.php?pdi=7210
10608;CLARO PONCE;JOSE CARLOS;http://alojawebapps.us.es/centrosdptos/pdi/pdi.php?pdi=10608
6171;CLIMENT CAMACHO;GEMA;http://alojawebapps.us.es/centrosdptos/pdi/pdi.php?pdi=6171
4094;CLIMENT EZQUERRA;MARIA BLANCA;http://alojawebapps.us.es/centrosdptos/pdi/pdi.php?pdi=4094
13548;CLUA GINES;ISABEL;http://alojawebapps.us.es/centrosdptos/pdi/pdi.php?pdi=13548
9205;COBANO-DELGADO PALMA;VERONICA;http://alojawebapps.us.es/centrosdptos/pdi/pdi.php?pdi=9205
12700;COBEÑA RUIZ-LOPERA;MARIA DEL MAR;http://alojawebapps.us.es/centrosdptos/pdi/pdi.php?pdi=12700
6170;COBO DE LA TORRE;GONZALO M;http://alojawebapps.us.es/centrosdptos/pdi/pdi.php?pdi=6170
11172;COBO DURAN;SERGIO;http://alojawebapps.us.es/centrosdptos/pdi/pdi.php?pdi=11172
14207;COBO PIÑERO;MARIA ROCIO;http://alojawebapps.us.es/centrosdptos/pdi/pdi.php?pdi=14207
9262;COBOS FUENTES;MARIA JOSE;http://alojawebapps.us.es/centrosdptos/pdi/pdi.php?pdi=9262
16700;COBOS SANCHEZ;MARIA JESUS;http://alojawebapps.us.es/centrosdptos/pdi/pdi.php?pdi=16700
12683;COHEÑA JIMENEZ;MANUEL;http://alojawebapps.us.es/centrosdptos/pdi/pdi.php?pdi=12683
11115;COLINA RAMIREZ;EDGAR IVAN;http://alojawebapps.us.es/centrosdptos/pdi/pdi.php?pdi=11115
17817;COLINAS MIRANDA;OLALLA;http://alojawebapps.us.es/centrosdptos/pdi/pdi.php?pdi=17817
17081;COLLADO ALIAÑO;MIGUEL ANGEL;http://alojawebapps.us.es/centrosdptos/pdi/pdi.php?pdi=17081
3714;COLODRO RUIZ;FRANCISCO;http://alojawebapps.us.es/centrosdptos/pdi/pdi.php?pdi=3714
16480;COLOMER HERNANDEZ;JOSE MARIA;http://alojawebapps.us.es/centrosdptos/pdi/pdi.php?pdi=16480
14647;COLOMER HERNANDEZ;SEGISMUNDO;http://alojawebapps.us.es/centrosdptos/pdi/pdi.php?pdi=14647
2742;COMELLAS AGUIRREZABAL;MERCEDES;http://alojawebapps.us.es/centrosdptos/pdi/pdi.php?pdi=2742
5647;COMESAÑA RINCON;JOAQUIN;http://alojawebapps.us.es/centrosdptos/pdi/pdi.php?pdi=5647
9614;COMINO MONTILLA;ISABEL MARIA;http://alojawebapps.us.es/centrosdptos/pdi/pdi.php?pdi=9614
3276;COMPAN CARDIEL;VICTOR JESUS;http://alojawebapps.us.es/centrosdptos/pdi/pdi.php?pdi=3276
6645;CONDE FERNANDEZ;MARIA DOLORES;http://alojawebapps.us.es/centrosdptos/pdi/pdi.php?pdi=6645
11666;CONDE JIMENEZ;JESUS;http://alojawebapps.us.es/centrosdptos/pdi/pdi.php?pdi=11666
4040;CONDE SANCHEZ;EDUARDO;http://alojawebapps.us.es/centrosdptos/pdi/pdi.php?pdi=4040
3713;CONEJERO CASTRO;MARIA;http://alojawebapps.us.es/centrosdptos/pdi/pdi.php?pdi=3713
8410;CONEJO ARGANDOÑA;MARIA DEL MAR;http://alojawebapps.us.es/centrosdptos/pdi/pdi.php?pdi=8410
4226;CONEJO GONZALO;MARIA CARMEN;http://alojawebapps.us.es/centrosdptos/pdi/pdi.php?pdi=4226
6177;CONGOSTO MARTIN;YOLANDA;http://alojawebapps.us.es/centrosdptos/pdi/pdi.php?pdi=6177
4335;CONRADI BARRENA;MERCEDES;http://alojawebapps.us.es/centrosdptos/pdi/pdi.php?pdi=4335
6172;CONRADI GALNARES;ESPERANZA;http://alojawebapps.us.es/centrosdptos/pdi/pdi.php?pdi=6172
10764;CONSTENLA CORTES;MARIA CELIA;http://alojawebapps.us.es/centrosdptos/pdi/pdi.php?pdi=10764
17615;CONTRERAS BERNAL;LIDIA;http://alojawebapps.us.es/centrosdptos/pdi/pdi.php?pdi=17615
4548;CONTRERAS BUCETA;LEOPOLDO;http://alojawebapps.us.es/centrosdptos/pdi/pdi.php?pdi=4548
10507;CONTRERAS CABRERA;GUSTAVO A;http://alojawebapps.us.es/centrosdptos/pdi/pdi.php?pdi=10507
10478;CONTRERAS CACERES;ALBERTO;http://alojawebapps.us.es/centrosdptos/pdi/pdi.php?pdi=10478
16461;CONTRERAS MANRIQUE;MIGUEL;http://alojawebapps.us.es/centrosdptos/pdi/pdi.php?pdi=16461
5603;CONTRERAS MARQUEZ;MANUEL DOMINGO;http://alojawebapps.us.es/centrosdptos/pdi/pdi.php?pdi=5603
5017;CONTRERAS MEDINA;FERNANDO RAMON;http://alojawebapps.us.es/centrosdptos/pdi/pdi.php?pdi=5017
17985;CONTRERAS NAVARRO;NOELIA;http://alojawebapps.us.es/centrosdptos/pdi/pdi.php?pdi=17985
9125;CONTRERAS NAVIDAD;SALVADOR;http://alojawebapps.us.es/centrosdptos/pdi/pdi.php?pdi=9125
5599;CONTRERAS PELAEZ;FRANCISCO JOSE;http://alojawebapps.us.es/centrosdptos/pdi/pdi.php?pdi=5599
3717;COQ HUELVA;DANIEL;http://alojawebapps.us.es/centrosdptos/pdi/pdi.php?pdi=3717
10660;CORBI LLOPIS;ROSA;http://alojawebapps.us.es/centrosdptos/pdi/pdi.php?pdi=10660
16198;CORCHUELO FERNANDEZ;CELIA;http://alojawebapps.us.es/centrosdptos/pdi/pdi.php?pdi=16198
4230;CORCHUELO GIL;RAFAEL;http://alojawebapps.us.es/centrosdptos/pdi/pdi.php?pdi=4230
3715;CORDERO BULNES;MARIA DEL AGUILA;http://alojawebapps.us.es/centrosdptos/pdi/pdi.php?pdi=3715
4967;CORDERO OLIVERO;INMACULADA;http://alojawebapps.us.es/centrosdptos/pdi/pdi.php?pdi=4967
18017;CORDERO PIÑERO;FRANCISCO;http://alojawebapps.us.es/centrosdptos/pdi/pdi.php?pdi=18017
4549;CORDERO VALLE;JUAN MANUEL;http://alojawebapps.us.es/centrosdptos/pdi/pdi.php?pdi=4549
3716;CORDOBA FERNANDEZ;ANTONIO;http://alojawebapps.us.es/centrosdptos/pdi/pdi.php?pdi=3716
12785;CORDOBA GALLEGO;JOSE MANUEL;http://alojawebapps.us.es/centrosdptos/pdi/pdi.php?pdi=12785
10951;CORDOBA ROLDAN;ANTONIO;http://alojawebapps.us.es/centrosdptos/pdi/pdi.php?pdi=10951
2656;CORDOBES CARMONA;FELIPE;http://alojawebapps.us.es/centrosdptos/pdi/pdi.php?pdi=2656
3800;CORDON FRANCO;ANDRES;http://alojawebapps.us.es/centrosdptos/pdi/pdi.php?pdi=3800
17082;CORELL ALMUZARA;ALFREDO;http://alojawebapps.us.es/centrosdptos/pdi/pdi.php?pdi=17082
10569;CORELL GONZALEZ;MIREIA;http://alojawebapps.us.es/centrosdptos/pdi/pdi.php?pdi=10569
17151;CORONA PEREZ;EDUARDO;http://alojawebapps.us.es/centrosdptos/pdi/pdi.php?pdi=17151
10709;CORONADO SANCHEZ;ANA;http://alojawebapps.us.es/centrosdptos/pdi/pdi.php?pdi=10709
16997;CORONEL RODRIGUEZ;CRISTOBAL;http://alojawebapps.us.es/centrosdptos/pdi/pdi.php?pdi=16997
5082;CORONEL TORO;JUAN FRANCISCO;http://alojawebapps.us.es/centrosdptos/pdi/pdi.php?pdi=5082
8167;CORRAL AGUILAR;ANTONIO;http://alojawebapps.us.es/centrosdptos/pdi/pdi.php?pdi=8167
6674;CORRAL PERNIA;JUAN ANTONIO;http://alojawebapps.us.es/centrosdptos/pdi/pdi.php?pdi=6674
16352;CORRAL REY;MARIA DE LAS NIEVES;http://alojawebapps.us.es/centrosdptos/pdi/pdi.php?pdi=16352
15087;CORRALES GUTIERREZ;ISABEL;http://alojawebapps.us.es/centrosdptos/pdi/pdi.php?pdi=15087
16581;CORREA DA SILVA;WALDIMEIRY;http://alojawebapps.us.es/centrosdptos/pdi/pdi.php?pdi=16581
7016;CORREA MONTOTO;ELENA;http://alojawebapps.us.es/centrosdptos/pdi/pdi.php?pdi=7016
18295;CORREA VAZQUEZ;MARIA;http://alojawebapps.us.es/centrosdptos/pdi/pdi.php?pdi=18295
3019;CORROCHANO PELAEZ;LUIS MARIA;http://alojawebapps.us.es/centrosdptos/pdi/pdi.php?pdi=3019
2524;CORTES ACHEDAD;PABLO FABIO;http://alojawebapps.us.es/centrosdptos/pdi/pdi.php?pdi=2524
3571;CORTES ALBALA;ISIDRO;http://alojawebapps.us.es/centrosdptos/pdi/pdi.php?pdi=3571
18532;CORTES ALVAREZ;MARIA DE LA PAZ;http://alojawebapps.us.es/centrosdptos/pdi/pdi.php?pdi=18532
13725;CORTES GARCIA;ALBA;http://alojawebapps.us.es/centrosdptos/pdi/pdi.php?pdi=13725
8498;CORTES GIRALDO;MIGUEL ANTONIO;http://alojawebapps.us.es/centrosdptos/pdi/pdi.php?pdi=8498
6183;CORTES PAREJO;MARIA CARMEN;http://alojawebapps.us.es/centrosdptos/pdi/pdi.php?pdi=6183
11152;CORTES SANCHEZ;MIGUEL;http://alojawebapps.us.es/centrosdptos/pdi/pdi.php?pdi=11152
6987;CORTES VEGA;MARIA DOLORES;http://alojawebapps.us.es/centrosdptos/pdi/pdi.php?pdi=6987
6923;CORUJO VELEZ;MARIA DEL CARMEN;http://alojawebapps.us.es/centrosdptos/pdi/pdi.php?pdi=6923
10486;COTAN FERNANDEZ;ALMUDENA;http://alojawebapps.us.es/centrosdptos/pdi/pdi.php?pdi=10486
3830;COVA MORILLO-VELARDE;MIGUEL ANGEL DE LA;http://alojawebapps.us.es/centrosdptos/pdi/pdi.php?pdi=3830
16542;COZAR BERNAL;FERNANDO;http://alojawebapps.us.es/centrosdptos/pdi/pdi.php?pdi=16542
14942;COZAR LEON;MARIA VICTORIA;http://alojawebapps.us.es/centrosdptos/pdi/pdi.php?pdi=14942
15440;COZAR LEON;ROCIO;http://alojawebapps.us.es/centrosdptos/pdi/pdi.php?pdi=15440
13389;CRAVIOTTO VALLE;PATRICIA;http://alojawebapps.us.es/centrosdptos/pdi/pdi.php?pdi=13389
16464;CRESPI;FRANCESCO MARIA;http://alojawebapps.us.es/centrosdptos/pdi/pdi.php?pdi=16464
12775;CRESPO DIAZ-VELARDE;LUIS JOSE;http://alojawebapps.us.es/centrosdptos/pdi/pdi.php?pdi=12775
15205;CRESPO FACORRO;BENEDICTO;http://alojawebapps.us.es/centrosdptos/pdi/pdi.php?pdi=15205
15924;CRESPO GALLARDO;ISABEL DEL ROCIO;http://alojawebapps.us.es/centrosdptos/pdi/pdi.php?pdi=15924
5654;CRESPO MARQUEZ;ADOLFO;http://alojawebapps.us.es/centrosdptos/pdi/pdi.php?pdi=5654
6182;CRESPO PEREZ;JUAN MANUEL;http://alojawebapps.us.es/centrosdptos/pdi/pdi.php?pdi=6182
4724;CREWS;BRIAN;http://alojawebapps.us.es/centrosdptos/pdi/pdi.php?pdi=4724
3032;CRIADO GARCIA-LEGAZ;FERNANDO;http://alojawebapps.us.es/centrosdptos/pdi/pdi.php?pdi=3032
2323;CRIADO MARTINEZ;NINFA ANTONIA;http://alojawebapps.us.es/centrosdptos/pdi/pdi.php?pdi=2323
4056;CRIADO VEGA;ALBERTO;http://alojawebapps.us.es/centrosdptos/pdi/pdi.php?pdi=4056
4055;CRIADO VEGA;AMELIA;http://alojawebapps.us.es/centrosdptos/pdi/pdi.php?pdi=4055
16888;CRISMAN PEREZ;RAFAEL FERNANDO;http://alojawebapps.us.es/centrosdptos/pdi/pdi.php?pdi=16888
4228;CRUCES ALVAREZ;SERGIO ANTONIO;http://alojawebapps.us.es/centrosdptos/pdi/pdi.php?pdi=4228
15351;CRUCES ROLDAN;CRISTINA;http://alojawebapps.us.es/centrosdptos/pdi/pdi.php?pdi=15351
2751;CRUZ DIAZ;JESUS DE LA;http://alojawebapps.us.es/centrosdptos/pdi/pdi.php?pdi=2751
13560;CRUZ DIAZ;JOSE;http://alojawebapps.us.es/centrosdptos/pdi/pdi.php?pdi=13560
18334;CRUZ DURAN;BELEN;http://alojawebapps.us.es/centrosdptos/pdi/pdi.php?pdi=18334
4227;CRUZ GIRALDEZ;MIGUEL;http://alojawebapps.us.es/centrosdptos/pdi/pdi.php?pdi=4227
7340;CRUZ HERNANDEZ;NORGE;http://alojawebapps.us.es/centrosdptos/pdi/pdi.php?pdi=7340
18288;CRUZ HIDALGO;ESTEBAN;http://alojawebapps.us.es/centrosdptos/pdi/pdi.php?pdi=18288
6178;CRUZ ISIDORO;FERNANDO;http://alojawebapps.us.es/centrosdptos/pdi/pdi.php?pdi=6178
7366;CRUZ MATA;FERMIN;http://alojawebapps.us.es/centrosdptos/pdi/pdi.php?pdi=7366
8396;CRUZ MAZO;ESTRELLA CANDELARIA;http://alojawebapps.us.es/centrosdptos/pdi/pdi.php?pdi=8396
12893;CRUZ MERINO;LUIS DE LA;http://alojawebapps.us.es/centrosdptos/pdi/pdi.php?pdi=12893
2498;CRUZ RISCO;MARIA MARGARITA;http://alojawebapps.us.es/centrosdptos/pdi/pdi.php?pdi=2498
6652;CRUZ RIVERO;DIEGO JUAN;http://alojawebapps.us.es/centrosdptos/pdi/pdi.php?pdi=6652
8409;CRUZ RODRIGUEZ;DANIEL;http://alojawebapps.us.es/centrosdptos/pdi/pdi.php?pdi=8409
3712;CRUZ ROMERO;PEDRO L;http://alojawebapps.us.es/centrosdptos/pdi/pdi.php?pdi=3712
9664;CRUZ TORRES;BLANCA DE LA;http://alojawebapps.us.es/centrosdptos/pdi/pdi.php?pdi=9664
4802;CRUZ VILLALON;JESUS;http://alojawebapps.us.es/centrosdptos/pdi/pdi.php?pdi=4802
11632;CRUZ-GUZMAN ALCALA;MARTA;http://alojawebapps.us.es/centrosdptos/pdi/pdi.php?pdi=11632
14368;CUADRADO CABELLO;NIEVES;http://alojawebapps.us.es/centrosdptos/pdi/pdi.php?pdi=14368
17926;CUADRI CRESPO;SOCRATES;http://alojawebapps.us.es/centrosdptos/pdi/pdi.php?pdi=17926
8348;CUADROS MUÑOZ;ROBERTO;http://alojawebapps.us.es/centrosdptos/pdi/pdi.php?pdi=8348
10508;CUARTERO RODRIGUEZ;EVA;http://alojawebapps.us.es/centrosdptos/pdi/pdi.php?pdi=10508
6922;CUBERO GOMEZ;DAVID;http://alojawebapps.us.es/centrosdptos/pdi/pdi.php?pdi=6922
8904;CUBERO MOYA;ANDRES;http://alojawebapps.us.es/centrosdptos/pdi/pdi.php?pdi=8904
4723;CUBERO PEREZ;MERCEDES;http://alojawebapps.us.es/centrosdptos/pdi/pdi.php?pdi=4723
6176;CUBERO PEREZ;ROSARIO;http://alojawebapps.us.es/centrosdptos/pdi/pdi.php?pdi=6176
2500;CUBERO TRUYO;ANTONIO MANUEL;http://alojawebapps.us.es/centrosdptos/pdi/pdi.php?pdi=2500
7287;CUBEROS GALLARDO;FRANCISCO JOSE;http://alojawebapps.us.es/centrosdptos/pdi/pdi.php?pdi=7287
6175;CUBILES DE LA VEGA;MARIA DOLORES;http://alojawebapps.us.es/centrosdptos/pdi/pdi.php?pdi=6175
4930;CUBILES SANCHEZ-POBRE;PILAR;http://alojawebapps.us.es/centrosdptos/pdi/pdi.php?pdi=4930
6174;CUBO SANCHEZ;MARIA TERESA;http://alojawebapps.us.es/centrosdptos/pdi/pdi.php?pdi=6174
4225;CUELLAR PORTERO;ADOLFO;http://alojawebapps.us.es/centrosdptos/pdi/pdi.php?pdi=4225
6173;CUENCA VILLARIN;M HELIODORA;http://alojawebapps.us.es/centrosdptos/pdi/pdi.php?pdi=6173
5111;CUESTA ROJO;FEDERICO;http://alojawebapps.us.es/centrosdptos/pdi/pdi.php?pdi=5111
3035;CUEVAS GOMEZ;MIGUEL ANGEL;http://alojawebapps.us.es/centrosdptos/pdi/pdi.php?pdi=3035
6836;CUEVAS MARAVER;JESUS;http://alojawebapps.us.es/centrosdptos/pdi/pdi.php?pdi=6836
5668;CURBERA COSTELLO;GUILLERMO;http://alojawebapps.us.es/centrosdptos/pdi/pdi.php?pdi=5668
5669;CUTILLAS BARRIOS;MARIA ISABEL CRISTINA;http://alojawebapps.us.es/centrosdptos/pdi/pdi.php?pdi=5669
3234;D'ANGELIS;ANTONELLA;http://alojawebapps.us.es/centrosdptos/pdi/pdi.php?pdi=3234
16742;DA ROSA HUGO;LUCAS;http://alojawebapps.us.es/centrosdptos/pdi/pdi.php?pdi=16742
14977;DABAN CASTRO;MARIA LUISA;http://alojawebapps.us.es/centrosdptos/pdi/pdi.php?pdi=14977
5582;DANA JIMENEZ;JUAN CARLOS;http://alojawebapps.us.es/centrosdptos/pdi/pdi.php?pdi=5582
18534;DANGLEMONT DE TASSIGNY;XAVIER;http://alojawebapps.us.es/centrosdptos/pdi/pdi.php?pdi=18534
6155;DAROCA BRUÑO;JOSE LUIS;http://alojawebapps.us.es/centrosdptos/pdi/pdi.php?pdi=6155
4712;DAVILA MARTIN;JAVIER;http://alojawebapps.us.es/centrosdptos/pdi/pdi.php?pdi=4712
9179;DAVIS LOPEZ DE CARRIZOSA;M AMERICA;http://alojawebapps.us.es/centrosdptos/pdi/pdi.php?pdi=9179
2325;DAZA NAVARRO;MARIA PAULA;http://alojawebapps.us.es/centrosdptos/pdi/pdi.php?pdi=2325
18395;DE BENITO SAMANIEGO;MIGUEL ANGEL;http://alojawebapps.us.es/centrosdptos/pdi/pdi.php?pdi=18395
16501;DE BESA GUTIERREZ;RAFAEL;http://alojawebapps.us.es/centrosdptos/pdi/pdi.php?pdi=16501
18209;DE DIEGO FURNIER;MARGARITA;http://alojawebapps.us.es/centrosdptos/pdi/pdi.php?pdi=18209
16206;DE FRANCISCO PALACIOS;CRISTINA MARIA;http://alojawebapps.us.es/centrosdptos/pdi/pdi.php?pdi=16206
12564;DE GONZALO CALVO;GONZALO;http://alojawebapps.us.es/centrosdptos/pdi/pdi.php?pdi=12564
16922;DE JULIOS COSTAS;ESPERANZA;http://alojawebapps.us.es/centrosdptos/pdi/pdi.php?pdi=16922
18479;DE LA MATA ACOSTA;ESTHER;http://alojawebapps.us.es/centrosdptos/pdi/pdi.php?pdi=18479
17844;DE LA PISA PASCUAL;MIGUEL;http://alojawebapps.us.es/centrosdptos/pdi/pdi.php?pdi=17844
17702;DE LOS AIRES SOLIS;MANUEL DAVID;http://alojawebapps.us.es/centrosdptos/pdi/pdi.php?pdi=17702
18381;DE MIGUEL MEANA;ELOY ANGEL;http://alojawebapps.us.es/centrosdptos/pdi/pdi.php?pdi=18381
18137;DE OÑATE RODRIGUEZ DE LA BORBOLLA;MYRIAM;http://alojawebapps.us.es/centrosdptos/pdi/pdi.php?pdi=18137
6330;DE PAZ BAÑEZ;MARIA VIOLANTE;http://alojawebapps.us.es/centrosdptos/pdi/pdi.php?pdi=6330
9672;DE SARLO;GIULIA;http://alojawebapps.us.es/centrosdptos/pdi/pdi.php?pdi=9672
12554;DE TENA RAMIREZ;CARMEN FATIMA;http://alojawebapps.us.es/centrosdptos/pdi/pdi.php?pdi=12554
14730;DEL AGUILA PUNTAS;TAMARA;http://alojawebapps.us.es/centrosdptos/pdi/pdi.php?pdi=14730
17679;DEL CASTILLO VIVEROS;MARIA GRANADA;http://alojawebapps.us.es/centrosdptos/pdi/pdi.php?pdi=17679
16011;DEL CUBO MOLINA;AIDA;http://alojawebapps.us.es/centrosdptos/pdi/pdi.php?pdi=16011
9582;DEL REAL TORRES;ALEJANDRO J;http://alojawebapps.us.es/centrosdptos/pdi/pdi.php?pdi=9582
15545;DEL VALLE GARCIA;JOSE CARLOS;http://alojawebapps.us.es/centrosdptos/pdi/pdi.php?pdi=15545
18499;DEL VILLAR TORIBIO;MARIA CRISTINA;http://alojawebapps.us.es/centrosdptos/pdi/pdi.php?pdi=18499
12510;DELGADO AVILA;ENRIQUE;http://alojawebapps.us.es/centrosdptos/pdi/pdi.php?pdi=12510
16029;DELGADO DE LA CUESTA;JUAN;http://alojawebapps.us.es/centrosdptos/pdi/pdi.php?pdi=16029
4214;DELGADO GARCIA;ANTONIO;http://alojawebapps.us.es/centrosdptos/pdi/pdi.php?pdi=4214
18515;DELGADO GARRIDO;MARCO;http://alojawebapps.us.es/centrosdptos/pdi/pdi.php?pdi=18515
10017;DELGADO GARRIDO;OLVIDO;http://alojawebapps.us.es/centrosdptos/pdi/pdi.php?pdi=10017
7326;DELGADO GONZALEZ;ANTONIO LUIS;http://alojawebapps.us.es/centrosdptos/pdi/pdi.php?pdi=7326
6145;DELGADO GONZALEZ;LORETO;http://alojawebapps.us.es/centrosdptos/pdi/pdi.php?pdi=6145
2731;DELGADO GRANADOS;PATRICIA;http://alojawebapps.us.es/centrosdptos/pdi/pdi.php?pdi=2731
12589;DELGADO HERRERA;PABLO;http://alojawebapps.us.es/centrosdptos/pdi/pdi.php?pdi=12589
15416;DELGADO JIMENEZ;JOSE MANUEL;http://alojawebapps.us.es/centrosdptos/pdi/pdi.php?pdi=15416
11085;DELGADO PARDO;GRACIA;http://alojawebapps.us.es/centrosdptos/pdi/pdi.php?pdi=11085
15594;DELGADO PECELLIN;ISABEL;http://alojawebapps.us.es/centrosdptos/pdi/pdi.php?pdi=15594
9149;DELGADO PEREZ;MERCEDES;http://alojawebapps.us.es/centrosdptos/pdi/pdi.php?pdi=9149
4721;DELGADO PERTIÑEZ;MANUEL;http://alojawebapps.us.es/centrosdptos/pdi/pdi.php?pdi=4721
11193;DELGADO RIVAS;CARMEN MARIA;http://alojawebapps.us.es/centrosdptos/pdi/pdi.php?pdi=11193
13157;DELGADO RODRIGUEZ;JOAQUIN MARIA;http://alojawebapps.us.es/centrosdptos/pdi/pdi.php?pdi=13157
16441;DELGADO ROJAS;JESUS IGNACIO;http://alojawebapps.us.es/centrosdptos/pdi/pdi.php?pdi=16441
3702;DELGADO ROMERO;JOSE RAMON;http://alojawebapps.us.es/centrosdptos/pdi/pdi.php?pdi=3702
14956;DELGADO SANCHEZ;JOSE MARIA;http://alojawebapps.us.es/centrosdptos/pdi/pdi.php?pdi=14956
10705;DELGADO SANCHEZ;JUAN MANUEL;http://alojawebapps.us.es/centrosdptos/pdi/pdi.php?pdi=10705
5497;DELGADO VALBUENA;CUSTODIO;http://alojawebapps.us.es/centrosdptos/pdi/pdi.php?pdi=5497
17934;DELGADO VALVERDE;MARIA DE LAS MERCEDES;http://alojawebapps.us.es/centrosdptos/pdi/pdi.php?pdi=17934
12928;DELIBES MATEOS;ROCIO;http://alojawebapps.us.es/centrosdptos/pdi/pdi.php?pdi=12928
11214;DI MARCO;DONATELLA;http://alojawebapps.us.es/centrosdptos/pdi/pdi.php?pdi=11214
4542;DIANEZ MARTINEZ;ANA ROSA;http://alojawebapps.us.es/centrosdptos/pdi/pdi.php?pdi=4542
4223;DIAZ ANTUNES-BARRADAS;MARIA CRUZ;http://alojawebapps.us.es/centrosdptos/pdi/pdi.php?pdi=4223
4932;DIAZ ARGANDOÑA;ESTRELLA;http://alojawebapps.us.es/centrosdptos/pdi/pdi.php?pdi=4932
9650;DIAZ AVILA;NIEVES;http://alojawebapps.us.es/centrosdptos/pdi/pdi.php?pdi=9650
2473;DIAZ BAÑEZ;JOSE MIGUEL;http://alojawebapps.us.es/centrosdptos/pdi/pdi.php?pdi=2473
8494;DIAZ BLANCO;JOSE MANUEL;http://alojawebapps.us.es/centrosdptos/pdi/pdi.php?pdi=8494
17825;DIAZ BORREGO;PAOLA;http://alojawebapps.us.es/centrosdptos/pdi/pdi.php?pdi=17825
17167;DIAZ BRAVO;ENRIQUE ORLANDO;http://alojawebapps.us.es/centrosdptos/pdi/pdi.php?pdi=17167
5502;DIAZ CALLEJA;EMILIO;http://alojawebapps.us.es/centrosdptos/pdi/pdi.php?pdi=5502
2653;DIAZ CAÑETE;PABLO;http://alojawebapps.us.es/centrosdptos/pdi/pdi.php?pdi=2653
17828;DIAZ CARRASCO;PILAR;http://alojawebapps.us.es/centrosdptos/pdi/pdi.php?pdi=17828
14859;DIAZ CARRION;ROSALIA;http://alojawebapps.us.es/centrosdptos/pdi/pdi.php?pdi=14859
8558;DIAZ CUEVAS;MARIA DEL PILAR;http://alojawebapps.us.es/centrosdptos/pdi/pdi.php?pdi=8558
15863;DIAZ CURBELO;ALINA;http://alojawebapps.us.es/centrosdptos/pdi/pdi.php?pdi=15863
9919;DIAZ DE LA TORRE;ISABEL;http://alojawebapps.us.es/centrosdptos/pdi/pdi.php?pdi=9919
11916;DIAZ DE MAYORGA CORDON;CARLOS;http://alojawebapps.us.es/centrosdptos/pdi/pdi.php?pdi=11916
5591;DIAZ DEL OLMO;FERNANDO;http://alojawebapps.us.es/centrosdptos/pdi/pdi.php?pdi=5591
6162;DIAZ DEL RIO HERNANDO;ANGEL JESUS;http://alojawebapps.us.es/centrosdptos/pdi/pdi.php?pdi=6162
5769;DIAZ DEL RIO;FERNANDO;http://alojawebapps.us.es/centrosdptos/pdi/pdi.php?pdi=5769
15344;DIAZ DORADO;MONTSERRAT;http://alojawebapps.us.es/centrosdptos/pdi/pdi.php?pdi=15344
4222;DIAZ ESCUDERO;JULIO;http://alojawebapps.us.es/centrosdptos/pdi/pdi.php?pdi=4222
17840;DIAZ FERNANDEZ;ALEJANDRO;http://alojawebapps.us.es/centrosdptos/pdi/pdi.php?pdi=17840
2784;DIAZ FERNANDEZ;MARIA DEL CARMEN;http://alojawebapps.us.es/centrosdptos/pdi/pdi.php?pdi=2784
13286;DIAZ GARCIA;ALVARO;http://alojawebapps.us.es/centrosdptos/pdi/pdi.php?pdi=13286
3202;DIAZ GARRIDO;MERCEDES;http://alojawebapps.us.es/centrosdptos/pdi/pdi.php?pdi=3202
15415;DIAZ GUTIERREZ;FERNANDO;http://alojawebapps.us.es/centrosdptos/pdi/pdi.php?pdi=15415
17922;DIAZ LEON;BLAS;http://alojawebapps.us.es/centrosdptos/pdi/pdi.php?pdi=17922
5528;DIAZ LIFANTE;ZOYLA MARIA;http://alojawebapps.us.es/centrosdptos/pdi/pdi.php?pdi=5528
2971;DIAZ MADRIGAL;SANTIAGO;http://alojawebapps.us.es/centrosdptos/pdi/pdi.php?pdi=2971
3504;DIAZ MADRIGAL;VICTOR JESUS;http://alojawebapps.us.es/centrosdptos/pdi/pdi.php?pdi=3504
8229;DIAZ MANCHA;JUAN ANTONIO;http://alojawebapps.us.es/centrosdptos/pdi/pdi.php?pdi=8229
15345;DIAZ MONTAÑA;ENRIQUE JACOBO;http://alojawebapps.us.es/centrosdptos/pdi/pdi.php?pdi=15345
4760;DIAZ MORALES;JUAN ANTONIO;http://alojawebapps.us.es/centrosdptos/pdi/pdi.php?pdi=4760
4982;DIAZ MORENO;ALBERTO;http://alojawebapps.us.es/centrosdptos/pdi/pdi.php?pdi=4982
4719;DIAZ MORENO;ALEJANDRO;http://alojawebapps.us.es/centrosdptos/pdi/pdi.php?pdi=4719
2789;DIAZ MORENO;FERNANDO;http://alojawebapps.us.es/centrosdptos/pdi/pdi.php?pdi=2789
7131;DIAZ MORENO;IRENE;http://alojawebapps.us.es/centrosdptos/pdi/pdi.php?pdi=7131
3505;DIAZ NOGUERA;MARIA DOLORES;http://alojawebapps.us.es/centrosdptos/pdi/pdi.php?pdi=3505
2980;DIAZ OJEDA;EMILIO;http://alojawebapps.us.es/centrosdptos/pdi/pdi.php?pdi=2980
11841;DIAZ ORDOÑEZ;MANUEL;http://alojawebapps.us.es/centrosdptos/pdi/pdi.php?pdi=11841
8541;DIAZ PARRA;RUBEN IBAN;http://alojawebapps.us.es/centrosdptos/pdi/pdi.php?pdi=8541
6161;DIAZ PITA;MARIA PAULA;http://alojawebapps.us.es/centrosdptos/pdi/pdi.php?pdi=6161
10639;DIAZ PRADA;ELISA;http://alojawebapps.us.es/centrosdptos/pdi/pdi.php?pdi=10639
2266;DIAZ QUINTANA;ANTONIO JESUS;http://alojawebapps.us.es/centrosdptos/pdi/pdi.php?pdi=2266
4278;DIAZ RAVN;NICOLAS;http://alojawebapps.us.es/centrosdptos/pdi/pdi.php?pdi=4278
17169;DIAZ ROMERO;SANTIAGO;http://alojawebapps.us.es/centrosdptos/pdi/pdi.php?pdi=17169
8675;DIAZ SANCHEZ;VIOLETA;http://alojawebapps.us.es/centrosdptos/pdi/pdi.php?pdi=8675
7067;DIAZ TROYA;SANDRA;http://alojawebapps.us.es/centrosdptos/pdi/pdi.php?pdi=7067
8876;DIAZ-RECASENS MONTERO DE ESPINOSA;CARLOS;http://alojawebapps.us.es/centrosdptos/pdi/pdi.php?pdi=8876
8877;DIAZ-RECASENS MONTERO DE ESPINOSA;GONZALO CARLOS;http://alojawebapps.us.es/centrosdptos/pdi/pdi.php?pdi=8877
13189;DIEGO CORDERO;ROCIO DE;http://alojawebapps.us.es/centrosdptos/pdi/pdi.php?pdi=13189
18357;DIEGUEZ MORAN;MACARENA;http://alojawebapps.us.es/centrosdptos/pdi/pdi.php?pdi=18357
7948;DIEZ LOPEZ;MARTA;http://alojawebapps.us.es/centrosdptos/pdi/pdi.php?pdi=7948
6451;DIEZ MARTIN;ELENA;http://alojawebapps.us.es/centrosdptos/pdi/pdi.php?pdi=6451
13850;DIEZ-QUIJADA JIMENEZ;LETICIA;http://alojawebapps.us.es/centrosdptos/pdi/pdi.php?pdi=13850
11633;DIOUF DIENE;BERNADETTE;http://alojawebapps.us.es/centrosdptos/pdi/pdi.php?pdi=11633
11730;DOBLADO PONCE DE LEON;JOSE MARIO;http://alojawebapps.us.es/centrosdptos/pdi/pdi.php?pdi=11730
8174;DOBLAS CHARNECO;FRANCISCO JAVIER;http://alojawebapps.us.es/centrosdptos/pdi/pdi.php?pdi=8174
8472;DOCOBO PEREZ;FERNANDO MANUEL;http://alojawebapps.us.es/centrosdptos/pdi/pdi.php?pdi=8472
5395;DOMENE MARTOS;SOLEDAD JOSEFA;http://alojawebapps.us.es/centrosdptos/pdi/pdi.php?pdi=5395
4020;DOMINGO CARRILLO;MIGUEL ANGEL;http://alojawebapps.us.es/centrosdptos/pdi/pdi.php?pdi=4020
11169;DOMINGO MARTINEZ;JAIME JAVIER;http://alojawebapps.us.es/centrosdptos/pdi/pdi.php?pdi=11169
6465;DOMINGUEZ ALVAREZ;ALVARO;http://alojawebapps.us.es/centrosdptos/pdi/pdi.php?pdi=6465
14705;DOMINGUEZ ALVAREZ;AURELIO;http://alojawebapps.us.es/centrosdptos/pdi/pdi.php?pdi=14705
17916;DOMINGUEZ ALVAREZ;MARIA DEL ROCIO;http://alojawebapps.us.es/centrosdptos/pdi/pdi.php?pdi=17916
2794;DOMINGUEZ AMARILLO;SAMUEL;http://alojawebapps.us.es/centrosdptos/pdi/pdi.php?pdi=2794
12840;DOMINGUEZ BARRAGAN;MARIA LUISA;http://alojawebapps.us.es/centrosdptos/pdi/pdi.php?pdi=12840
6165;DOMINGUEZ CABALLERO;ROSA MARIA;http://alojawebapps.us.es/centrosdptos/pdi/pdi.php?pdi=6165
10396;DOMINGUEZ CAÑIZARES;ROBERTO;http://alojawebapps.us.es/centrosdptos/pdi/pdi.php?pdi=10396
7332;DOMINGUEZ CARDOSO;PABLO;http://alojawebapps.us.es/centrosdptos/pdi/pdi.php?pdi=7332
15684;DOMINGUEZ CID;SAMUEL;http://alojawebapps.us.es/centrosdptos/pdi/pdi.php?pdi=15684
3342;DOMINGUEZ DE LA CONCHA-CASTAÑEDA;MARTA;http://alojawebapps.us.es/centrosdptos/pdi/pdi.php?pdi=3342
5555;DOMINGUEZ DELGADO;ANTONIO;http://alojawebapps.us.es/centrosdptos/pdi/pdi.php?pdi=5555
9648;DOMINGUEZ DELGADO;RUBEN;http://alojawebapps.us.es/centrosdptos/pdi/pdi.php?pdi=9648
10422;DOMINGUEZ FREJO;JOSE RAMON;http://alojawebapps.us.es/centrosdptos/pdi/pdi.php?pdi=10422
3577;DOMINGUEZ GARCIA;INMACULADA;http://alojawebapps.us.es/centrosdptos/pdi/pdi.php?pdi=3577
17020;DOMINGUEZ GARCIA;RICARDO MANUEL;http://alojawebapps.us.es/centrosdptos/pdi/pdi.php?pdi=17020
15911;DOMINGUEZ GOMEZ;BENJAMIN;http://alojawebapps.us.es/centrosdptos/pdi/pdi.php?pdi=15911
12075;DOMINGUEZ GUERRERO;MARIA LUISA;http://alojawebapps.us.es/centrosdptos/pdi/pdi.php?pdi=12075
18139;DOMINGUEZ GUTIERREZ;ALVARO;http://alojawebapps.us.es/centrosdptos/pdi/pdi.php?pdi=18139
15944;DOMINGUEZ HERRERA;RAUL;http://alojawebapps.us.es/centrosdptos/pdi/pdi.php?pdi=15944
8104;DOMINGUEZ LEAL;M ISABEL;http://alojawebapps.us.es/centrosdptos/pdi/pdi.php?pdi=8104
12102;DOMINGUEZ MACIAS;LEOPOLDO;http://alojawebapps.us.es/centrosdptos/pdi/pdi.php?pdi=12102
3307;DOMINGUEZ MALDONADO;GABRIEL;http://alojawebapps.us.es/centrosdptos/pdi/pdi.php?pdi=3307
9860;DOMINGUEZ MAYO;FRANCISCO JOSE;http://alojawebapps.us.es/centrosdptos/pdi/pdi.php?pdi=9860
12841;DOMINGUEZ MORALES;ANA;http://alojawebapps.us.es/centrosdptos/pdi/pdi.php?pdi=12841
12889;DOMINGUEZ MORALES;JUAN PEDRO;http://alojawebapps.us.es/centrosdptos/pdi/pdi.php?pdi=12889
9862;DOMINGUEZ MORALES;MANUEL JESUS;http://alojawebapps.us.es/centrosdptos/pdi/pdi.php?pdi=9862
10093;DOMINGUEZ MUÑINO;JAVIER;http://alojawebapps.us.es/centrosdptos/pdi/pdi.php?pdi=10093
13851;DOMINGUEZ NUÑEZ;M TERESA;http://alojawebapps.us.es/centrosdptos/pdi/pdi.php?pdi=13851
2464;DOMINGUEZ PLATAS;JESUS;http://alojawebapps.us.es/centrosdptos/pdi/pdi.php?pdi=2464
5758;DOMINGUEZ QUINTERO;ANA MARIA;http://alojawebapps.us.es/centrosdptos/pdi/pdi.php?pdi=5758
2703;DOMINGUEZ RUIZ;VICTORIA;http://alojawebapps.us.es/centrosdptos/pdi/pdi.php?pdi=2703
17605;DOMINGUEZ SALAS;SARA;http://alojawebapps.us.es/centrosdptos/pdi/pdi.php?pdi=17605
13726;DOMINGUEZ SANCHEZ;ISABEL;http://alojawebapps.us.es/centrosdptos/pdi/pdi.php?pdi=13726
4534;DOMINGUEZ SERRANO;MARIA ANGELES;http://alojawebapps.us.es/centrosdptos/pdi/pdi.php?pdi=4534
15861;DOMINGUEZ TORRES;HELENA;http://alojawebapps.us.es/centrosdptos/pdi/pdi.php?pdi=15861
11674;DOMINGUEZ VIÑAS;JOSEFA;http://alojawebapps.us.es/centrosdptos/pdi/pdi.php?pdi=11674
8704;DOMINGUEZ-ADAME LANUZA;EDUARDO;http://alojawebapps.us.es/centrosdptos/pdi/pdi.php?pdi=8704
11998;DONADEI;MARTA;http://alojawebapps.us.es/centrosdptos/pdi/pdi.php?pdi=11998
2533;DONOSO ANES;ALBERTO;http://alojawebapps.us.es/centrosdptos/pdi/pdi.php?pdi=2533
2276;DORADO NAVAS;FERNANDO;http://alojawebapps.us.es/centrosdptos/pdi/pdi.php?pdi=2276
4021;DORADO OCAÑA;MANUEL EUGENIO;http://alojawebapps.us.es/centrosdptos/pdi/pdi.php?pdi=4021
16507;DORMIDO ABRIL;JULIA;http://alojawebapps.us.es/centrosdptos/pdi/pdi.php?pdi=16507
9011;DORRONZORO ZUBIETE;ENRIQUE;http://alojawebapps.us.es/centrosdptos/pdi/pdi.php?pdi=9011
17550;DOS SANTOS RIBEIRO;LILIAN ADRIANE;http://alojawebapps.us.es/centrosdptos/pdi/pdi.php?pdi=17550
5780;DOUBOVA KRASOTCHENKO;ANNA;http://alojawebapps.us.es/centrosdptos/pdi/pdi.php?pdi=5780
4544;DRAKE MOYANO;ENRIQUE FERNANDO;http://alojawebapps.us.es/centrosdptos/pdi/pdi.php?pdi=4544
7241;DUARTE ATOCHE;M TERESA;http://alojawebapps.us.es/centrosdptos/pdi/pdi.php?pdi=7241
10382;DUARTE PIÑA;OLGA;http://alojawebapps.us.es/centrosdptos/pdi/pdi.php?pdi=10382
14418;DUGO DOMINGUEZ;VICTOR JESUS;http://alojawebapps.us.es/centrosdptos/pdi/pdi.php?pdi=14418
3834;DURAN BARRANTES;MARIA DE LA MONTAÑA;http://alojawebapps.us.es/centrosdptos/pdi/pdi.php?pdi=3834
6882;DURAN DIAZ;IVAN;http://alojawebapps.us.es/centrosdptos/pdi/pdi.php?pdi=6882
10562;DURAN GARCIA;EMILIO;http://alojawebapps.us.es/centrosdptos/pdi/pdi.php?pdi=10562
3526;DURAN GUARDEÑO;ANTONIO JOSE;http://alojawebapps.us.es/centrosdptos/pdi/pdi.php?pdi=3526
10716;DURAN LOBATO;MARIA MATILDE;http://alojawebapps.us.es/centrosdptos/pdi/pdi.php?pdi=10716
14011;DURAN LOPEZ;LOURDES;http://alojawebapps.us.es/centrosdptos/pdi/pdi.php?pdi=14011
16190;DURAN MANSO;VALERIANO;http://alojawebapps.us.es/centrosdptos/pdi/pdi.php?pdi=16190
18076;DURAN RISQUET;CARMEN;http://alojawebapps.us.es/centrosdptos/pdi/pdi.php?pdi=18076
11116;DURAN SEGURA;MARIA MERCEDES;http://alojawebapps.us.es/centrosdptos/pdi/pdi.php?pdi=11116
3705;DURAN TORO;AMADOR;http://alojawebapps.us.es/centrosdptos/pdi/pdi.php?pdi=3705
6163;DURAND NEYRA;PERCY;http://alojawebapps.us.es/centrosdptos/pdi/pdi.php?pdi=6163
13428;ECHAVES GARCIA;ANTONIO;http://alojawebapps.us.es/centrosdptos/pdi/pdi.php?pdi=13428
2819;ECHEVARRIA IRUSTA;MIRIAM;http://alojawebapps.us.es/centrosdptos/pdi/pdi.php?pdi=2819
4850;ECHEVARRIA MORENO;MARIA DE LAS MERCEDES;http://alojawebapps.us.es/centrosdptos/pdi/pdi.php?pdi=4850
5569;ECHEVARRIA RUIZ DE VARGAS;CRISTINA;http://alojawebapps.us.es/centrosdptos/pdi/pdi.php?pdi=5569
11843;EGEA CEGARRA;GREGORIO;http://alojawebapps.us.es/centrosdptos/pdi/pdi.php?pdi=11843
2647;EGUIA SALINAS;IGNACIO;http://alojawebapps.us.es/centrosdptos/pdi/pdi.php?pdi=2647
451;EHLERS;CHRISTOPH;http://alojawebapps.us.es/centrosdptos/pdi/pdi.php?pdi=451
16217;EISENBECK;NIKOLETT;http://alojawebapps.us.es/centrosdptos/pdi/pdi.php?pdi=16217
10967;EL KHOURY MORENO;LUIS;http://alojawebapps.us.es/centrosdptos/pdi/pdi.php?pdi=10967
3807;ELENA PEREZ;MARIA DEL MAR;http://alojawebapps.us.es/centrosdptos/pdi/pdi.php?pdi=3807
12300;ELIAS RODRIGUEZ;MARIA DEL PILAR;http://alojawebapps.us.es/centrosdptos/pdi/pdi.php?pdi=12300
13156;ELIAS ZAMBRANO;RODRIGO;http://alojawebapps.us.es/centrosdptos/pdi/pdi.php?pdi=13156
18251;ENCARNACION PINEDO;MIRIAM;http://alojawebapps.us.es/centrosdptos/pdi/pdi.php?pdi=18251
4717;ENCINA ENCINA;MARIA LOURDES;http://alojawebapps.us.es/centrosdptos/pdi/pdi.php?pdi=4717
13893;ENCINAS TOBAJAS;VICTOR MANUEL;http://alojawebapps.us.es/centrosdptos/pdi/pdi.php?pdi=13893
3856;ENGUIX GONZALEZ;ALICIA;http://alojawebapps.us.es/centrosdptos/pdi/pdi.php?pdi=3856
16294;ENRIQUE LOPEZ;ELENA;http://alojawebapps.us.es/centrosdptos/pdi/pdi.php?pdi=16294
4800;ENRIQUEZ DE SALAMANCA ROS;FERNANDO;http://alojawebapps.us.es/centrosdptos/pdi/pdi.php?pdi=4800
13333;ERENA GUARDIA;DIEGO;http://alojawebapps.us.es/centrosdptos/pdi/pdi.php?pdi=13333
3003;ESCACENA CARRASCO;JOSE LUIS;http://alojawebapps.us.es/centrosdptos/pdi/pdi.php?pdi=3003
3296;ESCALONA CUARESMA;MARIA JOSE;http://alojawebapps.us.es/centrosdptos/pdi/pdi.php?pdi=3296
3839;ESCALONA FRANCO;JOSE LUIS;http://alojawebapps.us.es/centrosdptos/pdi/pdi.php?pdi=3839
10367;ESCAÑO GONZALEZ;JOSE CARLOS;http://alojawebapps.us.es/centrosdptos/pdi/pdi.php?pdi=10367
8365;ESCAÑO GONZALEZ;JUAN MANUEL;http://alojawebapps.us.es/centrosdptos/pdi/pdi.php?pdi=8365
2723;ESCOBAR BORREGO;FRANCISCO JAVIER;http://alojawebapps.us.es/centrosdptos/pdi/pdi.php?pdi=2723
15362;ESCOBAR GALINDO;RAMON;http://alojawebapps.us.es/centrosdptos/pdi/pdi.php?pdi=15362
3005;ESCOBAR PEREZ;BERNABE;http://alojawebapps.us.es/centrosdptos/pdi/pdi.php?pdi=3005
13137;ESCOBIO PRIETO;ISABEL;http://alojawebapps.us.es/centrosdptos/pdi/pdi.php?pdi=13137
9725;ESCORIAL MOYA;CRISTINA;http://alojawebapps.us.es/centrosdptos/pdi/pdi.php?pdi=9725
15364;ESCUDERO BELMONTE;ALBERTO;http://alojawebapps.us.es/centrosdptos/pdi/pdi.php?pdi=15364
10623;ESCUDERO CUADRADO;LUIS MARIA;http://alojawebapps.us.es/centrosdptos/pdi/pdi.php?pdi=10623
11676;ESCUDERO DOMINGUEZ;ANA MARIA;http://alojawebapps.us.es/centrosdptos/pdi/pdi.php?pdi=11676
7096;ESCUDERO GILETE;M LUISA;http://alojawebapps.us.es/centrosdptos/pdi/pdi.php?pdi=7096
12964;ESCUDERO LIRIO;ANTONIO MARCIAL;http://alojawebapps.us.es/centrosdptos/pdi/pdi.php?pdi=12964
9608;ESCUDERO SANTANA;ALEJANDRO;http://alojawebapps.us.es/centrosdptos/pdi/pdi.php?pdi=9608
13568;ESCUREDO BARRADO;ELENA;http://alojawebapps.us.es/centrosdptos/pdi/pdi.php?pdi=13568
3197;ESPAÑA RIOS;MARIA INMACULADA;http://alojawebapps.us.es/centrosdptos/pdi/pdi.php?pdi=3197
18335;ESPARTERO RUIZ;XIOMARA;http://alojawebapps.us.es/centrosdptos/pdi/pdi.php?pdi=18335
6149;ESPARTERO SANCHEZ;JOSE LUIS;http://alojawebapps.us.es/centrosdptos/pdi/pdi.php?pdi=6149
5593;ESPASANDIN BUSTELO;FRANCISCO;http://alojawebapps.us.es/centrosdptos/pdi/pdi.php?pdi=5593
4715;ESPEJO CALA;CARMEN;http://alojawebapps.us.es/centrosdptos/pdi/pdi.php?pdi=4715
6150;ESPEJO LERDO DE TEJADA;MANUEL;http://alojawebapps.us.es/centrosdptos/pdi/pdi.php?pdi=6150
4543;ESPEJO MEANA;SERVANDO CARLOS;http://alojawebapps.us.es/centrosdptos/pdi/pdi.php?pdi=4543
3344;ESPEJO ROMERO;RAMON;http://alojawebapps.us.es/centrosdptos/pdi/pdi.php?pdi=3344
5592;ESPIAU EIZAGUIRRE;MERCEDES;http://alojawebapps.us.es/centrosdptos/pdi/pdi.php?pdi=5592
7333;ESPIGADO TOCINO;ILDEFONSO;http://alojawebapps.us.es/centrosdptos/pdi/pdi.php?pdi=7333
8248;ESPIN MILLA;MANUEL JESUS;http://alojawebapps.us.es/centrosdptos/pdi/pdi.php?pdi=8248
6274;ESPINAR ESCALONA;EDUARDO;http://alojawebapps.us.es/centrosdptos/pdi/pdi.php?pdi=6274
7969;ESPINO GARCIA;CARMEN MARIA;http://alojawebapps.us.es/centrosdptos/pdi/pdi.php?pdi=7969
11312;ESPINO HIDALGO;BLANCA DEL;http://alojawebapps.us.es/centrosdptos/pdi/pdi.php?pdi=11312
5776;ESPINO NAVAS;JOSE MANUEL;http://alojawebapps.us.es/centrosdptos/pdi/pdi.php?pdi=5776
6302;ESPINO PEREZ;MANUEL UWALDO;http://alojawebapps.us.es/centrosdptos/pdi/pdi.php?pdi=6302
6152;ESPINOLA GARCIA;RAFAEL;http://alojawebapps.us.es/centrosdptos/pdi/pdi.php?pdi=6152
16954;ESPINOSA DE LOS MONTEROS CLAVIJO;ERIKA;http://alojawebapps.us.es/centrosdptos/pdi/pdi.php?pdi=16954
11946;ESPINOSA FAJARDO;JULIA MARIA;http://alojawebapps.us.es/centrosdptos/pdi/pdi.php?pdi=11946
11012;ESPINOSA MARTIN;CARLOS JESUS;http://alojawebapps.us.es/centrosdptos/pdi/pdi.php?pdi=11012
8462;ESPINOSA OLIVA;ANA MARIA;http://alojawebapps.us.es/centrosdptos/pdi/pdi.php?pdi=8462
12148;ESPINOSA OLMEDO;FRANCISCO JAVIER;http://alojawebapps.us.es/centrosdptos/pdi/pdi.php?pdi=12148
7122;ESPINOSA TORRE;FREE;http://alojawebapps.us.es/centrosdptos/pdi/pdi.php?pdi=7122
5589;ESPUNY GOMEZ;MARIA DEL ROSARIO;http://alojawebapps.us.es/centrosdptos/pdi/pdi.php?pdi=5589
7921;ESQUIVIAS FEDRIANI;LUIS MARIA;http://alojawebapps.us.es/centrosdptos/pdi/pdi.php?pdi=7921
3198;ESTEBAN GOMEZ;AMPARO;http://alojawebapps.us.es/centrosdptos/pdi/pdi.php?pdi=3198
17997;ESTEBAN MONCHO;MARIA;http://alojawebapps.us.es/centrosdptos/pdi/pdi.php?pdi=17997
5588;ESTEBAN ORTEGA;FRANCISCO;http://alojawebapps.us.es/centrosdptos/pdi/pdi.php?pdi=5588
7150;ESTEBAN RONCERO;SERGIO;http://alojawebapps.us.es/centrosdptos/pdi/pdi.php?pdi=7150
4925;ESTEPA ALONSO;ANTONIO JOSE;http://alojawebapps.us.es/centrosdptos/pdi/pdi.php?pdi=4925
3318;ESTEPA ALONSO;RAFAEL MARIA;http://alojawebapps.us.es/centrosdptos/pdi/pdi.php?pdi=3318
8825;ESTEVE PARDAL;RAFAEL;http://alojawebapps.us.es/centrosdptos/pdi/pdi.php?pdi=8825
11759;ESTEVEZ URRA;AIDA;http://alojawebapps.us.es/centrosdptos/pdi/pdi.php?pdi=11759
2652;ESTRADA AMO;FRANCISCO JAVIER;http://alojawebapps.us.es/centrosdptos/pdi/pdi.php?pdi=2652
15337;ESTRADA MARTIN;BEATRIZ;http://alojawebapps.us.es/centrosdptos/pdi/pdi.php?pdi=15337
7750;ESTRADA PEREZ;ADRIAN;http://alojawebapps.us.es/centrosdptos/pdi/pdi.php?pdi=7750
15332;ESTRADA TORRES;IRENE BEDILIA;http://alojawebapps.us.es/centrosdptos/pdi/pdi.php?pdi=15332
3855;ESTRELLA LARA;ANTONIO JESUS;http://alojawebapps.us.es/centrosdptos/pdi/pdi.php?pdi=3855
11669;EXPOSITO BAREA;MARIA MILAGROS;http://alojawebapps.us.es/centrosdptos/pdi/pdi.php?pdi=11669
4541;FACENDA AGUIRRE;JOSE ANTONIO;http://alojawebapps.us.es/centrosdptos/pdi/pdi.php?pdi=4541
14621;FALCON CARO;MARIA DEL CASTILLO;http://alojawebapps.us.es/centrosdptos/pdi/pdi.php?pdi=14621
7098;FALCON GANFORNINA;RAUL MANUEL;http://alojawebapps.us.es/centrosdptos/pdi/pdi.php?pdi=7098
12114;FARES ASFOUR;RULA;http://alojawebapps.us.es/centrosdptos/pdi/pdi.php?pdi=12114
16733;FARIÑA SANCHEZ;MARIA ISABEL;http://alojawebapps.us.es/centrosdptos/pdi/pdi.php?pdi=16733
15397;FASHHO RODRIGUEZ;ELENA;http://alojawebapps.us.es/centrosdptos/pdi/pdi.php?pdi=15397
15175;FAYA BARRIOS;ANTONIO LUIS;http://alojawebapps.us.es/centrosdptos/pdi/pdi.php?pdi=15175
15657;FELIPE LLANOS;CARMEN;http://alojawebapps.us.es/centrosdptos/pdi/pdi.php?pdi=15657
11904;FELIX ANGEL;MANUEL;http://alojawebapps.us.es/centrosdptos/pdi/pdi.php?pdi=11904
10481;FERIA BOURRELLIER;ANA BELEN;http://alojawebapps.us.es/centrosdptos/pdi/pdi.php?pdi=10481
12899;FERIA MADUEÑO;ADRIAN;http://alojawebapps.us.es/centrosdptos/pdi/pdi.php?pdi=12899
9576;FERNANDEZ ALBENDIZ;MARIA DEL CARMEN;http://alojawebapps.us.es/centrosdptos/pdi/pdi.php?pdi=9576
7186;FERNANDEZ ALCAIDE;MARTA;http://alojawebapps.us.es/centrosdptos/pdi/pdi.php?pdi=7186
4218;FERNANDEZ ALONSO;ANTONIO;http://alojawebapps.us.es/centrosdptos/pdi/pdi.php?pdi=4218
6156;FERNANDEZ ANCIO;FERNANDO;http://alojawebapps.us.es/centrosdptos/pdi/pdi.php?pdi=6156
4219;FERNANDEZ AREVALO;ANGELA REYES;http://alojawebapps.us.es/centrosdptos/pdi/pdi.php?pdi=4219
5574;FERNANDEZ AREVALO;MARIA MERCEDES;http://alojawebapps.us.es/centrosdptos/pdi/pdi.php?pdi=5574
11590;FERNANDEZ ARROYO;JORGE;http://alojawebapps.us.es/centrosdptos/pdi/pdi.php?pdi=11590
17614;FERNANDEZ ARTAMENDI;SERGIO;http://alojawebapps.us.es/centrosdptos/pdi/pdi.php?pdi=17614
16924;FERNANDEZ ASIAN;IGNACIO RAFAEL;http://alojawebapps.us.es/centrosdptos/pdi/pdi.php?pdi=16924
2698;FERNANDEZ BACO;MARIA CUSTODIA;http://alojawebapps.us.es/centrosdptos/pdi/pdi.php?pdi=2698
8726;FERNANDEZ BARRERO;MARÍA ANGELES;http://alojawebapps.us.es/centrosdptos/pdi/pdi.php?pdi=8726
5051;FERNANDEZ BATANERO;JOSE MARIA;http://alojawebapps.us.es/centrosdptos/pdi/pdi.php?pdi=5051
11190;FERNANDEZ BERNI;JORGE;http://alojawebapps.us.es/centrosdptos/pdi/pdi.php?pdi=11190
12422;FERNANDEZ BORJA;ENRIQUE;http://alojawebapps.us.es/centrosdptos/pdi/pdi.php?pdi=12422
6158;FERNANDEZ BOY;MARIA ELENA;http://alojawebapps.us.es/centrosdptos/pdi/pdi.php?pdi=6158
18090;FERNANDEZ BUENO;LAURA;http://alojawebapps.us.es/centrosdptos/pdi/pdi.php?pdi=18090
4903;FERNANDEZ CABANAS;VICTOR MANUEL;http://alojawebapps.us.es/centrosdptos/pdi/pdi.php?pdi=4903
17774;FERNANDEZ CACHO;SILVIA;http://alojawebapps.us.es/centrosdptos/pdi/pdi.php?pdi=17774
7022;FERNANDEZ CAÑERO;RAFAEL;http://alojawebapps.us.es/centrosdptos/pdi/pdi.php?pdi=7022
2472;FERNANDEZ CARA;ENRIQUE;http://alojawebapps.us.es/centrosdptos/pdi/pdi.php?pdi=2472
3522;FERNANDEZ CARRION;ANTONIO;http://alojawebapps.us.es/centrosdptos/pdi/pdi.php?pdi=3522
15622;FERNANDEZ CASTILLO;RAFAEL JESUS;http://alojawebapps.us.es/centrosdptos/pdi/pdi.php?pdi=15622
12842;FERNANDEZ CERERO;DAMIAN;http://alojawebapps.us.es/centrosdptos/pdi/pdi.php?pdi=12842
2817;FERNANDEZ CHACON;RAFAEL;http://alojawebapps.us.es/centrosdptos/pdi/pdi.php?pdi=2817
10496;FERNANDEZ CHAVES;MANUEL FRANCISCO;http://alojawebapps.us.es/centrosdptos/pdi/pdi.php?pdi=10496
18096;FERNANDEZ CHAVES;NURIA;http://alojawebapps.us.es/centrosdptos/pdi/pdi.php?pdi=18096
3004;FERNANDEZ CUESTA;JULIA MARIA;http://alojawebapps.us.es/centrosdptos/pdi/pdi.php?pdi=3004
8455;FERNANDEZ DE LA CRUZ;JORGE JUAN;http://alojawebapps.us.es/centrosdptos/pdi/pdi.php?pdi=8455
3195;FERNANDEZ DE LA PUENTE SARRIA;ARTURO;http://alojawebapps.us.es/centrosdptos/pdi/pdi.php?pdi=3195
17641;FERNANDEZ DE OSSO FUENTES;ANA ISABEL;http://alojawebapps.us.es/centrosdptos/pdi/pdi.php?pdi=17641
11678;FERNANDEZ DE VALDERRAMA APARICIO;PEDRO;http://alojawebapps.us.es/centrosdptos/pdi/pdi.php?pdi=11678
18405;FERNANDEZ DE VELASCO TARILONTE;ANGELA;http://alojawebapps.us.es/centrosdptos/pdi/pdi.php?pdi=18405
8349;FERNANDEZ DELGADO;ISABEL;http://alojawebapps.us.es/centrosdptos/pdi/pdi.php?pdi=8349
18533;FERNANDEZ DELGADO;LOURDES;http://alojawebapps.us.es/centrosdptos/pdi/pdi.php?pdi=18533
17045;FERNANDEZ DIAZ-FIERROS;PABLO;http://alojawebapps.us.es/centrosdptos/pdi/pdi.php?pdi=17045
5781;FERNANDEZ DIAZ;MARIA GABRIELA;http://alojawebapps.us.es/centrosdptos/pdi/pdi.php?pdi=5781
3697;FERNANDEZ DOMINGUEZ;JOAQUIN JOSE;http://alojawebapps.us.es/centrosdptos/pdi/pdi.php?pdi=3697
14860;FERNANDEZ ECHEVERRIA;CARMEN;http://alojawebapps.us.es/centrosdptos/pdi/pdi.php?pdi=14860
3844;FERNANDEZ ESPINOSA;ANTONIO JOSE;http://alojawebapps.us.es/centrosdptos/pdi/pdi.php?pdi=3844
4027;FERNANDEZ FERNANDEZ;FRANCISCO VIDAL;http://alojawebapps.us.es/centrosdptos/pdi/pdi.php?pdi=4027
3001;FERNANDEZ FERNANDEZ;INMACULADA;http://alojawebapps.us.es/centrosdptos/pdi/pdi.php?pdi=3001
3519;FERNANDEZ FERNANDEZ;JUAN CARLOS;http://alojawebapps.us.es/centrosdptos/pdi/pdi.php?pdi=3519
2999;FERNANDEZ FERNANDEZ;LUIS MANUEL;http://alojawebapps.us.es/centrosdptos/pdi/pdi.php?pdi=2999
8520;FERNANDEZ FERNANDEZ;MARIA CRUZ;http://alojawebapps.us.es/centrosdptos/pdi/pdi.php?pdi=8520
5567;FERNANDEZ FERNANDEZ;ROSARIO FATIMA;http://alojawebapps.us.es/centrosdptos/pdi/pdi.php?pdi=5567
17055;FERNANDEZ GALVEZ;ANTONIO JOSE;http://alojawebapps.us.es/centrosdptos/pdi/pdi.php?pdi=17055
13207;FERNANDEZ GARCIA;ELENA;http://alojawebapps.us.es/centrosdptos/pdi/pdi.php?pdi=13207
6885;FERNANDEZ GARCIA;JUAN MANUEL;http://alojawebapps.us.es/centrosdptos/pdi/pdi.php?pdi=6885
10996;FERNANDEZ GARCIA;JUAN PABLO;http://alojawebapps.us.es/centrosdptos/pdi/pdi.php?pdi=10996
9665;FERNANDEZ GARCIA;SOLEDAD;http://alojawebapps.us.es/centrosdptos/pdi/pdi.php?pdi=9665
9059;FERNANDEZ GAVIRA;JESUS;http://alojawebapps.us.es/centrosdptos/pdi/pdi.php?pdi=9059
4708;FERNANDEZ GENIZ;MARIA DEL PATROCINIO;http://alojawebapps.us.es/centrosdptos/pdi/pdi.php?pdi=4708
4860;FERNANDEZ GOMEZ;JORGE DAVID;http://alojawebapps.us.es/centrosdptos/pdi/pdi.php?pdi=4860
8224;FERNANDEZ GONZALEZ;ALBERTO;http://alojawebapps.us.es/centrosdptos/pdi/pdi.php?pdi=8224
18434;FERNANDEZ GONZALEZ;ANA BEATRIZ;http://alojawebapps.us.es/centrosdptos/pdi/pdi.php?pdi=18434
16519;FERNANDEZ JIMENEZ;ESTRELLA;http://alojawebapps.us.es/centrosdptos/pdi/pdi.php?pdi=16519
4787;FERNANDEZ JIMENEZ;FRANCISCO JOSE;http://alojawebapps.us.es/centrosdptos/pdi/pdi.php?pdi=4787
6458;FERNANDEZ LAINEZ;RAFAEL;http://alojawebapps.us.es/centrosdptos/pdi/pdi.php?pdi=6458
4210;FERNANDEZ LASHERAS;FRANCISCO JESUS;http://alojawebapps.us.es/centrosdptos/pdi/pdi.php?pdi=4210
3569;FERNANDEZ LEBRON;MARIA MAGDALENA;http://alojawebapps.us.es/centrosdptos/pdi/pdi.php?pdi=3569
8521;FERNANDEZ LEON;AURORA;http://alojawebapps.us.es/centrosdptos/pdi/pdi.php?pdi=8521
18120;FERNANDEZ LOPEZ;ANGELA;http://alojawebapps.us.es/centrosdptos/pdi/pdi.php?pdi=18120
12125;FERNANDEZ LOPEZ;FRANCISCO;http://alojawebapps.us.es/centrosdptos/pdi/pdi.php?pdi=12125
5584;FERNANDEZ LOPEZ;JOSE;http://alojawebapps.us.es/centrosdptos/pdi/pdi.php?pdi=5584
6646;FERNANDEZ LOPEZ;JUAN ANTONIO;http://alojawebapps.us.es/centrosdptos/pdi/pdi.php?pdi=6646
5554;FERNANDEZ LOPEZ;MARIA FERNANDA;http://alojawebapps.us.es/centrosdptos/pdi/pdi.php?pdi=5554
11890;FERNANDEZ LUQUE;JOSE MANUEL;http://alojawebapps.us.es/centrosdptos/pdi/pdi.php?pdi=11890
6134;FERNANDEZ MARTIN;JOSEFA;http://alojawebapps.us.es/centrosdptos/pdi/pdi.php?pdi=6134
6135;FERNANDEZ MARTIN;MARIA MERCEDES;http://alojawebapps.us.es/centrosdptos/pdi/pdi.php?pdi=6135
2995;FERNANDEZ MARTINEZ;CONCEPCION;http://alojawebapps.us.es/centrosdptos/pdi/pdi.php?pdi=2995
4211;FERNANDEZ MARTINEZ;JUAN FADRIQUE;http://alojawebapps.us.es/centrosdptos/pdi/pdi.php?pdi=4211
8784;FERNANDEZ MARTINEZ;MARIA BEGOÑA;http://alojawebapps.us.es/centrosdptos/pdi/pdi.php?pdi=8784
8203;FERNANDEZ MONTES;PABLO;http://alojawebapps.us.es/centrosdptos/pdi/pdi.php?pdi=8203
10509;FERNANDEZ MORENO;MARIA DEL CARMEN;http://alojawebapps.us.es/centrosdptos/pdi/pdi.php?pdi=10509
13370;FERNANDEZ MUÑOZ;JESUS;http://alojawebapps.us.es/centrosdptos/pdi/pdi.php?pdi=13370
2645;FERNANDEZ NARANJO;JUAN ANTONIO;http://alojawebapps.us.es/centrosdptos/pdi/pdi.php?pdi=2645
6357;FERNANDEZ NIETO;ENRIQUE DOMINGO;http://alojawebapps.us.es/centrosdptos/pdi/pdi.php?pdi=6357
18366;FERNANDEZ OUARIDI;AMIR;http://alojawebapps.us.es/centrosdptos/pdi/pdi.php?pdi=18366
5556;FERNANDEZ PALACIN;ANA;http://alojawebapps.us.es/centrosdptos/pdi/pdi.php?pdi=5556
9286;FERNANDEZ POLVILLO;CARMEN;http://alojawebapps.us.es/centrosdptos/pdi/pdi.php?pdi=9286
4018;FERNANDEZ PONCE;JOSE MARIA;http://alojawebapps.us.es/centrosdptos/pdi/pdi.php?pdi=4018
9523;FERNANDEZ PRIETO;ARMANDO;http://alojawebapps.us.es/centrosdptos/pdi/pdi.php?pdi=9523
17849;FERNANDEZ REYES;ROGELIO;http://alojawebapps.us.es/centrosdptos/pdi/pdi.php?pdi=17849
17885;FERNANDEZ RIOS;MARIA;http://alojawebapps.us.es/centrosdptos/pdi/pdi.php?pdi=17885
10499;FERNANDEZ RIVERA;MARIA TERESA;http://alojawebapps.us.es/centrosdptos/pdi/pdi.php?pdi=10499
11670;FERNANDEZ RODRIGUEZ;JUAN FRANCISCO;http://alojawebapps.us.es/centrosdptos/pdi/pdi.php?pdi=11670
17184;FERNANDEZ RODRIGUEZ;M JOSE;http://alojawebapps.us.es/centrosdptos/pdi/pdi.php?pdi=17184
16202;FERNANDEZ RODRIGUEZ;NATALIA;http://alojawebapps.us.es/centrosdptos/pdi/pdi.php?pdi=16202
11497;FERNANDEZ RODRIGUEZ;VICENTE;http://alojawebapps.us.es/centrosdptos/pdi/pdi.php?pdi=11497
11511;FERNANDEZ ROMERO;ANTONIO JOSE;http://alojawebapps.us.es/centrosdptos/pdi/pdi.php?pdi=11511
6141;FERNANDEZ RUEDA;AGUSTIN;http://alojawebapps.us.es/centrosdptos/pdi/pdi.php?pdi=6141
5587;FERNANDEZ SALINAS;VICTOR;http://alojawebapps.us.es/centrosdptos/pdi/pdi.php?pdi=5587
3523;FERNANDEZ SANCHEZ;FERNANDO;http://alojawebapps.us.es/centrosdptos/pdi/pdi.php?pdi=3523
14230;FERNANDEZ SANCHEZ;MANUEL;http://alojawebapps.us.es/centrosdptos/pdi/pdi.php?pdi=14230
9619;FERNANDEZ SANCHEZ;PABLO ANTONIO;http://alojawebapps.us.es/centrosdptos/pdi/pdi.php?pdi=9619
4992;FERNANDEZ SANTOS;JOSE MARIA;http://alojawebapps.us.es/centrosdptos/pdi/pdi.php?pdi=4992
3006;FERNANDEZ SANZ;JAVIER;http://alojawebapps.us.es/centrosdptos/pdi/pdi.php?pdi=3006
2707;FERNANDEZ SARMIENTO;JUAN MANUEL;http://alojawebapps.us.es/centrosdptos/pdi/pdi.php?pdi=2707
10703;FERNANDEZ SCAGLIUSI;MARIA DE LOS ANGELES;http://alojawebapps.us.es/centrosdptos/pdi/pdi.php?pdi=10703
18087;FERNANDEZ SCAGLIUSI;MARIA VICTORIA;http://alojawebapps.us.es/centrosdptos/pdi/pdi.php?pdi=18087
16165;FERNANDEZ SCAGLIUSI;SANTIAGO JOAQUIN;http://alojawebapps.us.es/centrosdptos/pdi/pdi.php?pdi=16165
7739;FERNANDEZ SEGUIN;LOURDES MARIA;http://alojawebapps.us.es/centrosdptos/pdi/pdi.php?pdi=7739
3851;FERNANDEZ SERRANO;JOSE;http://alojawebapps.us.es/centrosdptos/pdi/pdi.php?pdi=3851
9854;FERNANDEZ SERRATO;JUAN CARLOS;http://alojawebapps.us.es/centrosdptos/pdi/pdi.php?pdi=9854
6143;FERNANDEZ TABALES;ALFONSO;http://alojawebapps.us.es/centrosdptos/pdi/pdi.php?pdi=6143
4608;FERNANDEZ TERNERO;DESAMPARADOS;http://alojawebapps.us.es/centrosdptos/pdi/pdi.php?pdi=4608
9620;FERNANDEZ TORRES;BARTOLOME;http://alojawebapps.us.es/centrosdptos/pdi/pdi.php?pdi=9620
8463;FERNANDEZ TORRES;IGNACIO;http://alojawebapps.us.es/centrosdptos/pdi/pdi.php?pdi=8463
3264;FERNANDEZ TORRES;RUT MARIA;http://alojawebapps.us.es/centrosdptos/pdi/pdi.php?pdi=3264
15795;FERNANDEZ VALDERRAMA;DANIEL;http://alojawebapps.us.es/centrosdptos/pdi/pdi.php?pdi=15795
4713;FERNANDEZ VILLA;JOSE;http://alojawebapps.us.es/centrosdptos/pdi/pdi.php?pdi=4713
11609;FERNANDEZ-AGUERA ESCUDERO;JESSICA;http://alojawebapps.us.es/centrosdptos/pdi/pdi.php?pdi=11609
2992;FERNANDEZ-BOLAÑOS GUZMAN;JOSE MARIA;http://alojawebapps.us.es/centrosdptos/pdi/pdi.php?pdi=2992
8658;FERNANDEZ-MONTES GONZALEZ;ALEJANDRO;http://alojawebapps.us.es/centrosdptos/pdi/pdi.php?pdi=8658
15610;FERNANDEZ-TEIJEIRO ALVAREZ;ANA;http://alojawebapps.us.es/centrosdptos/pdi/pdi.php?pdi=15610
2772;FERNANDEZ-VALDERRAMA APARICIO;LUZ DEL PINO;http://alojawebapps.us.es/centrosdptos/pdi/pdi.php?pdi=2772
14852;FERNANDEZ-VIAGAS ESCUDERO;PLACIDO;http://alojawebapps.us.es/centrosdptos/pdi/pdi.php?pdi=14852
11694;FERNANDEZ-VIAGAS ESCUDERO;VICTOR;http://alojawebapps.us.es/centrosdptos/pdi/pdi.php?pdi=11694
12239;FERRANDIZ PULIDO;LARA;http://alojawebapps.us.es/centrosdptos/pdi/pdi.php?pdi=12239
3703;FERRER ALBELDA;EDUARDO;http://alojawebapps.us.es/centrosdptos/pdi/pdi.php?pdi=3703
10795;FERRER FERNANDEZ;F JAVIER;http://alojawebapps.us.es/centrosdptos/pdi/pdi.php?pdi=10795
2755;FERRER TROYANO;FRANCISCO JAVIER;http://alojawebapps.us.es/centrosdptos/pdi/pdi.php?pdi=2755
12126;FERRERAS LISTAN;MARIO;http://alojawebapps.us.es/centrosdptos/pdi/pdi.php?pdi=12126
3314;FERRERO RODRIGUEZ;MARIA CARMEN;http://alojawebapps.us.es/centrosdptos/pdi/pdi.php?pdi=3314
2648;FERRUZ MELERO;JOAQUIN;http://alojawebapps.us.es/centrosdptos/pdi/pdi.php?pdi=2648
11549;FIDALGO GALLARDO;CARLOS;http://alojawebapps.us.es/centrosdptos/pdi/pdi.php?pdi=11549
18092;FIELD CABEZAS;NEREA;http://alojawebapps.us.es/centrosdptos/pdi/pdi.php?pdi=18092
16872;FILGUERAS GOMEZ;MARIA LUISA;http://alojawebapps.us.es/centrosdptos/pdi/pdi.php?pdi=16872
12844;FILLOL MAZO;ADRIANA;http://alojawebapps.us.es/centrosdptos/pdi/pdi.php?pdi=12844
5092;FLETA GONZALEZ;AGUSTIN;http://alojawebapps.us.es/centrosdptos/pdi/pdi.php?pdi=5092
11783;FLICHY RODRIGUEZ;IRENE;http://alojawebapps.us.es/centrosdptos/pdi/pdi.php?pdi=11783
2459;FLORENCIO BELLIDO;FRANCISCO JAVIER;http://alojawebapps.us.es/centrosdptos/pdi/pdi.php?pdi=2459
16267;FLORES AGUILAR;GONZALO;http://alojawebapps.us.es/centrosdptos/pdi/pdi.php?pdi=16267
11477;FLORES ALES;VICENTE;http://alojawebapps.us.es/centrosdptos/pdi/pdi.php?pdi=11477
13559;FLORES ANARTE;LAURA;http://alojawebapps.us.es/centrosdptos/pdi/pdi.php?pdi=13559
6658;FLORES CORDERO;JUAN ANTONIO;http://alojawebapps.us.es/centrosdptos/pdi/pdi.php?pdi=6658
13115;FLORES DIAZ;RAMON JESUS;http://alojawebapps.us.es/centrosdptos/pdi/pdi.php?pdi=13115
8235;FLORES DOMINGUEZ-RODIÑO;PEDRO;http://alojawebapps.us.es/centrosdptos/pdi/pdi.php?pdi=8235
13385;FLORES ESQUIVIAS;MATILDE;http://alojawebapps.us.es/centrosdptos/pdi/pdi.php?pdi=13385
14644;FLORES MARTIN;JACKELINE;http://alojawebapps.us.es/centrosdptos/pdi/pdi.php?pdi=14644
18358;FLORES RODRIGUEZ;MARTA;http://alojawebapps.us.es/centrosdptos/pdi/pdi.php?pdi=18358
6147;FLOREZ SABORIDO;IGNACIO;http://alojawebapps.us.es/centrosdptos/pdi/pdi.php?pdi=6147
5065;FLORIDO DEL CORRAL;DAVID;http://alojawebapps.us.es/centrosdptos/pdi/pdi.php?pdi=5065
4706;FLORIDO FERNANDEZ;MARIA DEL CARMEN;http://alojawebapps.us.es/centrosdptos/pdi/pdi.php?pdi=4706
6790;FONDON GARCIA;IRENE;http://alojawebapps.us.es/centrosdptos/pdi/pdi.php?pdi=6790
16187;FONTAINE;MATTHIEU PHILIPPE ROBERT PIERRE;http://alojawebapps.us.es/centrosdptos/pdi/pdi.php?pdi=16187
13186;FONTAN LOZANO;ANGELA DEL CARMEN;http://alojawebapps.us.es/centrosdptos/pdi/pdi.php?pdi=13186
16964;FORMOSO VELOSO;ANGEL;http://alojawebapps.us.es/centrosdptos/pdi/pdi.php?pdi=16964
2651;FORNES RUMBAO;JOSE MANUEL;http://alojawebapps.us.es/centrosdptos/pdi/pdi.php?pdi=2651
3778;FORNIS VAQUERO;CESAR ANTONIO;http://alojawebapps.us.es/centrosdptos/pdi/pdi.php?pdi=3778
3317;FORONDA ROBLES;CONCEPCION;http://alojawebapps.us.es/centrosdptos/pdi/pdi.php?pdi=3317
16855;FOUCHARD DELETTRÉ;FLAVIE FRANCOISE;http://alojawebapps.us.es/centrosdptos/pdi/pdi.php?pdi=16855
18425;FRABOTTA;SIMONA;http://alojawebapps.us.es/centrosdptos/pdi/pdi.php?pdi=18425
7248;FRAILE JURADO;PABLO;http://alojawebapps.us.es/centrosdptos/pdi/pdi.php?pdi=7248
2644;FRAMIÑAN TORRES;JOSE MANUEL;http://alojawebapps.us.es/centrosdptos/pdi/pdi.php?pdi=2644
17619;FRANCESCATTI;MARIA;http://alojawebapps.us.es/centrosdptos/pdi/pdi.php?pdi=17619
17805;FRANCO CALZADO;DANIEL;http://alojawebapps.us.es/centrosdptos/pdi/pdi.php?pdi=17805
6128;FRANCO CORONIL;DANIEL;http://alojawebapps.us.es/centrosdptos/pdi/pdi.php?pdi=6128
9924;FRANCO ESPIN;ANTONIO;http://alojawebapps.us.es/centrosdptos/pdi/pdi.php?pdi=9924
5563;FRANCO FERNANDEZ;MARIA DOLORES;http://alojawebapps.us.es/centrosdptos/pdi/pdi.php?pdi=5563
4350;FRANCO GARCIA;VICTORINO;http://alojawebapps.us.es/centrosdptos/pdi/pdi.php?pdi=4350
17744;FRANCO PALENCIA;JOSE VICENTE;http://alojawebapps.us.es/centrosdptos/pdi/pdi.php?pdi=17744
11034;FRANCO ROMERO;ALBERTO GERMAN;http://alojawebapps.us.es/centrosdptos/pdi/pdi.php?pdi=11034
2236;FRANCO SALAS;ANTONIO;http://alojawebapps.us.es/centrosdptos/pdi/pdi.php?pdi=2236
5047;FRAU GARCIA;JUAN;http://alojawebapps.us.es/centrosdptos/pdi/pdi.php?pdi=5047
4958;FRAU GARCIA;MARIA DOLORES;http://alojawebapps.us.es/centrosdptos/pdi/pdi.php?pdi=4958
2785;FREIRE ROSALES;MANUEL JOSE;http://alojawebapps.us.es/centrosdptos/pdi/pdi.php?pdi=2785
6129;FRESNEDA FUENTES;SILVIA;http://alojawebapps.us.es/centrosdptos/pdi/pdi.php?pdi=6129
8580;FRUSTAGLIA;DIEGO CESAR;http://alojawebapps.us.es/centrosdptos/pdi/pdi.php?pdi=8580
10097;FRUTOS DOMINGUEZ;ROCIO DE;http://alojawebapps.us.es/centrosdptos/pdi/pdi.php?pdi=10097
5531;FUENTE FERIA;JULIA DE LA;http://alojawebapps.us.es/centrosdptos/pdi/pdi.php?pdi=5531
4711;FUENTE GINES;MAXIMO JESUS DE LA;http://alojawebapps.us.es/centrosdptos/pdi/pdi.php?pdi=4711
8934;FUENTES CANO;DIEGO JAVIER;http://alojawebapps.us.es/centrosdptos/pdi/pdi.php?pdi=8934
13648;FUENTES PRADERA;JOSE;http://alojawebapps.us.es/centrosdptos/pdi/pdi.php?pdi=13648
3987;FUENTES RODRIGUEZ;CATALINA;http://alojawebapps.us.es/centrosdptos/pdi/pdi.php?pdi=3987
4006;FUENTES RUIZ;MARIA DEL PILAR DE;http://alojawebapps.us.es/centrosdptos/pdi/pdi.php?pdi=4006
12163;FUNUYET GUIRADO;JORGE;http://alojawebapps.us.es/centrosdptos/pdi/pdi.php?pdi=12163
16995;GACTO SANCHEZ;PURIFICACION ELISA;http://alojawebapps.us.es/centrosdptos/pdi/pdi.php?pdi=16995
5091;GAGO VARGAS;MANUEL JESUS;http://alojawebapps.us.es/centrosdptos/pdi/pdi.php?pdi=5091
8790;GAILLARD;HELENE;http://alojawebapps.us.es/centrosdptos/pdi/pdi.php?pdi=8790
7133;GALAN DE VEGA;RICARDO;http://alojawebapps.us.es/centrosdptos/pdi/pdi.php?pdi=7133
4867;GALAN FERNANDEZ;JOSE MANUEL;http://alojawebapps.us.es/centrosdptos/pdi/pdi.php?pdi=4867
2641;GALAN GONZALEZ;ANTONIO FRANCISCO;http://alojawebapps.us.es/centrosdptos/pdi/pdi.php?pdi=2641
4529;GALAN GONZALEZ;JOSE LUIS;http://alojawebapps.us.es/centrosdptos/pdi/pdi.php?pdi=4529
9616;GALAN JIMENEZ;JOSE CARLOS;http://alojawebapps.us.es/centrosdptos/pdi/pdi.php?pdi=9616
13562;GALAN JURADO;GONZALO;http://alojawebapps.us.es/centrosdptos/pdi/pdi.php?pdi=13562
3698;GALAN MARIN;MARIA DEL CARMEN;http://alojawebapps.us.es/centrosdptos/pdi/pdi.php?pdi=3698
2983;GALAN MORILLO;FRANCISCO JOSE;http://alojawebapps.us.es/centrosdptos/pdi/pdi.php?pdi=2983
11466;GALAN PAEZ;JUAN;http://alojawebapps.us.es/centrosdptos/pdi/pdi.php?pdi=11466
6122;GALAN VIOQUE;CARLOS JOSE;http://alojawebapps.us.es/centrosdptos/pdi/pdi.php?pdi=6122
3694;GALAN VIOQUE;MANUEL;http://alojawebapps.us.es/centrosdptos/pdi/pdi.php?pdi=3694
9408;GALAN VIOQUE;ROBERTO RAFAEL;http://alojawebapps.us.es/centrosdptos/pdi/pdi.php?pdi=9408
10992;GALBARRO GARCIA;JAIME;http://alojawebapps.us.es/centrosdptos/pdi/pdi.php?pdi=10992
8373;GALBIS FUSTER;ELSA;http://alojawebapps.us.es/centrosdptos/pdi/pdi.php?pdi=8373
12943;GALDON QUIROGA;JOAQUIN;http://alojawebapps.us.es/centrosdptos/pdi/pdi.php?pdi=12943
18285;GALEANO BRAJONES;JESUS;http://alojawebapps.us.es/centrosdptos/pdi/pdi.php?pdi=18285
8200;GALERA NUÑEZ;MARIA DEL MAR;http://alojawebapps.us.es/centrosdptos/pdi/pdi.php?pdi=8200
16061;GALERA RODRIGUEZ;ANDRES;http://alojawebapps.us.es/centrosdptos/pdi/pdi.php?pdi=16061
9745;GALERA RUIZ;HUGO;http://alojawebapps.us.es/centrosdptos/pdi/pdi.php?pdi=9745
4527;GALINDO DEL POZO;AGUSTIN;http://alojawebapps.us.es/centrosdptos/pdi/pdi.php?pdi=4527
6126;GALINDO DEL POZO;MIGUEL;http://alojawebapps.us.es/centrosdptos/pdi/pdi.php?pdi=6126
9532;GALINDO DUARTE;JOSE ANGEL;http://alojawebapps.us.es/centrosdptos/pdi/pdi.php?pdi=9532
7247;GALINDO PEREZ DE AZPILLAGA;LUIS;http://alojawebapps.us.es/centrosdptos/pdi/pdi.php?pdi=7247
18367;GALINDO RAMIREZ;JOAQUIN;http://alojawebapps.us.es/centrosdptos/pdi/pdi.php?pdi=18367
15654;GALLARDO BAUTISTA;JOSE;http://alojawebapps.us.es/centrosdptos/pdi/pdi.php?pdi=15654
6130;GALLARDO CASTILLO;ISABEL;http://alojawebapps.us.es/centrosdptos/pdi/pdi.php?pdi=6130
4705;GALLARDO CRUZ;MARIA DEL CARMEN;http://alojawebapps.us.es/centrosdptos/pdi/pdi.php?pdi=4705
4530;GALLARDO FUENTES;JOSE MARIA;http://alojawebapps.us.es/centrosdptos/pdi/pdi.php?pdi=4530
5006;GALLARDO LOPEZ;ANGELA MARIA;http://alojawebapps.us.es/centrosdptos/pdi/pdi.php?pdi=5006
11723;GALLARDO MORILLA;JOSE MANUEL;http://alojawebapps.us.es/centrosdptos/pdi/pdi.php?pdi=11723
4959;GALLARDO VAZQUEZ;PEDRO;http://alojawebapps.us.es/centrosdptos/pdi/pdi.php?pdi=4959
4209;GALLEGO AGUEDA;MARIA ANGELES;http://alojawebapps.us.es/centrosdptos/pdi/pdi.php?pdi=4209
2773;GALLEGO FERNANDEZ;JUAN BAUTISTA;http://alojawebapps.us.es/centrosdptos/pdi/pdi.php?pdi=2773
12845;GALLEGO FERNANDEZ;LUZ MARINA;http://alojawebapps.us.es/centrosdptos/pdi/pdi.php?pdi=12845
15940;GALLEGO HERNANDEZ;ANA CRISTINA;http://alojawebapps.us.es/centrosdptos/pdi/pdi.php?pdi=15940
9964;GALLEGO LEN;ANTONIO JAVIER;http://alojawebapps.us.es/centrosdptos/pdi/pdi.php?pdi=9964
4870;GALLEGO MARTINEZ;MARIA ELADIA;http://alojawebapps.us.es/centrosdptos/pdi/pdi.php?pdi=4870
17741;GALLEGO ROMERO;ALEJANDRO;http://alojawebapps.us.es/centrosdptos/pdi/pdi.php?pdi=17741
10360;GALLEGO SANCHEZ;INES;http://alojawebapps.us.es/centrosdptos/pdi/pdi.php?pdi=10360
18032;GALLEGO SOSA;CLARA;http://alojawebapps.us.es/centrosdptos/pdi/pdi.php?pdi=18032
12846;GALLEGO TEVAR;BLANCA;http://alojawebapps.us.es/centrosdptos/pdi/pdi.php?pdi=12846
5737;GALLEGO VEGA;MARIA DEL CARMEN;http://alojawebapps.us.es/centrosdptos/pdi/pdi.php?pdi=5737
17981;GALLEGOS RODRIGUEZ;MARIA REYES;http://alojawebapps.us.es/centrosdptos/pdi/pdi.php?pdi=17981
6131;GALLO SANCHEZ;GENOVEVA MARIA CARMEN;http://alojawebapps.us.es/centrosdptos/pdi/pdi.php?pdi=6131
8696;GALMOZZI;CARLA VERONICA;http://alojawebapps.us.es/centrosdptos/pdi/pdi.php?pdi=8696
2985;GALVAN DIEZ;EDUARDO;http://alojawebapps.us.es/centrosdptos/pdi/pdi.php?pdi=2985
4709;GALVAN LOPEZ;MARIA ISABEL;http://alojawebapps.us.es/centrosdptos/pdi/pdi.php?pdi=4709
12134;GALVAN RUIZ;ANTONIO;http://alojawebapps.us.es/centrosdptos/pdi/pdi.php?pdi=12134
15925;GALVEZ GARCIA;CARLOS;http://alojawebapps.us.es/centrosdptos/pdi/pdi.php?pdi=15925
10379;GALVEZ GONZALEZ;FRANCISCO JULIAN;http://alojawebapps.us.es/centrosdptos/pdi/pdi.php?pdi=10379
8562;GALVEZ RUIZ;DAVID;http://alojawebapps.us.es/centrosdptos/pdi/pdi.php?pdi=8562
7155;GALVIN BARRERA;PEDRO;http://alojawebapps.us.es/centrosdptos/pdi/pdi.php?pdi=7155
16858;GALYAN GALYAN;ANNA;http://alojawebapps.us.es/centrosdptos/pdi/pdi.php?pdi=16858
4300;GAMBOA ANTIÑOLO;FERNANDO MIGUEL;http://alojawebapps.us.es/centrosdptos/pdi/pdi.php?pdi=4300
2987;GAMERO GUTIERREZ;ESTANISLAO;http://alojawebapps.us.es/centrosdptos/pdi/pdi.php?pdi=2987
4005;GAMERO ROJAS;FRANCISCO JAVIER;http://alojawebapps.us.es/centrosdptos/pdi/pdi.php?pdi=4005
10572;GAMERO VAZQUEZ;NURIA;http://alojawebapps.us.es/centrosdptos/pdi/pdi.php?pdi=10572
13854;GAMEZ CASADO;MANUEL;http://alojawebapps.us.es/centrosdptos/pdi/pdi.php?pdi=13854
6123;GAMIZ GORDO;ANTONIO;http://alojawebapps.us.es/centrosdptos/pdi/pdi.php?pdi=6123
3509;GAÑAN CALVO;ALFONSO MIGUEL;http://alojawebapps.us.es/centrosdptos/pdi/pdi.php?pdi=3509
6114;GAÑAN MEDINA;CONSTANTINO;http://alojawebapps.us.es/centrosdptos/pdi/pdi.php?pdi=6114
4522;GANAZA VARGAS;JUAN D;http://alojawebapps.us.es/centrosdptos/pdi/pdi.php?pdi=4522
11564;GANCEDO GARCIA;FRANCISCO;http://alojawebapps.us.es/centrosdptos/pdi/pdi.php?pdi=11564
18106;GANDARILLAS CORDERO;ADOLFO;http://alojawebapps.us.es/centrosdptos/pdi/pdi.php?pdi=18106
8417;GANDULLO TOVAR;JACINTO MANUEL;http://alojawebapps.us.es/centrosdptos/pdi/pdi.php?pdi=8417
14399;GAO CHEN;LIN;http://alojawebapps.us.es/centrosdptos/pdi/pdi.php?pdi=14399
17664;GARCIA ALVAREZ;MARIA DEL CARMEN;http://alojawebapps.us.es/centrosdptos/pdi/pdi.php?pdi=17664
16207;GARCIA ANTUÑA;MARIA;http://alojawebapps.us.es/centrosdptos/pdi/pdi.php?pdi=16207
2283;GARCIA ARCHILLA;BOSCO;http://alojawebapps.us.es/centrosdptos/pdi/pdi.php?pdi=2283
13360;GARCIA ARROYO;CRISTINA;http://alojawebapps.us.es/centrosdptos/pdi/pdi.php?pdi=13360
7676;GARCIA ARROYO;JOSE MANUEL;http://alojawebapps.us.es/centrosdptos/pdi/pdi.php?pdi=7676
2432;GARCIA AYUSO;MANUEL;http://alojawebapps.us.es/centrosdptos/pdi/pdi.php?pdi=2432
17907;GARCIA BARRERA;MARIA DE GRACIA;http://alojawebapps.us.es/centrosdptos/pdi/pdi.php?pdi=17907
8372;GARCIA BAUTISTA;ELENA;http://alojawebapps.us.es/centrosdptos/pdi/pdi.php?pdi=8372
5501;GARCIA BENITEZ;FRANCISCO;http://alojawebapps.us.es/centrosdptos/pdi/pdi.php?pdi=5501
8888;GARCIA BERNAL;ISABEL;http://alojawebapps.us.es/centrosdptos/pdi/pdi.php?pdi=8888
4203;GARCIA BERNAL;JOSE JAIME;http://alojawebapps.us.es/centrosdptos/pdi/pdi.php?pdi=4203
2442;GARCIA BERRO;FLORIAN;http://alojawebapps.us.es/centrosdptos/pdi/pdi.php?pdi=2442
4205;GARCIA BRENES;MANUEL DAVID;http://alojawebapps.us.es/centrosdptos/pdi/pdi.php?pdi=4205
15656;GARCIA CABRERA;EMILIO;http://alojawebapps.us.es/centrosdptos/pdi/pdi.php?pdi=15656
9362;GARCIA CALDERON;MARGARITA;http://alojawebapps.us.es/centrosdptos/pdi/pdi.php?pdi=9362
13084;GARCIA CAMPOS;JOSE MANUEL;http://alojawebapps.us.es/centrosdptos/pdi/pdi.php?pdi=13084
9162;GARCIA CANDON;PALOMA;http://alojawebapps.us.es/centrosdptos/pdi/pdi.php?pdi=9162
10095;GARCIA CARMONA;ANTONIO;http://alojawebapps.us.es/centrosdptos/pdi/pdi.php?pdi=10095
14423;GARCIA CARO;SEBASTIAN;http://alojawebapps.us.es/centrosdptos/pdi/pdi.php?pdi=14423
18445;GARCIA CASTRILLON ARMENGOU;FRANCISCO;http://alojawebapps.us.es/centrosdptos/pdi/pdi.php?pdi=18445
18436;GARCIA CLEMENTE;JAVIER;http://alojawebapps.us.es/centrosdptos/pdi/pdi.php?pdi=18436
3997;GARCIA CRUZ;ROSARIO;http://alojawebapps.us.es/centrosdptos/pdi/pdi.php?pdi=3997
6812;GARCIA DE CASASOLA GOMEZ;MARTA;http://alojawebapps.us.es/centrosdptos/pdi/pdi.php?pdi=6812
17851;GARCIA DE HOCES;ANGEL;http://alojawebapps.us.es/centrosdptos/pdi/pdi.php?pdi=17851
9180;GARCIA DE LA PEÑA;RAQUEL;http://alojawebapps.us.es/centrosdptos/pdi/pdi.php?pdi=9180
16491;GARCIA DE LA ROSA;JOSE ANGEL;http://alojawebapps.us.es/centrosdptos/pdi/pdi.php?pdi=16491
5539;GARCIA DE LAS HERAS;JOAQUIN  A.;http://alojawebapps.us.es/centrosdptos/pdi/pdi.php?pdi=5539
10145;GARCIA DE SORIA LUCENA;M ISABEL;http://alojawebapps.us.es/centrosdptos/pdi/pdi.php?pdi=10145
6110;GARCIA DEL MORAL Y MORA;AMALIO RAIMUNDO;http://alojawebapps.us.es/centrosdptos/pdi/pdi.php?pdi=6110
3470;GARCIA DELGADO;ANTONIO;http://alojawebapps.us.es/centrosdptos/pdi/pdi.php?pdi=3470
10969;GARCIA DIAZ;ALEJANDRO;http://alojawebapps.us.es/centrosdptos/pdi/pdi.php?pdi=10969
9926;GARCIA DIAZ;JESUS;http://alojawebapps.us.es/centrosdptos/pdi/pdi.php?pdi=9926
13708;GARCIA DIAZ;LUTGARDO;http://alojawebapps.us.es/centrosdptos/pdi/pdi.php?pdi=13708
2797;GARCIA DURAN;MARIA MERCEDES;http://alojawebapps.us.es/centrosdptos/pdi/pdi.php?pdi=2797
10101;GARCIA ESTEVEZ;NOELIA;http://alojawebapps.us.es/centrosdptos/pdi/pdi.php?pdi=10101
14944;GARCIA FERNANDEZ;FRANCISCO JOSE;http://alojawebapps.us.es/centrosdptos/pdi/pdi.php?pdi=14944
6664;GARCIA FERNANDEZ;FRANCISCO JOSE;http://alojawebapps.us.es/centrosdptos/pdi/pdi.php?pdi=6664
8978;GARCIA FERNANDEZ;JERONIMO;http://alojawebapps.us.es/centrosdptos/pdi/pdi.php?pdi=8978
5500;GARCIA FERNANDEZ;MANUEL;http://alojawebapps.us.es/centrosdptos/pdi/pdi.php?pdi=5500
5504;GARCIA FRANQUELO;LEOPOLDO;http://alojawebapps.us.es/centrosdptos/pdi/pdi.php?pdi=5504
9336;GARCIA FUENTES;JOSE MARIA;http://alojawebapps.us.es/centrosdptos/pdi/pdi.php?pdi=9336
15618;GARCIA GALLEGO;SERGIO;http://alojawebapps.us.es/centrosdptos/pdi/pdi.php?pdi=15618
14345;GARCIA GALLO;MARIA DOLORES;http://alojawebapps.us.es/centrosdptos/pdi/pdi.php?pdi=14345
9458;GARCIA GARCIA;ANDRÉS;http://alojawebapps.us.es/centrosdptos/pdi/pdi.php?pdi=9458
17734;GARCIA GARCIA;EMILIO JOSE;http://alojawebapps.us.es/centrosdptos/pdi/pdi.php?pdi=17734
15424;GARCIA GARCIA;FCO JOSE;http://alojawebapps.us.es/centrosdptos/pdi/pdi.php?pdi=15424
7238;GARCIA GARCIA;FERNANDO;http://alojawebapps.us.es/centrosdptos/pdi/pdi.php?pdi=7238
6124;GARCIA GARCIA;FRANCISCO JAVIER;http://alojawebapps.us.es/centrosdptos/pdi/pdi.php?pdi=6124
10583;GARCIA GARCIA;ISRAEL;http://alojawebapps.us.es/centrosdptos/pdi/pdi.php?pdi=10583
13672;GARCIA GARCIA;JOSE ANGEL;http://alojawebapps.us.es/centrosdptos/pdi/pdi.php?pdi=13672
10262;GARCIA GARCIA;JULIAN ALBERTO;http://alojawebapps.us.es/centrosdptos/pdi/pdi.php?pdi=10262
6121;GARCIA GARCIA;LUISA;http://alojawebapps.us.es/centrosdptos/pdi/pdi.php?pdi=6121
4971;GARCIA GARCIA;TOMAS;http://alojawebapps.us.es/centrosdptos/pdi/pdi.php?pdi=4971
17845;GARCIA GARMENDIA;BEGOÑA;http://alojawebapps.us.es/centrosdptos/pdi/pdi.php?pdi=17845
5432;GARCIA GIL;MARIA CARMEN;http://alojawebapps.us.es/centrosdptos/pdi/pdi.php?pdi=5432
17199;GARCIA GIL;SARA;http://alojawebapps.us.es/centrosdptos/pdi/pdi.php?pdi=17199
2642;GARCIA GOMEZ;ANTONIO;http://alojawebapps.us.es/centrosdptos/pdi/pdi.php?pdi=2642
6668;GARCIA GOMEZ;ISABEL;http://alojawebapps.us.es/centrosdptos/pdi/pdi.php?pdi=6668
3984;GARCIA GOMEZ;JOSE CARLOS;http://alojawebapps.us.es/centrosdptos/pdi/pdi.php?pdi=3984
6125;GARCIA GOMEZ;MARIA SOLEDAD;http://alojawebapps.us.es/centrosdptos/pdi/pdi.php?pdi=6125
7101;GARCIA GONZALEZ;ALFONSO JAVIER;http://alojawebapps.us.es/centrosdptos/pdi/pdi.php?pdi=7101
3192;GARCIA GONZALEZ;JOSE ENRIQUE;http://alojawebapps.us.es/centrosdptos/pdi/pdi.php?pdi=3192
8886;GARCIA GONZALEZ;MARIA DEL CARMEN;http://alojawebapps.us.es/centrosdptos/pdi/pdi.php?pdi=8886
4794;GARCIA GONZALEZ;MERCEDES;http://alojawebapps.us.es/centrosdptos/pdi/pdi.php?pdi=4794
5029;GARCIA GORDILLO;MARIA DEL MAR;http://alojawebapps.us.es/centrosdptos/pdi/pdi.php?pdi=5029
5458;GARCIA GRAGERA;JUAN ANTONIO;http://alojawebapps.us.es/centrosdptos/pdi/pdi.php?pdi=5458
8852;GARCIA GUTIERREZ;JORGE;http://alojawebapps.us.es/centrosdptos/pdi/pdi.php?pdi=8852
10675;GARCIA HARO;PEDRO;http://alojawebapps.us.es/centrosdptos/pdi/pdi.php?pdi=10675
9528;GARCIA HEREDIA;JOSE MANUEL;http://alojawebapps.us.es/centrosdptos/pdi/pdi.php?pdi=9528
3189;GARCIA HERNANDEZ;MARIA JOSE;http://alojawebapps.us.es/centrosdptos/pdi/pdi.php?pdi=3189
9795;GARCIA HIDALGO;JOSE LUIS;http://alojawebapps.us.es/centrosdptos/pdi/pdi.php?pdi=9795
18345;GARCIA INFANTE;MANUEL;http://alojawebapps.us.es/centrosdptos/pdi/pdi.php?pdi=18345
10993;GARCIA JIMENEZ;EDUARDO;http://alojawebapps.us.es/centrosdptos/pdi/pdi.php?pdi=10993
14660;GARCIA JIMENEZ;JESUS;http://alojawebapps.us.es/centrosdptos/pdi/pdi.php?pdi=14660
13371;GARCIA JIMENEZ;MARIA;http://alojawebapps.us.es/centrosdptos/pdi/pdi.php?pdi=13371
10869;GARCIA JIMENEZ;MARIA DEL MAR;http://alojawebapps.us.es/centrosdptos/pdi/pdi.php?pdi=10869
11298;GARCIA LAZARO;IRENE;http://alojawebapps.us.es/centrosdptos/pdi/pdi.php?pdi=11298
16512;GARCIA LEON;ANDRES;http://alojawebapps.us.es/centrosdptos/pdi/pdi.php?pdi=16512
5459;GARCIA LEON;MANUEL;http://alojawebapps.us.es/centrosdptos/pdi/pdi.php?pdi=5459
17854;GARCIA LEON;MARIA DE LOS ANGELES;http://alojawebapps.us.es/centrosdptos/pdi/pdi.php?pdi=17854
4327;GARCIA LOPEZ;ANA MARIA;http://alojawebapps.us.es/centrosdptos/pdi/pdi.php?pdi=4327
11403;GARCIA LOPEZ;ANA MARIA;http://alojawebapps.us.es/centrosdptos/pdi/pdi.php?pdi=11403
12141;GARCIA LOPEZ;FRANCISCO DE PAULA;http://alojawebapps.us.es/centrosdptos/pdi/pdi.php?pdi=12141
6439;GARCIA LOPEZ;FRANCISCO JAVIER;http://alojawebapps.us.es/centrosdptos/pdi/pdi.php?pdi=6439
8185;GARCIA LOPEZ;JAVIER;http://alojawebapps.us.es/centrosdptos/pdi/pdi.php?pdi=8185
3285;GARCIA LUNA;PEDRO PABLO;http://alojawebapps.us.es/centrosdptos/pdi/pdi.php?pdi=3285
14861;GARCIA LUQUE;MANUEL;http://alojawebapps.us.es/centrosdptos/pdi/pdi.php?pdi=14861
4503;GARCIA LUQUE;MARIA ISABEL;http://alojawebapps.us.es/centrosdptos/pdi/pdi.php?pdi=4503
13505;GARCIA MARTIN;JUAN FRANCISCO;http://alojawebapps.us.es/centrosdptos/pdi/pdi.php?pdi=13505
12487;GARCIA MARTIN;LAURA;http://alojawebapps.us.es/centrosdptos/pdi/pdi.php?pdi=12487
8500;GARCIA MARTIN;MIGUEL;http://alojawebapps.us.es/centrosdptos/pdi/pdi.php?pdi=8500
4332;GARCIA MARTINEZ;ANTONIO;http://alojawebapps.us.es/centrosdptos/pdi/pdi.php?pdi=4332
3188;GARCIA MARTINEZ;MARIA BELEN;http://alojawebapps.us.es/centrosdptos/pdi/pdi.php?pdi=3188
12930;GARCIA MAYO;MANUEL;http://alojawebapps.us.es/centrosdptos/pdi/pdi.php?pdi=12930
7028;GARCIA MEDINA;ELISABETH;http://alojawebapps.us.es/centrosdptos/pdi/pdi.php?pdi=7028
15061;GARCIA MEJIDO;JOSE ANTONIO;http://alojawebapps.us.es/centrosdptos/pdi/pdi.php?pdi=15061
6297;GARCIA MENDEZ;ANGEL MARIA;http://alojawebapps.us.es/centrosdptos/pdi/pdi.php?pdi=6297
8250;GARCIA MIRANDA;PABLO;http://alojawebapps.us.es/centrosdptos/pdi/pdi.php?pdi=8250
8837;GARCIA MONTES;FRANCISCO JAVIER;http://alojawebapps.us.es/centrosdptos/pdi/pdi.php?pdi=8837
3186;GARCIA MONTES;JOSEFA MARIA;http://alojawebapps.us.es/centrosdptos/pdi/pdi.php?pdi=3186
5441;GARCIA MORALES;ALFONSO;http://alojawebapps.us.es/centrosdptos/pdi/pdi.php?pdi=5441
4774;GARCIA MORENO;MARIA ISABEL;http://alojawebapps.us.es/centrosdptos/pdi/pdi.php?pdi=4774
2634;GARCIA MORENO;MARIA PAZ;http://alojawebapps.us.es/centrosdptos/pdi/pdi.php?pdi=2634
15840;GARCIA MORILLO;JOSE SALVADOR;http://alojawebapps.us.es/centrosdptos/pdi/pdi.php?pdi=15840
10995;GARCIA MOYA;IRENE;http://alojawebapps.us.es/centrosdptos/pdi/pdi.php?pdi=10995
16230;GARCIA MUÑOZ;CRISTINA;http://alojawebapps.us.es/centrosdptos/pdi/pdi.php?pdi=16230
12110;GARCIA MUÑOZ;MANUEL;http://alojawebapps.us.es/centrosdptos/pdi/pdi.php?pdi=12110
3478;GARCIA MURILLO;PABLO JOSE;http://alojawebapps.us.es/centrosdptos/pdi/pdi.php?pdi=3478
9239;GARCIA MUSE;TATIANA BEATRIZ;http://alojawebapps.us.es/centrosdptos/pdi/pdi.php?pdi=9239
9164;GARCIA ORTA;MARIA JOSE;http://alojawebapps.us.es/centrosdptos/pdi/pdi.php?pdi=9164
8438;GARCIA ORTEGA;ANTONIO JESÚS;http://alojawebapps.us.es/centrosdptos/pdi/pdi.php?pdi=8438
3693;GARCIA ORTEGA;JUAN DE LA CRUZ;http://alojawebapps.us.es/centrosdptos/pdi/pdi.php?pdi=3693
11044;GARCIA ORTIZ;BEATRIZ;http://alojawebapps.us.es/centrosdptos/pdi/pdi.php?pdi=11044
9578;GARCIA OYA;JOSE RAMON;http://alojawebapps.us.es/centrosdptos/pdi/pdi.php?pdi=9578
2638;GARCIA PARRILLA;MARIA DEL CARMEN;http://alojawebapps.us.es/centrosdptos/pdi/pdi.php?pdi=2638
8502;GARCIA PERERA;JOSE MANUEL;http://alojawebapps.us.es/centrosdptos/pdi/pdi.php?pdi=8502
4199;GARCIA PEREZ;RAFAEL;http://alojawebapps.us.es/centrosdptos/pdi/pdi.php?pdi=4199
6105;GARCIA PLATERO;JUAN MANUEL;http://alojawebapps.us.es/centrosdptos/pdi/pdi.php?pdi=6105
12988;GARCIA PRIETO;VICTORIA;http://alojawebapps.us.es/centrosdptos/pdi/pdi.php?pdi=12988
9426;GARCIA QUINTANILLA;ALBERTO;http://alojawebapps.us.es/centrosdptos/pdi/pdi.php?pdi=9426
4505;GARCIA RAMIREZ;MANUEL;http://alojawebapps.us.es/centrosdptos/pdi/pdi.php?pdi=4505
10366;GARCIA RANEDO;MARIA DEL MAR;http://alojawebapps.us.es/centrosdptos/pdi/pdi.php?pdi=10366
17756;GARCIA REYES;BEATRIZ ALEJANDRA;http://alojawebapps.us.es/centrosdptos/pdi/pdi.php?pdi=17756
15413;GARCIA RIO;ESTHER;http://alojawebapps.us.es/centrosdptos/pdi/pdi.php?pdi=15413
9171;GARCIA RIVERO;DANIEL;http://alojawebapps.us.es/centrosdptos/pdi/pdi.php?pdi=9171
6654;GARCIA ROBLES;ROCIO;http://alojawebapps.us.es/centrosdptos/pdi/pdi.php?pdi=6654
8124;GARCIA RODRIGUEZ;JOSE M;http://alojawebapps.us.es/centrosdptos/pdi/pdi.php?pdi=8124
8855;GARCIA RODRIGUEZ;MARIA DE LOURDES;http://alojawebapps.us.es/centrosdptos/pdi/pdi.php?pdi=8855
12364;GARCIA RODRIGUEZ;RAMON ANDRES;http://alojawebapps.us.es/centrosdptos/pdi/pdi.php?pdi=12364
12371;GARCIA ROMERA;MARTA DE LA CONCEPCION;http://alojawebapps.us.es/centrosdptos/pdi/pdi.php?pdi=12371
16908;GARCIA ROMERO;FRANCISCO;http://alojawebapps.us.es/centrosdptos/pdi/pdi.php?pdi=16908
10054;GARCIA RONDON;ANA BEATRIZ;http://alojawebapps.us.es/centrosdptos/pdi/pdi.php?pdi=10054
6526;GARCIA RUBIO;MARIA LUISA;http://alojawebapps.us.es/centrosdptos/pdi/pdi.php?pdi=6526
4279;GARCIA RUESGAS;LAURA;http://alojawebapps.us.es/centrosdptos/pdi/pdi.php?pdi=4279
18026;GARCIA RUIZ-SANTA QUINTERIA;MARIA ISABEL;http://alojawebapps.us.es/centrosdptos/pdi/pdi.php?pdi=18026
18121;GARCIA RUIZ;FERNANDO;http://alojawebapps.us.es/centrosdptos/pdi/pdi.php?pdi=18121
2319;GARCIA SAN JOSE;DANIEL IGNACIO;http://alojawebapps.us.es/centrosdptos/pdi/pdi.php?pdi=2319
14849;GARCIA SANCHEZ;ANGELA MARIA;http://alojawebapps.us.es/centrosdptos/pdi/pdi.php?pdi=14849
3687;GARCIA SANCHEZ;ANTONIO;http://alojawebapps.us.es/centrosdptos/pdi/pdi.php?pdi=3687
5023;GARCIA SANCHEZ;JOSE MANUEL;http://alojawebapps.us.es/centrosdptos/pdi/pdi.php?pdi=5023
16594;GARCIA SANCHEZ;MARIA DOLORES;http://alojawebapps.us.es/centrosdptos/pdi/pdi.php?pdi=16594
3183;GARCIA SANCHEZ;MARIA ROSA;http://alojawebapps.us.es/centrosdptos/pdi/pdi.php?pdi=3183
8066;GARCIA SANCHEZ;PABLO;http://alojawebapps.us.es/centrosdptos/pdi/pdi.php?pdi=8066
2770;GARCIA SANJUAN;LEONARDO;http://alojawebapps.us.es/centrosdptos/pdi/pdi.php?pdi=2770
13254;GARCIA SANTACRUZ;CARLOS;http://alojawebapps.us.es/centrosdptos/pdi/pdi.php?pdi=13254
10565;GARCIA SANZ;CAROLINA;http://alojawebapps.us.es/centrosdptos/pdi/pdi.php?pdi=10565
4200;GARCIA SORIA;MARIA DEL VALLE;http://alojawebapps.us.es/centrosdptos/pdi/pdi.php?pdi=4200
3567;GARCIA TORAL;MILLAN;http://alojawebapps.us.es/centrosdptos/pdi/pdi.php?pdi=3567
18506;GARCIA TORRES;MIGUEL ANGEL;http://alojawebapps.us.es/centrosdptos/pdi/pdi.php?pdi=18506
7057;GARCIA VALLEJO;DANIEL;http://alojawebapps.us.es/centrosdptos/pdi/pdi.php?pdi=7057
3184;GARCIA VARGAS;ENRIQUE ALBERTO;http://alojawebapps.us.es/centrosdptos/pdi/pdi.php?pdi=3184
4809;GARCIA VARGAS;IGNACIO;http://alojawebapps.us.es/centrosdptos/pdi/pdi.php?pdi=4809
3689;GARCIA VAZQUEZ;CARLOS GABRIEL;http://alojawebapps.us.es/centrosdptos/pdi/pdi.php?pdi=3689
14265;GARCIA VAZQUEZ;CINTA CONCEPCION;http://alojawebapps.us.es/centrosdptos/pdi/pdi.php?pdi=14265
4700;GARCIA VAZQUEZ;JUAN CARLOS;http://alojawebapps.us.es/centrosdptos/pdi/pdi.php?pdi=4700
6361;GARCIA VAZQUEZ;PEDRO;http://alojawebapps.us.es/centrosdptos/pdi/pdi.php?pdi=6361
2635;GARCIA ZARZA;MARIA LOURDES;http://alojawebapps.us.es/centrosdptos/pdi/pdi.php?pdi=2635
6109;GARCIA-CARPINTERO MUÑOZ;MARIA DE LOS ANGELES;http://alojawebapps.us.es/centrosdptos/pdi/pdi.php?pdi=6109
9228;GARCIA-JUNCO CLEMENTE;PABLO;http://alojawebapps.us.es/centrosdptos/pdi/pdi.php?pdi=9228
3857;GARCIA-MAURIÑO RUIZ-BERDEJO;SOFIA;http://alojawebapps.us.es/centrosdptos/pdi/pdi.php?pdi=3857
9739;GARCIA-PERLA GARCIA;ALBERTO;http://alojawebapps.us.es/centrosdptos/pdi/pdi.php?pdi=9739
3695;GARCIA-QUILEZ GOMEZ;JOSE MANUEL;http://alojawebapps.us.es/centrosdptos/pdi/pdi.php?pdi=3695
5468;GARCIA-TENORIO GARCIA BALMASEDA;RAFAEL;http://alojawebapps.us.es/centrosdptos/pdi/pdi.php?pdi=5468
2238;GARIJO ROYO;DELIA;http://alojawebapps.us.es/centrosdptos/pdi/pdi.php?pdi=2238
9843;GARNACHO MONTERO;MARIA CARMEN;http://alojawebapps.us.es/centrosdptos/pdi/pdi.php?pdi=9843
12528;GARRES DIAZ;JOSE;http://alojawebapps.us.es/centrosdptos/pdi/pdi.php?pdi=12528
18199;GARRIDO BUENO;MIGUEL;http://alojawebapps.us.es/centrosdptos/pdi/pdi.php?pdi=18199
15830;GARRIDO CASTILLA;JOSE MANUEL;http://alojawebapps.us.es/centrosdptos/pdi/pdi.php?pdi=15830
9740;GARRIDO CUMBRERA;MARCO;http://alojawebapps.us.es/centrosdptos/pdi/pdi.php?pdi=9740
6112;GARRIDO FERNANDEZ;MIGUEL;http://alojawebapps.us.es/centrosdptos/pdi/pdi.php?pdi=6112
6683;GARRIDO GUZMAN;MARIA ENCARNACION;http://alojawebapps.us.es/centrosdptos/pdi/pdi.php?pdi=6683
17687;GARRIDO HERMOSILLA;ANTONIO MANUEL;http://alojawebapps.us.es/centrosdptos/pdi/pdi.php?pdi=17687
4204;GARRIDO LORA;MANUEL;http://alojawebapps.us.es/centrosdptos/pdi/pdi.php?pdi=4204
12394;GARRIDO MARTIN;BLANCA;http://alojawebapps.us.es/centrosdptos/pdi/pdi.php?pdi=12394
13550;GARRIDO MARTIN;JOAQUIN;http://alojawebapps.us.es/centrosdptos/pdi/pdi.php?pdi=13550
12154;GARRIDO MUÑOZ DE ARENILLAS;MARÍA DEL ROCIO;http://alojawebapps.us.es/centrosdptos/pdi/pdi.php?pdi=12154
12701;GARRIDO PERIÑAN;JUAN JOSE;http://alojawebapps.us.es/centrosdptos/pdi/pdi.php?pdi=12701
12269;GARRIDO SATUE;MANUEL;http://alojawebapps.us.es/centrosdptos/pdi/pdi.php?pdi=12269
3332;GARRIDO TORRES;MIGUEL ANGEL;http://alojawebapps.us.es/centrosdptos/pdi/pdi.php?pdi=3332
3691;GARRIDO VEGA;PEDRO;http://alojawebapps.us.es/centrosdptos/pdi/pdi.php?pdi=3691
3690;GARRIDO VIZUETE;MARIA DE LOS ANGELES;http://alojawebapps.us.es/centrosdptos/pdi/pdi.php?pdi=3690
15859;GARRIGOS VACAS;CARMEN;http://alojawebapps.us.es/centrosdptos/pdi/pdi.php?pdi=15859
13023;GAVALA GONZALEZ;JUAN;http://alojawebapps.us.es/centrosdptos/pdi/pdi.php?pdi=13023
18482;GAVELA GARCIA;DELIA DEL PILAR;http://alojawebapps.us.es/centrosdptos/pdi/pdi.php?pdi=18482
18397;GAVILAN CONDE;JUAN MARIA;http://alojawebapps.us.es/centrosdptos/pdi/pdi.php?pdi=18397
7231;GAVILAN DORRONZORO;M DE LA PAZ;http://alojawebapps.us.es/centrosdptos/pdi/pdi.php?pdi=7231
2429;GAVILAN IZQUIERDO;JOSE MARÍA;http://alojawebapps.us.es/centrosdptos/pdi/pdi.php?pdi=2429
9049;GAVILAN JIMENEZ;FRANCISCO RAFAEL;http://alojawebapps.us.es/centrosdptos/pdi/pdi.php?pdi=9049
4701;GAVILAN RUIZ;JOSE MANUEL;http://alojawebapps.us.es/centrosdptos/pdi/pdi.php?pdi=4701
2320;GAYTAN GUIA;SUSANA PILAR;http://alojawebapps.us.es/centrosdptos/pdi/pdi.php?pdi=2320
3187;GAYTE DELGADO;MARIA INMACULADA;http://alojawebapps.us.es/centrosdptos/pdi/pdi.php?pdi=3187
17651;GEA GARCIA;GEMMA;http://alojawebapps.us.es/centrosdptos/pdi/pdi.php?pdi=17651
14313;GERLACH MENA;PABLO JOSE;http://alojawebapps.us.es/centrosdptos/pdi/pdi.php?pdi=14313
18188;GIGIREY OLIVA;FATIMA;http://alojawebapps.us.es/centrosdptos/pdi/pdi.php?pdi=18188
14898;GIL ALVAREZ;JUAN JOSE;http://alojawebapps.us.es/centrosdptos/pdi/pdi.php?pdi=14898
4354;GIL CALDERON;MARIA CARMEN;http://alojawebapps.us.es/centrosdptos/pdi/pdi.php?pdi=4354
14855;GIL CORDERO;ELOY;http://alojawebapps.us.es/centrosdptos/pdi/pdi.php?pdi=14855
18524;GIL DELGADO;JOSE LUIS;http://alojawebapps.us.es/centrosdptos/pdi/pdi.php?pdi=18524
6108;GIL DELGADO;OSCAR;http://alojawebapps.us.es/centrosdptos/pdi/pdi.php?pdi=6108
4511;GIL FLORES;JAVIER;http://alojawebapps.us.es/centrosdptos/pdi/pdi.php?pdi=4511
3334;GIL GALVAN;MARIA ROSARIO;http://alojawebapps.us.es/centrosdptos/pdi/pdi.php?pdi=3334
8364;GIL GARCIA;EUGENIA;http://alojawebapps.us.es/centrosdptos/pdi/pdi.php?pdi=8364
16688;GIL GARCIA;FRANCISCO SALVADOR;http://alojawebapps.us.es/centrosdptos/pdi/pdi.php?pdi=16688
15765;GIL GONZALEZ;EVA;http://alojawebapps.us.es/centrosdptos/pdi/pdi.php?pdi=15765
8251;GIL GONZALEZ;JUAN CARLOS;http://alojawebapps.us.es/centrosdptos/pdi/pdi.php?pdi=8251
10942;GIL LAZARO;ALICIA;http://alojawebapps.us.es/centrosdptos/pdi/pdi.php?pdi=10942
2435;GIL MARTI;MIGUEL ANGEL;http://alojawebapps.us.es/centrosdptos/pdi/pdi.php?pdi=2435
17208;GIL MARTINEZ;MARTA;http://alojawebapps.us.es/centrosdptos/pdi/pdi.php?pdi=17208
17056;GIL MIFFUT;JOSE ANTONIO;http://alojawebapps.us.es/centrosdptos/pdi/pdi.php?pdi=17056
5463;GILABERT MARTIN;EMILIO;http://alojawebapps.us.es/centrosdptos/pdi/pdi.php?pdi=5463
4343;GILES DOMINGUEZ;JUAN ANTONIO;http://alojawebapps.us.es/centrosdptos/pdi/pdi.php?pdi=4343
4972;GILES DUBOIS;SARA MARIA DE;http://alojawebapps.us.es/centrosdptos/pdi/pdi.php?pdi=4972
9626;GINER GARCIA;MARIA DE LAS MERCEDES;http://alojawebapps.us.es/centrosdptos/pdi/pdi.php?pdi=9626
7708;GINER JIMENEZ;LUCAS;http://alojawebapps.us.es/centrosdptos/pdi/pdi.php?pdi=7708
8513;GINER LAMIA;JOAQUIN;http://alojawebapps.us.es/centrosdptos/pdi/pdi.php?pdi=8513
7106;GINES ARTEAGA;ANTONIO JOSE;http://alojawebapps.us.es/centrosdptos/pdi/pdi.php?pdi=7106
2633;GINES DORADO;JUAN MANUEL;http://alojawebapps.us.es/centrosdptos/pdi/pdi.php?pdi=2633
14955;GIRALDEZ CRU;JESUS;http://alojawebapps.us.es/centrosdptos/pdi/pdi.php?pdi=14955
17735;GIRALDEZ SANCHEZ;MIGUEL ANGEL;http://alojawebapps.us.es/centrosdptos/pdi/pdi.php?pdi=17735
10615;GODER;VEIT;http://alojawebapps.us.es/centrosdptos/pdi/pdi.php?pdi=10615
18321;GODINO PONS;ALEJANDRO;http://alojawebapps.us.es/centrosdptos/pdi/pdi.php?pdi=18321
3256;GODOY DOMINGUEZ;MARIA JESUS;http://alojawebapps.us.es/centrosdptos/pdi/pdi.php?pdi=3256
10105;GOMEZ ABEJA;LAURA;http://alojawebapps.us.es/centrosdptos/pdi/pdi.php?pdi=10105
14220;GOMEZ AGUILAR;ANTONIO;http://alojawebapps.us.es/centrosdptos/pdi/pdi.php?pdi=14220
17553;GOMEZ ALONSO;MODESTO MANUEL;http://alojawebapps.us.es/centrosdptos/pdi/pdi.php?pdi=17553
6099;GOMEZ ALOS;MILAGROS;http://alojawebapps.us.es/centrosdptos/pdi/pdi.php?pdi=6099
16493;GOMEZ ALVAREZ;CARLOS MANUEL;http://alojawebapps.us.es/centrosdptos/pdi/pdi.php?pdi=16493
12520;GOMEZ ARAGON;ANJHARA;http://alojawebapps.us.es/centrosdptos/pdi/pdi.php?pdi=12520
16951;GOMEZ BENITEZ;MARIA DE LOS ANGELES;http://alojawebapps.us.es/centrosdptos/pdi/pdi.php?pdi=16951
8162;GOMEZ BRAVO;MIGUEL ANGEL;http://alojawebapps.us.es/centrosdptos/pdi/pdi.php?pdi=8162
16114;GOMEZ CABELLO;DANIEL;http://alojawebapps.us.es/centrosdptos/pdi/pdi.php?pdi=16114
3073;GOMEZ CALDERON;MARIA JOSE;http://alojawebapps.us.es/centrosdptos/pdi/pdi.php?pdi=3073
11870;GOMEZ CAMACHO;ALEJANDRO;http://alojawebapps.us.es/centrosdptos/pdi/pdi.php?pdi=11870
2945;GOMEZ CAMACHO;JOAQUIN JOSE;http://alojawebapps.us.es/centrosdptos/pdi/pdi.php?pdi=2945
12567;GOMEZ CHACON;RAMON;http://alojawebapps.us.es/centrosdptos/pdi/pdi.php?pdi=12567
9295;GOMEZ CUADRADO;ROSARIO;http://alojawebapps.us.es/centrosdptos/pdi/pdi.php?pdi=9295
6095;GOMEZ DE COZAR;JUAN CARLOS;http://alojawebapps.us.es/centrosdptos/pdi/pdi.php?pdi=6095
3982;GOMEZ DE LA TORRE;JUAN J;http://alojawebapps.us.es/centrosdptos/pdi/pdi.php?pdi=3982
9444;GOMEZ DE TEJADA FUENTES;MANUEL JESUS;http://alojawebapps.us.es/centrosdptos/pdi/pdi.php?pdi=9444
6103;GOMEZ DE TEJADA ROMERO;MARIA JESUS;http://alojawebapps.us.es/centrosdptos/pdi/pdi.php?pdi=6103
4196;GOMEZ DE TERREROS GUARDIOLA;AURELIO;http://alojawebapps.us.es/centrosdptos/pdi/pdi.php?pdi=4196
5447;GOMEZ DE TERREROS GUARDIOLA;MARIA GRACIA;http://alojawebapps.us.es/centrosdptos/pdi/pdi.php?pdi=5447
6102;GOMEZ DE TERREROS GUARDIOLA;MONTSERRAT;http://alojawebapps.us.es/centrosdptos/pdi/pdi.php?pdi=6102
2630;GOMEZ DE TERREROS GUARDIOLA;PEDRO;http://alojawebapps.us.es/centrosdptos/pdi/pdi.php?pdi=2630
10460;GOMEZ DEL CASTILLO SEGURADO;MARIA TERESA;http://alojawebapps.us.es/centrosdptos/pdi/pdi.php?pdi=10460
17584;GOMEZ DEL REY;PILAR;http://alojawebapps.us.es/centrosdptos/pdi/pdi.php?pdi=17584
6096;GOMEZ DELGADO;TOMAS;http://alojawebapps.us.es/centrosdptos/pdi/pdi.php?pdi=6096
6115;GOMEZ DIAZ;FRANCISCO;http://alojawebapps.us.es/centrosdptos/pdi/pdi.php?pdi=6115
4697;GOMEZ DOMINGUEZ;DOLORES JOSE;http://alojawebapps.us.es/centrosdptos/pdi/pdi.php?pdi=4697
5452;GOMEZ EXPOSITO;ANTONIO;http://alojawebapps.us.es/centrosdptos/pdi/pdi.php?pdi=5452
11766;GOMEZ FERNANDEZ;JUAN FRANCISCO;http://alojawebapps.us.es/centrosdptos/pdi/pdi.php?pdi=11766
6673;GOMEZ GARCIA;ANTONIA MARIA;http://alojawebapps.us.es/centrosdptos/pdi/pdi.php?pdi=6673
6092;GOMEZ GARCIA;DIEGO;http://alojawebapps.us.es/centrosdptos/pdi/pdi.php?pdi=6092
6090;GOMEZ GARCIA;FRANCISCO;http://alojawebapps.us.es/centrosdptos/pdi/pdi.php?pdi=6090
5429;GOMEZ GOMEZ;MARGARITA;http://alojawebapps.us.es/centrosdptos/pdi/pdi.php?pdi=5429
3454;GOMEZ GOMEZ;MARIA TERESA;http://alojawebapps.us.es/centrosdptos/pdi/pdi.php?pdi=3454
8080;GOMEZ GONZALEZ;BELEN;http://alojawebapps.us.es/centrosdptos/pdi/pdi.php?pdi=8080
2929;GOMEZ GONZALEZ;CARLOS MARIA;http://alojawebapps.us.es/centrosdptos/pdi/pdi.php?pdi=2929
2416;GOMEZ GONZALEZ;ISABEL MARIA;http://alojawebapps.us.es/centrosdptos/pdi/pdi.php?pdi=2416
17674;GOMEZ GONZALEZ;JAIME;http://alojawebapps.us.es/centrosdptos/pdi/pdi.php?pdi=17674
3336;GOMEZ GUTIERREZ;ALVARO ARIEL;http://alojawebapps.us.es/centrosdptos/pdi/pdi.php?pdi=3336
11931;GOMEZ GUTIERREZ;JUAN JOSE;http://alojawebapps.us.es/centrosdptos/pdi/pdi.php?pdi=11931
9092;GOMEZ HERREROS;FERNANDO;http://alojawebapps.us.es/centrosdptos/pdi/pdi.php?pdi=9092
15722;GOMEZ LAMARCA;MARIA JESUS;http://alojawebapps.us.es/centrosdptos/pdi/pdi.php?pdi=15722
5448;GOMEZ LARA;MANUEL JOSE;http://alojawebapps.us.es/centrosdptos/pdi/pdi.php?pdi=5448
4816;GOMEZ LOPEZ;MARIA TERESA;http://alojawebapps.us.es/centrosdptos/pdi/pdi.php?pdi=4816
16012;GOMEZ LOSADA;ALVARO;http://alojawebapps.us.es/centrosdptos/pdi/pdi.php?pdi=16012
4694;GOMEZ MARMOL;MARIA MACARENA;http://alojawebapps.us.es/centrosdptos/pdi/pdi.php?pdi=4694
16863;GOMEZ MARTINEZ;VIDAL;http://alojawebapps.us.es/centrosdptos/pdi/pdi.php?pdi=16863
15399;GOMEZ MORENO;SILVIA;http://alojawebapps.us.es/centrosdptos/pdi/pdi.php?pdi=15399
3290;GOMEZ PARRALES;ISIDORO ANGEL;http://alojawebapps.us.es/centrosdptos/pdi/pdi.php?pdi=3290
11498;GOMEZ PEÑA;ALVARO;http://alojawebapps.us.es/centrosdptos/pdi/pdi.php?pdi=11498
8161;GOMEZ PEREZ;MARTA;http://alojawebapps.us.es/centrosdptos/pdi/pdi.php?pdi=8161
4198;GOMEZ PIRIZ;PEDRO TOMAS;http://alojawebapps.us.es/centrosdptos/pdi/pdi.php?pdi=4198
11177;GOMEZ QUILES;CATALINA;http://alojawebapps.us.es/centrosdptos/pdi/pdi.php?pdi=11177
13372;GOMEZ RAMIREZ;ANA MARIA;http://alojawebapps.us.es/centrosdptos/pdi/pdi.php?pdi=13372
12788;GOMEZ RAMOS;MARIO;http://alojawebapps.us.es/centrosdptos/pdi/pdi.php?pdi=12788
3979;GOMEZ RIVERO;CARMEN;http://alojawebapps.us.es/centrosdptos/pdi/pdi.php?pdi=3979
4264;GOMEZ RODRIGUEZ;FRANCISCO DE ASIS;http://alojawebapps.us.es/centrosdptos/pdi/pdi.php?pdi=4264
8861;GOMEZ ROSADO;JUAN CARLOS;http://alojawebapps.us.es/centrosdptos/pdi/pdi.php?pdi=8861
11909;GOMEZ ROSSI;MARIA JESUS;http://alojawebapps.us.es/centrosdptos/pdi/pdi.php?pdi=11909
4805;GOMEZ SANCHEZ;MARIA VALME;http://alojawebapps.us.es/centrosdptos/pdi/pdi.php?pdi=4805
6101;GOMEZ SANCHO;LUIS ELADIO;http://alojawebapps.us.es/centrosdptos/pdi/pdi.php?pdi=6101
7271;GOMEZ SCHOLL;FRANCISCO MANUEL;http://alojawebapps.us.es/centrosdptos/pdi/pdi.php?pdi=7271
17747;GOMEZ SOUSA;VICTOR MANUEL;http://alojawebapps.us.es/centrosdptos/pdi/pdi.php?pdi=17747
5436;GOMEZ TORRES;MARIA JOSE;http://alojawebapps.us.es/centrosdptos/pdi/pdi.php?pdi=5436
5035;GOMEZ TUBIO;ANA MARIA;http://alojawebapps.us.es/centrosdptos/pdi/pdi.php?pdi=5035
5449;GOMEZ TUBIO;BLANCA MARIA;http://alojawebapps.us.es/centrosdptos/pdi/pdi.php?pdi=5449
18379;GOMEZ VAZQUEZ;DIANA;http://alojawebapps.us.es/centrosdptos/pdi/pdi.php?pdi=18379
2632;GOMEZ-ALVAREZ DIAZ;MARIA ROSARIO;http://alojawebapps.us.es/centrosdptos/pdi/pdi.php?pdi=2632
5437;GOMEZ-CALERO VALDES;M PALMA;http://alojawebapps.us.es/centrosdptos/pdi/pdi.php?pdi=5437
18067;GOMEZ-CAMINERO TELLEZ;PILAR;http://alojawebapps.us.es/centrosdptos/pdi/pdi.php?pdi=18067
16299;GOMEZ-MILLAN PEREZ;GONZALO;http://alojawebapps.us.es/centrosdptos/pdi/pdi.php?pdi=16299
15599;GOMEZ-PANTOJA CABEZAS;MARIA EULALIA;http://alojawebapps.us.es/centrosdptos/pdi/pdi.php?pdi=15599
5435;GOMEZ-SALVAGO SANCHEZ;CECILIA;http://alojawebapps.us.es/centrosdptos/pdi/pdi.php?pdi=5435
6100;GONZALEZ ABRIL;LUIS;http://alojawebapps.us.es/centrosdptos/pdi/pdi.php?pdi=6100
6897;GONZALEZ ALBALADEJO;RAFAEL;http://alojawebapps.us.es/centrosdptos/pdi/pdi.php?pdi=6897
15564;GONZALEZ ALMENARA;RAFAEL;http://alojawebapps.us.es/centrosdptos/pdi/pdi.php?pdi=15564
9083;GONZALEZ ALVAREZ;MARCO AURELIO;http://alojawebapps.us.es/centrosdptos/pdi/pdi.php?pdi=9083
2469;GONZALEZ ARJONA;DOMINGO;http://alojawebapps.us.es/centrosdptos/pdi/pdi.php?pdi=2469
11246;GONZALEZ ARZOLA;KATIUSKA;http://alojawebapps.us.es/centrosdptos/pdi/pdi.php?pdi=11246
7172;GONZALEZ BARRERA;JULIAN MARIA;http://alojawebapps.us.es/centrosdptos/pdi/pdi.php?pdi=7172
13108;GONZALEZ BERDUS;MARIA VICTORIA;http://alojawebapps.us.es/centrosdptos/pdi/pdi.php?pdi=13108
4026;GONZALEZ BIEDMA;EDUARDO;http://alojawebapps.us.es/centrosdptos/pdi/pdi.php?pdi=4026
13855;GONZALEZ BLANCO;NATIVIDAD;http://alojawebapps.us.es/centrosdptos/pdi/pdi.php?pdi=13855
2470;GONZALEZ BURGOS;MANUEL;http://alojawebapps.us.es/centrosdptos/pdi/pdi.php?pdi=2470
14989;GONZALEZ CAGIGAL;MIGUEL ANGEL;http://alojawebapps.us.es/centrosdptos/pdi/pdi.php?pdi=14989
5009;GONZALEZ CAMACHO;MARIA CARMEN;http://alojawebapps.us.es/centrosdptos/pdi/pdi.php?pdi=5009
8987;GONZALEZ CAMPOS;GLORIA;http://alojawebapps.us.es/centrosdptos/pdi/pdi.php?pdi=8987
11828;GONZALEZ CARBAJAL;JAVIER;http://alojawebapps.us.es/centrosdptos/pdi/pdi.php?pdi=11828
4606;GONZALEZ CARVAJAL;RAMON;http://alojawebapps.us.es/centrosdptos/pdi/pdi.php?pdi=4606
12902;GONZALEZ CASTAÑO;MIRIAM;http://alojawebapps.us.es/centrosdptos/pdi/pdi.php?pdi=12902
14178;GONZALEZ CASTRO;ANTONIO MARIA;http://alojawebapps.us.es/centrosdptos/pdi/pdi.php?pdi=14178
15090;GONZALEZ CEJUDO;CARMEN;http://alojawebapps.us.es/centrosdptos/pdi/pdi.php?pdi=15090
2769;GONZALEZ DE BOADO HALCON;LUIS;http://alojawebapps.us.es/centrosdptos/pdi/pdi.php?pdi=2769
7074;GONZALEZ DE CANALES RUIZ;FRANCISCO JOSE;http://alojawebapps.us.es/centrosdptos/pdi/pdi.php?pdi=7074
2312;GONZALEZ DIAZ;MARIA DEL ROCIO;http://alojawebapps.us.es/centrosdptos/pdi/pdi.php?pdi=2312
6098;GONZALEZ DOMINGUEZ;FRANCISCO JOSE;http://alojawebapps.us.es/centrosdptos/pdi/pdi.php?pdi=6098
18326;GONZALEZ DOÑA;FRANCISCO JAVIER;http://alojawebapps.us.es/centrosdptos/pdi/pdi.php?pdi=18326
10806;GONZALEZ ELENA;MARIA LUISA;http://alojawebapps.us.es/centrosdptos/pdi/pdi.php?pdi=10806
12903;GONZALEZ ENRIQUEZ;JOSE;http://alojawebapps.us.es/centrosdptos/pdi/pdi.php?pdi=12903
10676;GONZALEZ ESTEVEZ;MARIA ESCARDIEL;http://alojawebapps.us.es/centrosdptos/pdi/pdi.php?pdi=10676
2754;GONZALEZ FALCON;ROCIO;http://alojawebapps.us.es/centrosdptos/pdi/pdi.php?pdi=2754
2631;GONZALEZ FERNANDEZ;ANGELES;http://alojawebapps.us.es/centrosdptos/pdi/pdi.php?pdi=2631
17884;GONZALEZ FERNANDEZ;ANTONIO;http://alojawebapps.us.es/centrosdptos/pdi/pdi.php?pdi=17884
4024;GONZALEZ FERNANDEZ;ANTONIO DE LA CRUZ;http://alojawebapps.us.es/centrosdptos/pdi/pdi.php?pdi=4024
4699;GONZALEZ FERNANDEZ;VANESSA DEL ROCIO;http://alojawebapps.us.es/centrosdptos/pdi/pdi.php?pdi=4699
6097;GONZALEZ FERRIN;EMILIO;http://alojawebapps.us.es/centrosdptos/pdi/pdi.php?pdi=6097
6093;GONZALEZ GALIANA;RAFAEL;http://alojawebapps.us.es/centrosdptos/pdi/pdi.php?pdi=6093
4947;GONZALEZ GARCIA DE VELASCO;MARIA CONCEPCION;http://alojawebapps.us.es/centrosdptos/pdi/pdi.php?pdi=4947
2466;GONZALEZ GARCIA;HELIODORO;http://alojawebapps.us.es/centrosdptos/pdi/pdi.php?pdi=2466
8418;GONZALEZ GARCIA;MARIA;http://alojawebapps.us.es/centrosdptos/pdi/pdi.php?pdi=8418
9412;GONZALEZ GARCIA;MARIA DE LA CRUZ;http://alojawebapps.us.es/centrosdptos/pdi/pdi.php?pdi=9412
6822;GONZALEZ GARCIA;PAULA;http://alojawebapps.us.es/centrosdptos/pdi/pdi.php?pdi=6822
4337;GONZALEZ GARRIDO;SERGIO;http://alojawebapps.us.es/centrosdptos/pdi/pdi.php?pdi=4337
6094;GONZALEZ GOMEZ;JOSE ANTONIO;http://alojawebapps.us.es/centrosdptos/pdi/pdi.php?pdi=6094
4698;GONZALEZ GONZALEZ;ANTONIO;http://alojawebapps.us.es/centrosdptos/pdi/pdi.php?pdi=4698
4536;GONZALEZ GONZALEZ;ANTONIO GUSTAVO;http://alojawebapps.us.es/centrosdptos/pdi/pdi.php?pdi=4536
7315;GONZALEZ GONZALEZ;BLAS;http://alojawebapps.us.es/centrosdptos/pdi/pdi.php?pdi=7315
3180;GONZALEZ GONZALEZ;JOAQUIN;http://alojawebapps.us.es/centrosdptos/pdi/pdi.php?pdi=3180
4899;GONZALEZ GONZALEZ;JOSE MARIA;http://alojawebapps.us.es/centrosdptos/pdi/pdi.php?pdi=4899
17657;GONZALEZ GONZALEZ;JOSE MARIA;http://alojawebapps.us.es/centrosdptos/pdi/pdi.php?pdi=17657
18416;GONZALEZ GUZMAN;ADRIAN;http://alojawebapps.us.es/centrosdptos/pdi/pdi.php?pdi=18416
18246;GONZALEZ HERNANDEZ;EVA MARIA;http://alojawebapps.us.es/centrosdptos/pdi/pdi.php?pdi=18246
9766;GONZALEZ HERRERA;ANTONIO;http://alojawebapps.us.es/centrosdptos/pdi/pdi.php?pdi=9766
3799;GONZALEZ JIMENEZ;CLAUDIO;http://alojawebapps.us.es/centrosdptos/pdi/pdi.php?pdi=3799
5560;GONZALEZ LIMON;JOSE MANUEL;http://alojawebapps.us.es/centrosdptos/pdi/pdi.php?pdi=5560
3179;GONZALEZ LIMON;MYRIAM LUISA;http://alojawebapps.us.es/centrosdptos/pdi/pdi.php?pdi=3179
13180;GONZALEZ LIMONES;FRANCISCO JAVIER;http://alojawebapps.us.es/centrosdptos/pdi/pdi.php?pdi=13180
12723;GONZALEZ LIMONES;SERGIO;http://alojawebapps.us.es/centrosdptos/pdi/pdi.php?pdi=12723
18402;GONZALEZ LOPEZ-CEPERO;JOAQUIN;http://alojawebapps.us.es/centrosdptos/pdi/pdi.php?pdi=18402
9782;GONZALEZ LOPEZ;JOSE RAFAEL;http://alojawebapps.us.es/centrosdptos/pdi/pdi.php?pdi=9782
2761;GONZALEZ LOPEZ;MARIA JOSE;http://alojawebapps.us.es/centrosdptos/pdi/pdi.php?pdi=2761
6088;GONZALEZ MARISCAL;JUAN;http://alojawebapps.us.es/centrosdptos/pdi/pdi.php?pdi=6088
9737;GONZALEZ MARISCAL;MANUEL;http://alojawebapps.us.es/centrosdptos/pdi/pdi.php?pdi=9737
18190;GONZALEZ MARTIN;FRANCISCO JAVIER;http://alojawebapps.us.es/centrosdptos/pdi/pdi.php?pdi=18190
9750;GONZALEZ MARTIN;MARIA ISABEL;http://alojawebapps.us.es/centrosdptos/pdi/pdi.php?pdi=9750
3258;GONZALEZ MARTINEZ;PLACIDO;http://alojawebapps.us.es/centrosdptos/pdi/pdi.php?pdi=3258
9463;GONZALEZ MARTOS;RAFAEL;http://alojawebapps.us.es/centrosdptos/pdi/pdi.php?pdi=9463
12145;GONZALEZ MENDEZ;MARIA ISABEL;http://alojawebapps.us.es/centrosdptos/pdi/pdi.php?pdi=12145
6087;GONZALEZ MINERO;FRANCISCO JOSE;http://alojawebapps.us.es/centrosdptos/pdi/pdi.php?pdi=6087
6085;GONZALEZ MONTEAGUDO;JOSE;http://alojawebapps.us.es/centrosdptos/pdi/pdi.php?pdi=6085
9899;GONZALEZ MONTESINO;MARIA TERESA;http://alojawebapps.us.es/centrosdptos/pdi/pdi.php?pdi=9899
11604;GONZALEZ MORALES;ANGEL LUIS;http://alojawebapps.us.es/centrosdptos/pdi/pdi.php?pdi=11604
15082;GONZALEZ MORALES;ANTONIO;http://alojawebapps.us.es/centrosdptos/pdi/pdi.php?pdi=15082
18010;GONZALEZ MORAN;LAURA;http://alojawebapps.us.es/centrosdptos/pdi/pdi.php?pdi=18010
16599;GONZALEZ MORGADO;ANTONIO;http://alojawebapps.us.es/centrosdptos/pdi/pdi.php?pdi=16599
16869;GONZALEZ ORTEGA;MANUEL JESUS;http://alojawebapps.us.es/centrosdptos/pdi/pdi.php?pdi=16869
18123;GONZALEZ PAEZ;CARLA ISABEL;http://alojawebapps.us.es/centrosdptos/pdi/pdi.php?pdi=18123
2293;GONZALEZ PEREZ;JOSE ANGEL;http://alojawebapps.us.es/centrosdptos/pdi/pdi.php?pdi=2293
14876;GONZALEZ PEREZ;LUIS MIGUEL;http://alojawebapps.us.es/centrosdptos/pdi/pdi.php?pdi=14876
8377;GONZALEZ POLVILLO;ANTONIO;http://alojawebapps.us.es/centrosdptos/pdi/pdi.php?pdi=8377
5558;GONZALEZ PONCE;FRANCISCO JOSE;http://alojawebapps.us.es/centrosdptos/pdi/pdi.php?pdi=5558
17219;GONZALEZ PRIETO;ROMAN;http://alojawebapps.us.es/centrosdptos/pdi/pdi.php?pdi=17219
4986;GONZALEZ RAMIREZ;JUAN MANUEL;http://alojawebapps.us.es/centrosdptos/pdi/pdi.php?pdi=4986
6084;GONZALEZ RAMIREZ;TERESA;http://alojawebapps.us.es/centrosdptos/pdi/pdi.php?pdi=6084
6083;GONZALEZ REDONDO;PEDRO;http://alojawebapps.us.es/centrosdptos/pdi/pdi.php?pdi=6083
12377;GONZALEZ REGAÑA;ALFONSO JOSE;http://alojawebapps.us.es/centrosdptos/pdi/pdi.php?pdi=12377
3292;GONZALEZ RELAÑO;REYES MANUELA;http://alojawebapps.us.es/centrosdptos/pdi/pdi.php?pdi=3292
3513;GONZALEZ RENDON;MANUEL;http://alojawebapps.us.es/centrosdptos/pdi/pdi.php?pdi=3513
6309;GONZALEZ RODRIGUEZ;FRANCISCO JAVIER;http://alojawebapps.us.es/centrosdptos/pdi/pdi.php?pdi=6309
5517;GONZALEZ RODRIGUEZ;MARIA DEL MAR;http://alojawebapps.us.es/centrosdptos/pdi/pdi.php?pdi=5517
4997;GONZALEZ RODRIGUEZ;MARIA LUISA;http://alojawebapps.us.es/centrosdptos/pdi/pdi.php?pdi=4997
6082;GONZALEZ RODRIGUEZ;MARIA ROSARIO;http://alojawebapps.us.es/centrosdptos/pdi/pdi.php?pdi=6082
12904;GONZALEZ RODRIGUEZ;PATRICIA;http://alojawebapps.us.es/centrosdptos/pdi/pdi.php?pdi=12904
7146;GONZALEZ RODRIGUEZ;PEDRO LUIS;http://alojawebapps.us.es/centrosdptos/pdi/pdi.php?pdi=7146
2449;GONZALEZ ROMANO;JOSE MARIANO;http://alojawebapps.us.es/centrosdptos/pdi/pdi.php?pdi=2449
3823;GONZALEZ ROMERO;GEMA;http://alojawebapps.us.es/centrosdptos/pdi/pdi.php?pdi=3823
15801;GONZALEZ SANCHEZ;MANUELA;http://alojawebapps.us.es/centrosdptos/pdi/pdi.php?pdi=15801
10714;GONZALEZ SANZ;MARINA;http://alojawebapps.us.es/centrosdptos/pdi/pdi.php?pdi=10714
4195;GONZALEZ SERRANO;ANA MARIA;http://alojawebapps.us.es/centrosdptos/pdi/pdi.php?pdi=4195
17968;GONZALEZ SILVA;JARA;http://alojawebapps.us.es/centrosdptos/pdi/pdi.php?pdi=17968
12124;GONZALEZ VALLEJO;PATRICIA;http://alojawebapps.us.es/centrosdptos/pdi/pdi.php?pdi=12124
10986;GONZALEZ VILLEGAS;JESUS ALGOVI;http://alojawebapps.us.es/centrosdptos/pdi/pdi.php?pdi=10986
4695;GONZALEZ ZAMORA;JOSE ENRIQUE;http://alojawebapps.us.es/centrosdptos/pdi/pdi.php?pdi=4695
6299;GONZALEZ ZAMORA;MARIA DEL MAR;http://alojawebapps.us.es/centrosdptos/pdi/pdi.php?pdi=6299
10490;GONZALEZ-MENESES LOPEZ;ANTONIO;http://alojawebapps.us.es/centrosdptos/pdi/pdi.php?pdi=10490
2271;GONZALEZ-MENESES LOPEZ;JUAN;http://alojawebapps.us.es/centrosdptos/pdi/pdi.php?pdi=2271
6547;GONZALEZ-MIRET MARTIN;MARIA LOURDES;http://alojawebapps.us.es/centrosdptos/pdi/pdi.php?pdi=6547
14711;GONZALEZ-PRIDA DIAZ;VICENTE;http://alojawebapps.us.es/centrosdptos/pdi/pdi.php?pdi=14711
12370;GONZALEZ-REGALADO MONTERO;EDUARDO;http://alojawebapps.us.es/centrosdptos/pdi/pdi.php?pdi=12370
16601;GONZALEZ-SERNA MARTIN;MANUEL ALEJANDRO;http://alojawebapps.us.es/centrosdptos/pdi/pdi.php?pdi=16601
3494;GORDILLO ALVAREZ;FRANCISCO;http://alojawebapps.us.es/centrosdptos/pdi/pdi.php?pdi=3494
6081;GORDILLO ALVAREZ;INMACULADA;http://alojawebapps.us.es/centrosdptos/pdi/pdi.php?pdi=6081
6828;GORDILLO ARIAS DE SAAVEDRA;JOSE MANUEL;http://alojawebapps.us.es/centrosdptos/pdi/pdi.php?pdi=6828
9469;GORDILLO ARROBAS;BELEN;http://alojawebapps.us.es/centrosdptos/pdi/pdi.php?pdi=9469
4884;GORDILLO FERNANDEZ;LUIS MARIA;http://alojawebapps.us.es/centrosdptos/pdi/pdi.php?pdi=4884
12003;GORDILLO RODRIGUEZ;MARIA TERESA;http://alojawebapps.us.es/centrosdptos/pdi/pdi.php?pdi=12003
4194;GORDON PERAL;MARIA DOLORES;http://alojawebapps.us.es/centrosdptos/pdi/pdi.php?pdi=4194
3177;GORGOLAS MARTIN;PEDRO GONZALO;http://alojawebapps.us.es/centrosdptos/pdi/pdi.php?pdi=3177
10972;GOTOR SANCHEZ-LUENGO;FRANCISCO;http://alojawebapps.us.es/centrosdptos/pdi/pdi.php?pdi=10972
5012;GOYTIA GOYENECHEA;MARIA DOLORES;http://alojawebapps.us.es/centrosdptos/pdi/pdi.php?pdi=5012
10176;GRACIANI ALONSO;JESUS;http://alojawebapps.us.es/centrosdptos/pdi/pdi.php?pdi=10176
2775;GRACIANI DIAZ;ENRIQUE;http://alojawebapps.us.es/centrosdptos/pdi/pdi.php?pdi=2775
5472;GRACIANI DIAZ;MARIA CARMEN;http://alojawebapps.us.es/centrosdptos/pdi/pdi.php?pdi=5472
5478;GRACIANI GARCIA;AMPARO;http://alojawebapps.us.es/centrosdptos/pdi/pdi.php?pdi=5478
5455;GRANADO ALONSO;CRISTINA;http://alojawebapps.us.es/centrosdptos/pdi/pdi.php?pdi=5455
4371;GRANADO CASTRO;GABRIEL;http://alojawebapps.us.es/centrosdptos/pdi/pdi.php?pdi=4371
4502;GRANADO LORENCIO;CARLOS ANTONIO;http://alojawebapps.us.es/centrosdptos/pdi/pdi.php?pdi=4502
3806;GRANADO ROMERO;JOAQUIN;http://alojawebapps.us.es/centrosdptos/pdi/pdi.php?pdi=3806
11791;GRANADOS CABRERA;MONICA;http://alojawebapps.us.es/centrosdptos/pdi/pdi.php?pdi=11791
18511;GRANADOS CARRERA;CARMEN MARIA;http://alojawebapps.us.es/centrosdptos/pdi/pdi.php?pdi=18511
15068;GRANADOS MATUTE;ANA EVA;http://alojawebapps.us.es/centrosdptos/pdi/pdi.php?pdi=15068
17704;GRANADOS PEREA;CONCEPCION;http://alojawebapps.us.es/centrosdptos/pdi/pdi.php?pdi=17704
13181;GRANDE GUTIERREZ;JUAN CARLOS;http://alojawebapps.us.es/centrosdptos/pdi/pdi.php?pdi=13181
4501;GRANERO MARTIN;FRANCISCO;http://alojawebapps.us.es/centrosdptos/pdi/pdi.php?pdi=4501
17727;GRILO BENSUSAN;ISRAEL;http://alojawebapps.us.es/centrosdptos/pdi/pdi.php?pdi=17727
3682;GRIMA RUIZ;CLARA ISABEL;http://alojawebapps.us.es/centrosdptos/pdi/pdi.php?pdi=3682
10711;GRIMALDI PUYANA;MOISES;http://alojawebapps.us.es/centrosdptos/pdi/pdi.php?pdi=10711
11259;GRIMALDI PUYANA;VICTOR MANUEL;http://alojawebapps.us.es/centrosdptos/pdi/pdi.php?pdi=11259
18401;GRUESO DIAZ;CRISTINA;http://alojawebapps.us.es/centrosdptos/pdi/pdi.php?pdi=18401
8554;GRUESO MOLINA;ELIA MARIA;http://alojawebapps.us.es/centrosdptos/pdi/pdi.php?pdi=8554
2756;GUADIX MARTIN;JOSE;http://alojawebapps.us.es/centrosdptos/pdi/pdi.php?pdi=2756
10596;GUADIX MARTIN;MARIA DEL PILAR;http://alojawebapps.us.es/centrosdptos/pdi/pdi.php?pdi=10596
6077;GUARINOS GALAN;VIRGINIA;http://alojawebapps.us.es/centrosdptos/pdi/pdi.php?pdi=6077
5736;GUDIEL RODRIGUEZ;FELIX;http://alojawebapps.us.es/centrosdptos/pdi/pdi.php?pdi=5736
2304;GÜEMES ALZAGA;MARIA BELEN;http://alojawebapps.us.es/centrosdptos/pdi/pdi.php?pdi=2304
2787;GUERRA DE HOYOS;CARMEN;http://alojawebapps.us.es/centrosdptos/pdi/pdi.php?pdi=2787
7897;GUERRA DE LOS SANTOS;JOSE MANUEL;http://alojawebapps.us.es/centrosdptos/pdi/pdi.php?pdi=7897
4769;GUERRA GARCIA;JOSE MANUEL;http://alojawebapps.us.es/centrosdptos/pdi/pdi.php?pdi=4769
3976;GUERRA MACHO;JOSE JULIO;http://alojawebapps.us.es/centrosdptos/pdi/pdi.php?pdi=3976
4881;GUERRA MARTIN;MARIA DOLORES;http://alojawebapps.us.es/centrosdptos/pdi/pdi.php?pdi=4881
6075;GUERRA REGUERA;MANUEL;http://alojawebapps.us.es/centrosdptos/pdi/pdi.php?pdi=6075
6076;GUERRA SARABIA;INMACULADA;http://alojawebapps.us.es/centrosdptos/pdi/pdi.php?pdi=6076
3287;GUERRA VINUESA;OSCAR;http://alojawebapps.us.es/centrosdptos/pdi/pdi.php?pdi=3287
8204;GUERRERO ALMEIDA;LAURA MARÍA;http://alojawebapps.us.es/centrosdptos/pdi/pdi.php?pdi=8204
8467;GUERRERO ALONSO;JUAN IGNACIO;http://alojawebapps.us.es/centrosdptos/pdi/pdi.php?pdi=8467
4349;GUERRERO AMADOR;CONCEPCION;http://alojawebapps.us.es/centrosdptos/pdi/pdi.php?pdi=4349
7334;GUERRERO BELIZON;ELENA;http://alojawebapps.us.es/centrosdptos/pdi/pdi.php?pdi=7334
4512;GUERRERO CONEJO;ANTONIO FRANCISCO;http://alojawebapps.us.es/centrosdptos/pdi/pdi.php?pdi=4512
16457;GUERRERO CONGREGADO;CARMEN;http://alojawebapps.us.es/centrosdptos/pdi/pdi.php?pdi=16457
14804;GUERRERO DELGADO;MARIA DEL CARMEN;http://alojawebapps.us.es/centrosdptos/pdi/pdi.php?pdi=14804
16209;GUERRERO LEBRON;MARIA MACARENA;http://alojawebapps.us.es/centrosdptos/pdi/pdi.php?pdi=16209
17889;GUERRERO LEON;MAR;http://alojawebapps.us.es/centrosdptos/pdi/pdi.php?pdi=17889
6079;GUERRERO LOPEZ;FERNANDO;http://alojawebapps.us.es/centrosdptos/pdi/pdi.php?pdi=6079
2714;GUERRERO MARTOS;DAVID;http://alojawebapps.us.es/centrosdptos/pdi/pdi.php?pdi=2714
3466;GUERRERO MONTAVEZ;JUAN MIGUEL;http://alojawebapps.us.es/centrosdptos/pdi/pdi.php?pdi=3466
17568;GUERRERO PUERTA;MIGUEL ANGEL;http://alojawebapps.us.es/centrosdptos/pdi/pdi.php?pdi=17568
6662;GUERRERO RODRIGUEZ;ANTONIO;http://alojawebapps.us.es/centrosdptos/pdi/pdi.php?pdi=6662
12484;GUERRERO SANCHEZ;CARLOS;http://alojawebapps.us.es/centrosdptos/pdi/pdi.php?pdi=12484
11637;GUERRERO VEGA;JOSE MARIA;http://alojawebapps.us.es/centrosdptos/pdi/pdi.php?pdi=11637
2955;GUEVARA GARCIA;FRANCISCO J;http://alojawebapps.us.es/centrosdptos/pdi/pdi.php?pdi=2955
11596;GUICHOT MUÑOZ;ELENA;http://alojawebapps.us.es/centrosdptos/pdi/pdi.php?pdi=11596
3059;GUICHOT REINA;EMILIO;http://alojawebapps.us.es/centrosdptos/pdi/pdi.php?pdi=3059
3072;GUICHOT REINA;VIRGINIA;http://alojawebapps.us.es/centrosdptos/pdi/pdi.php?pdi=3072
2310;GUIJA VILLA;JULIO ANTONIO;http://alojawebapps.us.es/centrosdptos/pdi/pdi.php?pdi=2310
2628;GUIJARRO GONZALEZ;JUAN IGNACIO;http://alojawebapps.us.es/centrosdptos/pdi/pdi.php?pdi=2628
5425;GUILLEN GONZALEZ;FRANCISCO MANUEL;http://alojawebapps.us.es/centrosdptos/pdi/pdi.php?pdi=5425
13373;GUILLEN MANCINA;EMILIO;http://alojawebapps.us.es/centrosdptos/pdi/pdi.php?pdi=13373
17827;GUISADO FALANTE;JOSE MANUEL;http://alojawebapps.us.es/centrosdptos/pdi/pdi.php?pdi=17827
8382;GUISADO LIZAR;JOSE LUIS;http://alojawebapps.us.es/centrosdptos/pdi/pdi.php?pdi=8382
13420;GUISADO PINTADO;EMILIA SOLEDAD;http://alojawebapps.us.es/centrosdptos/pdi/pdi.php?pdi=13420
10373;GUISADO URBANO;ISABEL;http://alojawebapps.us.es/centrosdptos/pdi/pdi.php?pdi=10373
3828;GUMBSCH;THILO;http://alojawebapps.us.es/centrosdptos/pdi/pdi.php?pdi=3828
11779;GUTIERREZ AVILES;DAVID;http://alojawebapps.us.es/centrosdptos/pdi/pdi.php?pdi=11779
9666;GUTIERREZ BELTRAN;EMILIO;http://alojawebapps.us.es/centrosdptos/pdi/pdi.php?pdi=9666
6065;GUTIERREZ BLANCO;JOSE CARLOS;http://alojawebapps.us.es/centrosdptos/pdi/pdi.php?pdi=6065
12476;GUTIERREZ CARMONA;NICOLAS;http://alojawebapps.us.es/centrosdptos/pdi/pdi.php?pdi=12476
13614;GUTIERREZ CARRETERO;ENCARNACION;http://alojawebapps.us.es/centrosdptos/pdi/pdi.php?pdi=13614
9406;GUTIERREZ CASTILLO;JUAN JESUS;http://alojawebapps.us.es/centrosdptos/pdi/pdi.php?pdi=9406
15235;GUTIERREZ CORRALES;AIDA MARIA;http://alojawebapps.us.es/centrosdptos/pdi/pdi.php?pdi=15235
8710;GUTIERREZ DOMINGUEZ;MARIA TERESA;http://alojawebapps.us.es/centrosdptos/pdi/pdi.php?pdi=8710
9010;GUTIERREZ FERNANDEZ;ANTONIO MANUEL;http://alojawebapps.us.es/centrosdptos/pdi/pdi.php?pdi=9010
11675;GUTIERREZ GONZALEZ;PABLO;http://alojawebapps.us.es/centrosdptos/pdi/pdi.php?pdi=11675
15844;GUTIERREZ GUTIERREZ;BELEN;http://alojawebapps.us.es/centrosdptos/pdi/pdi.php?pdi=15844
9564;GUTIERREZ JIMENEZ;MARÍA EUGENIA;http://alojawebapps.us.es/centrosdptos/pdi/pdi.php?pdi=9564
6052;GUTIERREZ MARIN;MARIA SOLEDAD;http://alojawebapps.us.es/centrosdptos/pdi/pdi.php?pdi=6052
6460;GUTIERREZ MORA;FELIPE;http://alojawebapps.us.es/centrosdptos/pdi/pdi.php?pdi=6460
5043;GUTIERREZ MOYA;ESTER;http://alojawebapps.us.es/centrosdptos/pdi/pdi.php?pdi=5043
3678;GUTIERREZ NARANJO;MIGUEL ANGEL;http://alojawebapps.us.es/centrosdptos/pdi/pdi.php?pdi=3678
2274;GUTIERREZ ORTIZ;FRANCISCO JAVIER;http://alojawebapps.us.es/centrosdptos/pdi/pdi.php?pdi=2274
18306;GUTIERREZ PARRAS;GLORIA;http://alojawebapps.us.es/centrosdptos/pdi/pdi.php?pdi=18306
4495;GUTIERREZ PEREZ;JOSE LUIS;http://alojawebapps.us.es/centrosdptos/pdi/pdi.php?pdi=4495
3325;GUTIERREZ POZO;ANTONIO;http://alojawebapps.us.es/centrosdptos/pdi/pdi.php?pdi=3325
2743;GUTIERREZ POZO;GABRIEL;http://alojawebapps.us.es/centrosdptos/pdi/pdi.php?pdi=2743
10044;GUTIERREZ PRAENA;DANIEL;http://alojawebapps.us.es/centrosdptos/pdi/pdi.php?pdi=10044
10043;GUTIERREZ REINA;DANIEL;http://alojawebapps.us.es/centrosdptos/pdi/pdi.php?pdi=10043
6318;GUTIERREZ RODRIGUEZ;JAVIER JESUS;http://alojawebapps.us.es/centrosdptos/pdi/pdi.php?pdi=6318
12456;GUTIERREZ SANCHEZ;ESTANISLAO;http://alojawebapps.us.es/centrosdptos/pdi/pdi.php?pdi=12456
8234;GUTIERREZ SANTACREU;JUAN VICENTE;http://alojawebapps.us.es/centrosdptos/pdi/pdi.php?pdi=8234
2806;GUTIERREZ VEGA;PABLO;http://alojawebapps.us.es/centrosdptos/pdi/pdi.php?pdi=2806
13135;GUZMAN ALFONSO;CARMEN;http://alojawebapps.us.es/centrosdptos/pdi/pdi.php?pdi=13135
18495;GUZMAN BERNAL;ANTONIO;http://alojawebapps.us.es/centrosdptos/pdi/pdi.php?pdi=18495
17076;GUZMAN DEL CASTILLO;ANTONIO HIPOLITO;http://alojawebapps.us.es/centrosdptos/pdi/pdi.php?pdi=17076
10630;GUZMAN GUILLEN;REMEDIOS;http://alojawebapps.us.es/centrosdptos/pdi/pdi.php?pdi=10630
9610;GUZMAN MIRANDA;HIPOLITO;http://alojawebapps.us.es/centrosdptos/pdi/pdi.php?pdi=9610
12133;GUZMAN SIMON;FERNANDO;http://alojawebapps.us.es/centrosdptos/pdi/pdi.php?pdi=12133
18095;HACHERO HERNANDEZ;BRUNO;http://alojawebapps.us.es/centrosdptos/pdi/pdi.php?pdi=18095
10887;HAKKOU BOUDI;KHALID;http://alojawebapps.us.es/centrosdptos/pdi/pdi.php?pdi=10887
14887;HALDON CONTRERAS;PABLO;http://alojawebapps.us.es/centrosdptos/pdi/pdi.php?pdi=14887
11553;HAMED AL-LAL;SORAYA;http://alojawebapps.us.es/centrosdptos/pdi/pdi.php?pdi=11553
18376;HAMER FLORES;ADOLFO;http://alojawebapps.us.es/centrosdptos/pdi/pdi.php?pdi=18376
2254;HARO GREPPI;ANTONIO ANGEL;http://alojawebapps.us.es/centrosdptos/pdi/pdi.php?pdi=2254
8716;HARTILLO HERMOSO;MARIA ISABEL;http://alojawebapps.us.es/centrosdptos/pdi/pdi.php?pdi=8716
12372;HAYA SEGOVIA;VICENTE;http://alojawebapps.us.es/centrosdptos/pdi/pdi.php?pdi=12372
12369;HERAS GARCIA DE VINUESA;ANA DE LAS;http://alojawebapps.us.es/centrosdptos/pdi/pdi.php?pdi=12369
6072;HERCE PAGLIAI;SILVIA;http://alojawebapps.us.es/centrosdptos/pdi/pdi.php?pdi=6072
6067;HEREDIA BENOT;JOSE GUILLERMO;http://alojawebapps.us.es/centrosdptos/pdi/pdi.php?pdi=6067
17228;HEREDIA CARROZA;JESUS;http://alojawebapps.us.es/centrosdptos/pdi/pdi.php?pdi=17228
4312;HEREDIA LUCAS;MARIA DEL ROCIO;http://alojawebapps.us.es/centrosdptos/pdi/pdi.php?pdi=4312
5404;HEREDIA MIRA;FRANCISCO JOSE;http://alojawebapps.us.es/centrosdptos/pdi/pdi.php?pdi=5404
7669;HEREDIA RIZO;ALBERTO MARCOS;http://alojawebapps.us.es/centrosdptos/pdi/pdi.php?pdi=7669
7765;HERMIDA CONGOSTO;ALBERTO;http://alojawebapps.us.es/centrosdptos/pdi/pdi.php?pdi=7765
17803;HERMIDA GOMEZ;BARBARA;http://alojawebapps.us.es/centrosdptos/pdi/pdi.php?pdi=17803
2978;HERMOSA ANDUJAR;ANTONIO;http://alojawebapps.us.es/centrosdptos/pdi/pdi.php?pdi=2978
10570;HERMOSO MELLADO-DAMAS;ADELAIDA;http://alojawebapps.us.es/centrosdptos/pdi/pdi.php?pdi=10570
18319;HERNANDEZ ALBUJAR;YOLANDA;http://alojawebapps.us.es/centrosdptos/pdi/pdi.php?pdi=18319
3680;HERNANDEZ BATUECAS;LUZ MARINA;http://alojawebapps.us.es/centrosdptos/pdi/pdi.php?pdi=3680
6070;HERNANDEZ BEJARANO;ESPERANZA MACARENA;http://alojawebapps.us.es/centrosdptos/pdi/pdi.php?pdi=6070
3271;HERNANDEZ BORREGUERO;JOSE JULIAN;http://alojawebapps.us.es/centrosdptos/pdi/pdi.php?pdi=3271
5735;HERNANDEZ DE LA TORRE;MARIA ELENA;http://alojawebapps.us.es/centrosdptos/pdi/pdi.php?pdi=5735
10979;HERNANDEZ DE SANTAOLALLA AGUILAR;VICTOR;http://alojawebapps.us.es/centrosdptos/pdi/pdi.php?pdi=10979
17689;HERNANDEZ ESCAMPA ABARCA;MARCO ANTONIO;http://alojawebapps.us.es/centrosdptos/pdi/pdi.php?pdi=17689
16517;HERNANDEZ FUENTEMILLA;JOSE CARLOS;http://alojawebapps.us.es/centrosdptos/pdi/pdi.php?pdi=16517
17577;HERNANDEZ GARRIDO;ROCIO;http://alojawebapps.us.es/centrosdptos/pdi/pdi.php?pdi=17577
10083;HERNANDEZ GUISADO;JOSE MARIA;http://alojawebapps.us.es/centrosdptos/pdi/pdi.php?pdi=10083
11832;HERNANDEZ HIERRO;JOSE MIGUEL;http://alojawebapps.us.es/centrosdptos/pdi/pdi.php?pdi=11832
15365;HERNANDEZ JIMENEZ;MARIA LUISA;http://alojawebapps.us.es/centrosdptos/pdi/pdi.php?pdi=15365
18341;HERNANDEZ LEAL;SANTIAGO ALEJANDRO;http://alojawebapps.us.es/centrosdptos/pdi/pdi.php?pdi=18341
17078;HERNANDEZ LOPEZ;OSCAR JUAN;http://alojawebapps.us.es/centrosdptos/pdi/pdi.php?pdi=17078
13236;HERNANDEZ LORENZO;LAURA;http://alojawebapps.us.es/centrosdptos/pdi/pdi.php?pdi=13236
18504;HERNANDEZ LUCENA;JULIA;http://alojawebapps.us.es/centrosdptos/pdi/pdi.php?pdi=18504
2539;HERNANDEZ MACIAS;DANIEL;http://alojawebapps.us.es/centrosdptos/pdi/pdi.php?pdi=2539
4693;HERNANDEZ MANCERA;CARMEN;http://alojawebapps.us.es/centrosdptos/pdi/pdi.php?pdi=4693
2626;HERNANDEZ NUÑEZ;JUAN CARLOS;http://alojawebapps.us.es/centrosdptos/pdi/pdi.php?pdi=2626
14979;HERNANDEZ PORTERO;GUADALUPE;http://alojawebapps.us.es/centrosdptos/pdi/pdi.php?pdi=14979
4974;HERNANDEZ RAMIREZ;JAVIER;http://alojawebapps.us.es/centrosdptos/pdi/pdi.php?pdi=4974
18075;HERNANDEZ RODRIGUEZ;EDUARDO;http://alojawebapps.us.es/centrosdptos/pdi/pdi.php?pdi=18075
7023;HERNANDEZ RONDAN;PATRICIA;http://alojawebapps.us.es/centrosdptos/pdi/pdi.php?pdi=7023
9882;HERNANDEZ SALMERON;INMACULADA CONCEPCION;http://alojawebapps.us.es/centrosdptos/pdi/pdi.php?pdi=9882
14182;HERNANDEZ SAZ;JESUS;http://alojawebapps.us.es/centrosdptos/pdi/pdi.php?pdi=14182
17918;HERNANDEZ TORRES;MARIA ESPERANZA;http://alojawebapps.us.es/centrosdptos/pdi/pdi.php?pdi=17918
4983;HERNANDEZ VALENCIA;MIGUEL;http://alojawebapps.us.es/centrosdptos/pdi/pdi.php?pdi=4983
10202;HERNANDEZ VELAZQUEZ;MARIA DOLORES;http://alojawebapps.us.es/centrosdptos/pdi/pdi.php?pdi=10202
15084;HERNANDEZ-BARAHONA PALMA;JESUS;http://alojawebapps.us.es/centrosdptos/pdi/pdi.php?pdi=15084
10461;HERNANZ VILA;MARIA DOLORES;http://alojawebapps.us.es/centrosdptos/pdi/pdi.php?pdi=10461
4994;HERRADA GUTIERREZ;MIGUEL ANGEL;http://alojawebapps.us.es/centrosdptos/pdi/pdi.php?pdi=4994
16063;HERRERA COLLADO;ESTER;http://alojawebapps.us.es/centrosdptos/pdi/pdi.php?pdi=16063
5754;HERRERA GARCIA;FRANCISCO JAVIER;http://alojawebapps.us.es/centrosdptos/pdi/pdi.php?pdi=5754
5084;HERRERA GARCIA;FRANCISCO MANUEL;http://alojawebapps.us.es/centrosdptos/pdi/pdi.php?pdi=5084
15689;HERRERA GARRIDO;MARIA ANGELES;http://alojawebapps.us.es/centrosdptos/pdi/pdi.php?pdi=15689
14297;HERRERA GONZALEZ;IRENE;http://alojawebapps.us.es/centrosdptos/pdi/pdi.php?pdi=14297
5520;HERRERA GONZALEZ;MARIA DOLORES;http://alojawebapps.us.es/centrosdptos/pdi/pdi.php?pdi=5520
6066;HERRERA LIMONES;RAFAEL;http://alojawebapps.us.es/centrosdptos/pdi/pdi.php?pdi=6066
2624;HERRERA MALDONADO;JOSE MIGUEL;http://alojawebapps.us.es/centrosdptos/pdi/pdi.php?pdi=2624
6064;HERRERA MARTINEZ;MANUELA;http://alojawebapps.us.es/centrosdptos/pdi/pdi.php?pdi=6064
4192;HERRERA MORENO;MYRIAM;http://alojawebapps.us.es/centrosdptos/pdi/pdi.php?pdi=4192
9893;HERRERA MOYANO;EMILIA;http://alojawebapps.us.es/centrosdptos/pdi/pdi.php?pdi=9893
3782;HERRERA SANCHEZ;ISABEL MARIA;http://alojawebapps.us.es/centrosdptos/pdi/pdi.php?pdi=3782
11702;HERRERA USAGRE;MARIA;http://alojawebapps.us.es/centrosdptos/pdi/pdi.php?pdi=11702
4839;HERRERO RAMA;LUIS JACINTO;http://alojawebapps.us.es/centrosdptos/pdi/pdi.php?pdi=4839
3803;HERRERO REMUZGO;SALVADOR;http://alojawebapps.us.es/centrosdptos/pdi/pdi.php?pdi=3803
3077;HERRERO VAZQUEZ;EDUARDO;http://alojawebapps.us.es/centrosdptos/pdi/pdi.php?pdi=3077
6063;HERVAS GOMEZ;CARLOS;http://alojawebapps.us.es/centrosdptos/pdi/pdi.php?pdi=6063
15377;HERVAS SANCHEZ;FERNANDO;http://alojawebapps.us.es/centrosdptos/pdi/pdi.php?pdi=15377
18260;HERZALLAH MOHAMMAD;DOAA;http://alojawebapps.us.es/centrosdptos/pdi/pdi.php?pdi=18260
3986;HIDALGO CIUDAD;JUAN CARLOS;http://alojawebapps.us.es/centrosdptos/pdi/pdi.php?pdi=3986
16711;HIDALGO DE MORA;JAVIER;http://alojawebapps.us.es/centrosdptos/pdi/pdi.php?pdi=16711
11802;HIDALGO FORT;EDUARDO;http://alojawebapps.us.es/centrosdptos/pdi/pdi.php?pdi=11802
2434;HIDALGO GARCIA;MARIA VICTORIA;http://alojawebapps.us.es/centrosdptos/pdi/pdi.php?pdi=2434
15841;HIDALGO URBANO;RAFAEL;http://alojawebapps.us.es/centrosdptos/pdi/pdi.php?pdi=15841
8872;HIERRO RECIO;LUIS ANGEL;http://alojawebapps.us.es/centrosdptos/pdi/pdi.php?pdi=8872
16459;HIGES LOPEZ;JOSE MANUEL;http://alojawebapps.us.es/centrosdptos/pdi/pdi.php?pdi=16459
16695;HIGUERA REINA;JEISSON ALEXANDER;http://alojawebapps.us.es/centrosdptos/pdi/pdi.php?pdi=16695
3795;HILDENBRAND SCHEID;ANDREAS;http://alojawebapps.us.es/centrosdptos/pdi/pdi.php?pdi=3795
9110;HINOJO MONTERO;JOSE MARIA;http://alojawebapps.us.es/centrosdptos/pdi/pdi.php?pdi=9110
2623;HINOJOSA BERGILLOS;YOLANDA;http://alojawebapps.us.es/centrosdptos/pdi/pdi.php?pdi=2623
9728;HINOJOSA PICON;OLGA;http://alojawebapps.us.es/centrosdptos/pdi/pdi.php?pdi=9728
12797;HINOJOSA ROMERO;FRANCISCO;http://alojawebapps.us.es/centrosdptos/pdi/pdi.php?pdi=12797
3288;HINOJOSA SANCHEZ-BARBUDO;IGNACIO;http://alojawebapps.us.es/centrosdptos/pdi/pdi.php?pdi=3288
13162;HITA CANTALEJO;MARIA CONCEPCION DE;http://alojawebapps.us.es/centrosdptos/pdi/pdi.php?pdi=13162
12144;HOLGADO RAMOS;DANIEL;http://alojawebapps.us.es/centrosdptos/pdi/pdi.php?pdi=12144
2620;HOLGADO VILLAFUERTE;MARIA DE LOS ANGELES;http://alojawebapps.us.es/centrosdptos/pdi/pdi.php?pdi=2620
2694;HORCADA IBAÑEZ;ALBERTO LUIS;http://alojawebapps.us.es/centrosdptos/pdi/pdi.php?pdi=2694
2982;HORGUE BAENA;CONCEPCION;http://alojawebapps.us.es/centrosdptos/pdi/pdi.php?pdi=2982
11999;HORNEDO ORTEGA;RUTH;http://alojawebapps.us.es/centrosdptos/pdi/pdi.php?pdi=11999
14726;HORNILLOS GOMEZ-RECUERO;VALENTIN;http://alojawebapps.us.es/centrosdptos/pdi/pdi.php?pdi=14726
9184;HORTIGON FUENTES;BEATRIZ;http://alojawebapps.us.es/centrosdptos/pdi/pdi.php?pdi=9184
3679;HOYOS JIMENEZ;DOLORES MARTA;http://alojawebapps.us.es/centrosdptos/pdi/pdi.php?pdi=3679
17831;HRISTOVA  STOILOVA;RALITSA;http://alojawebapps.us.es/centrosdptos/pdi/pdi.php?pdi=17831
9126;HUERTAS ROMERA;MARIA JOSE;http://alojawebapps.us.es/centrosdptos/pdi/pdi.php?pdi=9126
2258;HUERTAS SANCHEZ;GLORIA;http://alojawebapps.us.es/centrosdptos/pdi/pdi.php?pdi=2258
10804;HUERTAS SANCHEZ;PABLO;http://alojawebapps.us.es/centrosdptos/pdi/pdi.php?pdi=10804
12972;HUNT GOMEZ;CORAL IVY;http://alojawebapps.us.es/centrosdptos/pdi/pdi.php?pdi=12972
13262;HUNT ORTIZ;MARCOS ANDRES;http://alojawebapps.us.es/centrosdptos/pdi/pdi.php?pdi=13262
6955;HURTADO BERMUDEZ;SANTIAGO JOSE;http://alojawebapps.us.es/centrosdptos/pdi/pdi.php?pdi=6955
5060;IGARTUA MIRO;MARIA TERESA;http://alojawebapps.us.es/centrosdptos/pdi/pdi.php?pdi=5060
7102;IGLESIA PRADOS;EDUARDO DE LA;http://alojawebapps.us.es/centrosdptos/pdi/pdi.php?pdi=7102
6059;IGLESIA SALGADO;FELIX DE LA;http://alojawebapps.us.es/centrosdptos/pdi/pdi.php?pdi=6059
15052;IGLESIAS BLANCO;MARIA DE LAS NIEVES;http://alojawebapps.us.es/centrosdptos/pdi/pdi.php?pdi=15052
15088;IGLESIAS BRAVO;EVA MARIA;http://alojawebapps.us.es/centrosdptos/pdi/pdi.php?pdi=15088
16862;IGLESIAS CUMPLIDO;ALICIA;http://alojawebapps.us.es/centrosdptos/pdi/pdi.php?pdi=16862
4692;IGLESIAS GONZALEZ;MARIA NIEVES;http://alojawebapps.us.es/centrosdptos/pdi/pdi.php?pdi=4692
4496;IGLESIAS GUERRA;FERNANDO;http://alojawebapps.us.es/centrosdptos/pdi/pdi.php?pdi=4496
5415;IGLESIAS RODRIGUEZ;JUAN JOSE;http://alojawebapps.us.es/centrosdptos/pdi/pdi.php?pdi=5415
8415;IGLESIAS SIGUENZA;FRANCISCO JAVIER;http://alojawebapps.us.es/centrosdptos/pdi/pdi.php?pdi=8415
3343;IGNACIO CARMONA;MARIA JOSE;http://alojawebapps.us.es/centrosdptos/pdi/pdi.php?pdi=3343
2699;ILLAN MARTIN;MAGDALENA;http://alojawebapps.us.es/centrosdptos/pdi/pdi.php?pdi=2699
4191;ILLANES MORENO;MATILDE;http://alojawebapps.us.es/centrosdptos/pdi/pdi.php?pdi=4191
4691;ILLANES ORTEGA;MARIA INMACULADA;http://alojawebapps.us.es/centrosdptos/pdi/pdi.php?pdi=4691
11681;ILLESCAS NAVARRO;MIREIA;http://alojawebapps.us.es/centrosdptos/pdi/pdi.php?pdi=11681
4270;INFANTE COSSIO;MONICA;http://alojawebapps.us.es/centrosdptos/pdi/pdi.php?pdi=4270
6058;INFANTE COSSIO;PEDRO ANTONIO;http://alojawebapps.us.es/centrosdptos/pdi/pdi.php?pdi=6058
6634;INFANTE DEL ROSAL;FERNANDO;http://alojawebapps.us.es/centrosdptos/pdi/pdi.php?pdi=6634
15414;INFANTE LIMON;ENRIQUE;http://alojawebapps.us.es/centrosdptos/pdi/pdi.php?pdi=15414
8173;INFANTE PEREA;MARGARITA MARIA;http://alojawebapps.us.es/centrosdptos/pdi/pdi.php?pdi=8173
2292;INFANTE REJANO;EDUARDO;http://alojawebapps.us.es/centrosdptos/pdi/pdi.php?pdi=2292
3171;IÑIGO MORA;ISABEL MARIA;http://alojawebapps.us.es/centrosdptos/pdi/pdi.php?pdi=3171
15062;IPUS BADOS;JHON JAIRO;http://alojawebapps.us.es/centrosdptos/pdi/pdi.php?pdi=15062
10047;IRANZO PARICIO;JOSE ALFREDO;http://alojawebapps.us.es/centrosdptos/pdi/pdi.php?pdi=10047
2619;IRIMIA DIEGUEZ;ANA ISABEL;http://alojawebapps.us.es/centrosdptos/pdi/pdi.php?pdi=2619
3060;ISASI FERNANDEZ DE BOBADILLA;MIGUEL;http://alojawebapps.us.es/centrosdptos/pdi/pdi.php?pdi=3060
14877;ISORNA RETAMINO;INMACULADA;http://alojawebapps.us.es/centrosdptos/pdi/pdi.php?pdi=14877
10613;IVANOVA;SVETLANA;http://alojawebapps.us.es/centrosdptos/pdi/pdi.php?pdi=10613
15913;JACOME MAURA;FRANCISCO JOSE;http://alojawebapps.us.es/centrosdptos/pdi/pdi.php?pdi=15913
6303;JAEN FIGUEROA;MARIA INMACULADA;http://alojawebapps.us.es/centrosdptos/pdi/pdi.php?pdi=6303
17915;JALON NEIRA;ROCIO MARINA;http://alojawebapps.us.es/centrosdptos/pdi/pdi.php?pdi=17915
2952;JANER JIMENEZ;CARLOS;http://alojawebapps.us.es/centrosdptos/pdi/pdi.php?pdi=2952
6054;JAPON PINEDA;MARIA DE LOS ANGELES;http://alojawebapps.us.es/centrosdptos/pdi/pdi.php?pdi=6054
11031;JARA PALACIOS;MARIA JOSE;http://alojawebapps.us.es/centrosdptos/pdi/pdi.php?pdi=11031
3985;JARAMILLO MORILLA;ANTONIO;http://alojawebapps.us.es/centrosdptos/pdi/pdi.php?pdi=3985
8392;JARAMILLO SANTOS;MARIA REYES;http://alojawebapps.us.es/centrosdptos/pdi/pdi.php?pdi=8392
11255;JAUREGUI ARANA;JUAN;http://alojawebapps.us.es/centrosdptos/pdi/pdi.php?pdi=11255
12355;JIMENEZ AGUIRRE;PATRICIA;http://alojawebapps.us.es/centrosdptos/pdi/pdi.php?pdi=12355
8878;JIMENEZ ALONSO;JAVIER FERNANDO;http://alojawebapps.us.es/centrosdptos/pdi/pdi.php?pdi=8878
4301;JIMENEZ BLANCO;JOSE LUIS;http://alojawebapps.us.es/centrosdptos/pdi/pdi.php?pdi=4301
6051;JIMENEZ CABALLERO;JOSE LUIS;http://alojawebapps.us.es/centrosdptos/pdi/pdi.php?pdi=6051
6050;JIMENEZ CALZADO;MARIA DEL CARMEN;http://alojawebapps.us.es/centrosdptos/pdi/pdi.php?pdi=6050
7678;JIMENEZ CARABALLO;ANTONIO;http://alojawebapps.us.es/centrosdptos/pdi/pdi.php?pdi=7678
5467;JIMENEZ CARDOSO;SERGIO MANUEL;http://alojawebapps.us.es/centrosdptos/pdi/pdi.php?pdi=5467
2617;JIMENEZ CARRASCO;JUAN;http://alojawebapps.us.es/centrosdptos/pdi/pdi.php?pdi=2617
17964;JIMENEZ COBANO;JOSE MANUEL;http://alojawebapps.us.es/centrosdptos/pdi/pdi.php?pdi=17964
7075;JIMENEZ CORTES;ROCIO;http://alojawebapps.us.es/centrosdptos/pdi/pdi.php?pdi=7075
14681;JIMENEZ CRISTINO;MARIA DOLORES;http://alojawebapps.us.es/centrosdptos/pdi/pdi.php?pdi=14681
15419;JIMENEZ DE REYNA;JUAN;http://alojawebapps.us.es/centrosdptos/pdi/pdi.php?pdi=15419
7087;JIMENEZ DELGADO;JOSE MIGUEL;http://alojawebapps.us.es/centrosdptos/pdi/pdi.php?pdi=7087
16487;JIMENEZ FERNANDEZ PALACIOS;BELEN;http://alojawebapps.us.es/centrosdptos/pdi/pdi.php?pdi=16487
8984;JIMENEZ FERNANDEZ;ANGEL FRANCISCO;http://alojawebapps.us.es/centrosdptos/pdi/pdi.php?pdi=8984
4189;JIMENEZ FERNANDEZ;ANGEL LUIS;http://alojawebapps.us.es/centrosdptos/pdi/pdi.php?pdi=4189
4848;JIMENEZ FERNANDEZ;CARLOS JESUS;http://alojawebapps.us.es/centrosdptos/pdi/pdi.php?pdi=4848
2953;JIMENEZ GAMERO;MARIA DOLORES;http://alojawebapps.us.es/centrosdptos/pdi/pdi.php?pdi=2953
8561;JIMENEZ GARCIA;LUCIA;http://alojawebapps.us.es/centrosdptos/pdi/pdi.php?pdi=8561
17909;JIMENEZ GARCIA;VICTOR MANUEL;http://alojawebapps.us.es/centrosdptos/pdi/pdi.php?pdi=17909
16422;JIMENEZ GOMEZ;CARLOS HUGO;http://alojawebapps.us.es/centrosdptos/pdi/pdi.php?pdi=16422
4911;JIMENEZ GONZALEZ;MARIA ROCIO;http://alojawebapps.us.es/centrosdptos/pdi/pdi.php?pdi=4911
12188;JIMENEZ GUERRA;ALVARO;http://alojawebapps.us.es/centrosdptos/pdi/pdi.php?pdi=12188
10679;JIMENEZ GUERRERO;IRENE;http://alojawebapps.us.es/centrosdptos/pdi/pdi.php?pdi=10679
9148;JIMENEZ HERAS;MARIA ISABEL;http://alojawebapps.us.es/centrosdptos/pdi/pdi.php?pdi=9148
9070;JIMENEZ IGLESIAS;ANTONIA MARIA;http://alojawebapps.us.es/centrosdptos/pdi/pdi.php?pdi=9070
16531;JIMENEZ JIMENEZ;ANA MARIA;http://alojawebapps.us.es/centrosdptos/pdi/pdi.php?pdi=16531
18154;JIMENEZ JIMENEZ;CARLOS;http://alojawebapps.us.es/centrosdptos/pdi/pdi.php?pdi=18154
11817;JIMENEZ JIMENEZ;ISMAEL;http://alojawebapps.us.es/centrosdptos/pdi/pdi.php?pdi=11817
4600;JIMENEZ JIMENEZ;MARIA NIEVES;http://alojawebapps.us.es/centrosdptos/pdi/pdi.php?pdi=4600
4375;JIMENEZ LAGARES;IRENE;http://alojawebapps.us.es/centrosdptos/pdi/pdi.php?pdi=4375
15076;JIMENEZ LOPEZ;IGNACIO;http://alojawebapps.us.es/centrosdptos/pdi/pdi.php?pdi=15076
10505;JIMENEZ LOPEZ;ISABEL MARIA;http://alojawebapps.us.es/centrosdptos/pdi/pdi.php?pdi=10505
9742;JIMENEZ LOPEZ;JUAN JOSE;http://alojawebapps.us.es/centrosdptos/pdi/pdi.php?pdi=9742
3574;JIMENEZ LOSADA;ANDRES;http://alojawebapps.us.es/centrosdptos/pdi/pdi.php?pdi=3574
9855;JIMENEZ MARIN;GLORIA;http://alojawebapps.us.es/centrosdptos/pdi/pdi.php?pdi=9855
6049;JIMENEZ MATEOS;MIGUEL ANGEL;http://alojawebapps.us.es/centrosdptos/pdi/pdi.php?pdi=6049
2968;JIMENEZ MELENDO;MANUEL;http://alojawebapps.us.es/centrosdptos/pdi/pdi.php?pdi=2968
17244;JIMENEZ MONTES;GERMAN;http://alojawebapps.us.es/centrosdptos/pdi/pdi.php?pdi=17244
11476;JIMENEZ MORALES;FRANCISCO DE PAULA;http://alojawebapps.us.es/centrosdptos/pdi/pdi.php?pdi=11476
8854;JIMENEZ MORALES;JUAN MIGUEL;http://alojawebapps.us.es/centrosdptos/pdi/pdi.php?pdi=8854
5488;JIMENEZ MORENO;GABRIEL;http://alojawebapps.us.es/centrosdptos/pdi/pdi.php?pdi=5488
6047;JIMENEZ NAHARRO;FELIX;http://alojawebapps.us.es/centrosdptos/pdi/pdi.php?pdi=6047
16529;JIMENEZ NAVARRO;MANUEL JESUS;http://alojawebapps.us.es/centrosdptos/pdi/pdi.php?pdi=16529
7107;JIMENEZ NAVAS;MARIA DEL MAR;http://alojawebapps.us.es/centrosdptos/pdi/pdi.php?pdi=7107
878;JIMENEZ PALACIOS;FRANCISCO JOAQUIN;http://alojawebapps.us.es/centrosdptos/pdi/pdi.php?pdi=878
15604;JIMENEZ PARRILLA;PEDRO JUAN;http://alojawebapps.us.es/centrosdptos/pdi/pdi.php?pdi=15604
12957;JIMENEZ PICON;NEREA;http://alojawebapps.us.es/centrosdptos/pdi/pdi.php?pdi=12957
10702;JIMENEZ RAMIREZ;ANDRES;http://alojawebapps.us.es/centrosdptos/pdi/pdi.php?pdi=10702
9352;JIMENEZ RAMOS;MARIA DEL CARMEN;http://alojawebapps.us.es/centrosdptos/pdi/pdi.php?pdi=9352
8476;JIMENEZ REJANO;JOSE JESUS;http://alojawebapps.us.es/centrosdptos/pdi/pdi.php?pdi=8476
17776;JIMENEZ REVUELTA;JOSE CARLOS;http://alojawebapps.us.es/centrosdptos/pdi/pdi.php?pdi=17776
14902;JIMENEZ RIERA;AGUEDA GRANADA;http://alojawebapps.us.es/centrosdptos/pdi/pdi.php?pdi=14902
5067;JIMENEZ RODRIGUEZ;MARIA JOSE;http://alojawebapps.us.es/centrosdptos/pdi/pdi.php?pdi=5067
14334;JIMENEZ RODRIGUEZ;ROSA;http://alojawebapps.us.es/centrosdptos/pdi/pdi.php?pdi=14334
14715;JIMENEZ SANCHEZ;JORGE;http://alojawebapps.us.es/centrosdptos/pdi/pdi.php?pdi=14715
13374;JIMENEZ SANCHEZ;MARIA DEL CARMEN;http://alojawebapps.us.es/centrosdptos/pdi/pdi.php?pdi=13374
2738;JIMENEZ VAREA;JESUS;http://alojawebapps.us.es/centrosdptos/pdi/pdi.php?pdi=2738
6827;JIMENEZ VILCHES;PEDRO LUIS;http://alojawebapps.us.es/centrosdptos/pdi/pdi.php?pdi=6827
5466;JIMENEZ-CASTELLANOS BALLESTEROS;EMILIO;http://alojawebapps.us.es/centrosdptos/pdi/pdi.php?pdi=5466
7881;JIMENEZ-CASTELLANOS BALLESTEROS;MARÍA INMACULADA;http://alojawebapps.us.es/centrosdptos/pdi/pdi.php?pdi=7881
15639;JIMENEZ-DONAIRE MARTINEZ;SALVADOR;http://alojawebapps.us.es/centrosdptos/pdi/pdi.php?pdi=15639
2975;JIMENEZ-ESPADAFOR AGUILAR;FRANCISCO J;http://alojawebapps.us.es/centrosdptos/pdi/pdi.php?pdi=2975
13093;JIMENO GONZALEZ;SILVIA;http://alojawebapps.us.es/centrosdptos/pdi/pdi.php?pdi=13093
8736;JIMENO GONZALEZ;SONIA;http://alojawebapps.us.es/centrosdptos/pdi/pdi.php?pdi=8736
4919;JORDAN LOPEZ;ANTONIO;http://alojawebapps.us.es/centrosdptos/pdi/pdi.php?pdi=4919
15575;JORDANO BARBUDO;PEDRO DIEGO;http://alojawebapps.us.es/centrosdptos/pdi/pdi.php?pdi=15575
3498;JORDANO FRAGA;JESUS;http://alojawebapps.us.es/centrosdptos/pdi/pdi.php?pdi=3498
5045;JORGE CRESPO;ZACARIAS DE;http://alojawebapps.us.es/centrosdptos/pdi/pdi.php?pdi=5045
18317;JORRAT;DIEGO ANDRES;http://alojawebapps.us.es/centrosdptos/pdi/pdi.php?pdi=18317
4792;JOS GALLEGO;ANGELES MENCIA;http://alojawebapps.us.es/centrosdptos/pdi/pdi.php?pdi=4792
5496;JUAN CHICO;JORGE;http://alojawebapps.us.es/centrosdptos/pdi/pdi.php?pdi=5496
3168;JUAN RODRIGUEZ;ROCIO;http://alojawebapps.us.es/centrosdptos/pdi/pdi.php?pdi=3168
8335;JUAN Y SEVA SAN MARTIN;ALBERTO;http://alojawebapps.us.es/centrosdptos/pdi/pdi.php?pdi=8335
6035;JUAREZ JIMENEZ;JOSE MARIA;http://alojawebapps.us.es/centrosdptos/pdi/pdi.php?pdi=6035
17008;JULIA ACOSTA;JUSTO PASTOR;http://alojawebapps.us.es/centrosdptos/pdi/pdi.php?pdi=17008
4187;JULIOS CAMPUZANO;ALFONSO DE;http://alojawebapps.us.es/centrosdptos/pdi/pdi.php?pdi=4187
8496;JUSTO ESTEBARANZ;ANGEL;http://alojawebapps.us.es/centrosdptos/pdi/pdi.php?pdi=8496
9530;JUSTO ESTEBARANZ;JESUS;http://alojawebapps.us.es/centrosdptos/pdi/pdi.php?pdi=9530
2728;JUSTO MOSCARDO;ENRIQUE DE;http://alojawebapps.us.es/centrosdptos/pdi/pdi.php?pdi=2728
17507;KAMINSKI;BETTINA ANETT;http://alojawebapps.us.es/centrosdptos/pdi/pdi.php?pdi=17507
8153;KRIZNAR;ANABELLE;http://alojawebapps.us.es/centrosdptos/pdi/pdi.php?pdi=8153
4942;LABIO BERNAL;AURORA MARIA;http://alojawebapps.us.es/centrosdptos/pdi/pdi.php?pdi=4942
3972;LACALLE REMIGIO;JUAN RAMON;http://alojawebapps.us.es/centrosdptos/pdi/pdi.php?pdi=3972
2417;LACRUZ MARTIN;MIGUEL BENITO;http://alojawebapps.us.es/centrosdptos/pdi/pdi.php?pdi=2417
18255;LAGE ESTRUGO;LORENZO;http://alojawebapps.us.es/centrosdptos/pdi/pdi.php?pdi=18255
13728;LAGIER REINA;MARIA DOLORES;http://alojawebapps.us.es/centrosdptos/pdi/pdi.php?pdi=13728
8677;LAGO HIDALGO;MIGUEL ANGEL;http://alojawebapps.us.es/centrosdptos/pdi/pdi.php?pdi=8677
6349;LAGUNA GARCIA;MARTA;http://alojawebapps.us.es/centrosdptos/pdi/pdi.php?pdi=6349
11207;LAGUNAS ARIAS;DAVID;http://alojawebapps.us.es/centrosdptos/pdi/pdi.php?pdi=11207
2903;LAINSA DE TOMAS;EVA MARIA;http://alojawebapps.us.es/centrosdptos/pdi/pdi.php?pdi=2903
4679;LAMA RUIZ;JUAN RAMON;http://alojawebapps.us.es/centrosdptos/pdi/pdi.php?pdi=4679
15355;LAMATA MANUEL;LUCAS;http://alojawebapps.us.es/centrosdptos/pdi/pdi.php?pdi=15355
9918;LAMUEDRA GRAVAN;MARIA;http://alojawebapps.us.es/centrosdptos/pdi/pdi.php?pdi=9918
18435;LANCHARRO TAVERO;INMACULADA;http://alojawebapps.us.es/centrosdptos/pdi/pdi.php?pdi=18435
6322;LANGA NUÑO;CONCEPCION;http://alojawebapps.us.es/centrosdptos/pdi/pdi.php?pdi=6322
6006;LANGA ROSADO;JOSE ANTONIO;http://alojawebapps.us.es/centrosdptos/pdi/pdi.php?pdi=6006
3818;LANZAROTE FERNANDEZ;MARIA DOLORES;http://alojawebapps.us.es/centrosdptos/pdi/pdi.php?pdi=3818
6011;LARA BARRANCO;FRANCISCO JOSE;http://alojawebapps.us.es/centrosdptos/pdi/pdi.php?pdi=6011
15579;LARA BOCANEGRA;ALEJANDRO;http://alojawebapps.us.es/centrosdptos/pdi/pdi.php?pdi=15579
12340;LARA GARCIA;ANGELA;http://alojawebapps.us.es/centrosdptos/pdi/pdi.php?pdi=12340
4180;LARA MARTIN;FRANCISCO FELIX;http://alojawebapps.us.es/centrosdptos/pdi/pdi.php?pdi=4180
8341;LARA MUÑOZ;PATRICIA;http://alojawebapps.us.es/centrosdptos/pdi/pdi.php?pdi=8341
15855;LARA ROMERO;AGUSTÍN WALABONSO;http://alojawebapps.us.es/centrosdptos/pdi/pdi.php?pdi=15855
8405;LARA VAZQUEZ;LAURA;http://alojawebapps.us.es/centrosdptos/pdi/pdi.php?pdi=8405
8096;LARDONE;PATRICIA JUDITH;http://alojawebapps.us.es/centrosdptos/pdi/pdi.php?pdi=8096
11068;LARIOS MARIN;DIEGO FRANCISCO;http://alojawebapps.us.es/centrosdptos/pdi/pdi.php?pdi=11068
8993;LARIVE LOPEZ;ENRIQUE;http://alojawebapps.us.es/centrosdptos/pdi/pdi.php?pdi=8993
3840;LASAGA RODRIGUEZ;MARIA JOSE;http://alojawebapps.us.es/centrosdptos/pdi/pdi.php?pdi=3840
6017;LASARTE LOPEZ;ROCIO;http://alojawebapps.us.es/centrosdptos/pdi/pdi.php?pdi=6017
15865;LASTRES LOPEZ;CRISTINA;http://alojawebapps.us.es/centrosdptos/pdi/pdi.php?pdi=15865
2611;LATORRE ROMERO;AGUEDA;http://alojawebapps.us.es/centrosdptos/pdi/pdi.php?pdi=2611
6579;LAVIE MARTINEZ;JOSE MANUEL;http://alojawebapps.us.es/centrosdptos/pdi/pdi.php?pdi=6579
9922;LAY VALERA;JOSE ANTONIO;http://alojawebapps.us.es/centrosdptos/pdi/pdi.php?pdi=9922
13228;LAZARO SANCHEZ;JOSE LUIS;http://alojawebapps.us.es/centrosdptos/pdi/pdi.php?pdi=13228
17686;LE CLECH;NESTOR ADRIAN;http://alojawebapps.us.es/centrosdptos/pdi/pdi.php?pdi=17686
7246;LEAL ABAD;ELENA;http://alojawebapps.us.es/centrosdptos/pdi/pdi.php?pdi=7246
6015;LEAL ADORNA;MARIA DEL MAR;http://alojawebapps.us.es/centrosdptos/pdi/pdi.php?pdi=6015
14277;LEAL BONMATI;MARIA ROSARIO;http://alojawebapps.us.es/centrosdptos/pdi/pdi.php?pdi=14277
3289;LEAL DIAZ;MIGUEL ANGEL;http://alojawebapps.us.es/centrosdptos/pdi/pdi.php?pdi=3289
5420;LEAL MILLAN;ANTONIO GENARO;http://alojawebapps.us.es/centrosdptos/pdi/pdi.php?pdi=5420
3241;LEAL PLAZA;ANTONIO;http://alojawebapps.us.es/centrosdptos/pdi/pdi.php?pdi=3241
11959;LEAL RODRIGUEZ;ANTONIO LUIS;http://alojawebapps.us.es/centrosdptos/pdi/pdi.php?pdi=11959
15626;LEBON SANCHEZ;CAMILO;http://alojawebapps.us.es/centrosdptos/pdi/pdi.php?pdi=15626
5421;LEBRATO MARTINEZ;JULIAN;http://alojawebapps.us.es/centrosdptos/pdi/pdi.php?pdi=5421
14051;LEBRATO VAZQUEZ;CLARA;http://alojawebapps.us.es/centrosdptos/pdi/pdi.php?pdi=14051
13350;LEBRON ROMERO;JOSE ANTONIO;http://alojawebapps.us.es/centrosdptos/pdi/pdi.php?pdi=13350
14856;LEDESMA CHAVES;PABLO;http://alojawebapps.us.es/centrosdptos/pdi/pdi.php?pdi=14856
4309;LEIVA FERNANDEZ;CARLOS;http://alojawebapps.us.es/centrosdptos/pdi/pdi.php?pdi=4309
3164;LEIVA MORALES;MARIA JOSE;http://alojawebapps.us.es/centrosdptos/pdi/pdi.php?pdi=3164
4525;LEMOS FERNANDEZ;MARIA DEL CARMEN;http://alojawebapps.us.es/centrosdptos/pdi/pdi.php?pdi=4525
15692;LEÑADOR GONZALEZ-PAEZ;JAVIER;http://alojawebapps.us.es/centrosdptos/pdi/pdi.php?pdi=15692
12276;LEÑERO BARDALLO;JUAN ANTONIO;http://alojawebapps.us.es/centrosdptos/pdi/pdi.php?pdi=12276
3301;LEON BLANCO;JOSE MIGUEL;http://alojawebapps.us.es/centrosdptos/pdi/pdi.php?pdi=3301
2227;LEON BONILLO;MANUEL JOSE;http://alojawebapps.us.es/centrosdptos/pdi/pdi.php?pdi=2227
3323;LEON DE MORA;CARLOS;http://alojawebapps.us.es/centrosdptos/pdi/pdi.php?pdi=3323
2289;LEON DEL RIO;MARIA BELEN;http://alojawebapps.us.es/centrosdptos/pdi/pdi.php?pdi=2289
7153;LEON GALVAN;JOSE IGNACIO;http://alojawebapps.us.es/centrosdptos/pdi/pdi.php?pdi=7153
12992;LEON GARCIA;FELIX;http://alojawebapps.us.es/centrosdptos/pdi/pdi.php?pdi=12992
18468;LEON GARRIDO;ANTONIO;http://alojawebapps.us.es/centrosdptos/pdi/pdi.php?pdi=18468
9072;LEON GONZALEZ;ANTONIO JOSE;http://alojawebapps.us.es/centrosdptos/pdi/pdi.php?pdi=9072
3670;LEON GONZALEZ;MANUEL;http://alojawebapps.us.es/centrosdptos/pdi/pdi.php?pdi=3670
18471;LEON JIMENEZ;EVA MARIA;http://alojawebapps.us.es/centrosdptos/pdi/pdi.php?pdi=18471
17677;LEON JUSTEL;ANTONIO;http://alojawebapps.us.es/centrosdptos/pdi/pdi.php?pdi=17677
9775;LEON LARIOS;FATIMA;http://alojawebapps.us.es/centrosdptos/pdi/pdi.php?pdi=9775
11905;LEON LEON;MARIA JOSE;http://alojawebapps.us.es/centrosdptos/pdi/pdi.php?pdi=11905
17984;LEON LOPEZ;MARIA;http://alojawebapps.us.es/centrosdptos/pdi/pdi.php?pdi=17984
2263;LEON MANSO;ESPERANZA;http://alojawebapps.us.es/centrosdptos/pdi/pdi.php?pdi=2263
9628;LEON MUÑOZ;MIGUEL ANGEL;http://alojawebapps.us.es/centrosdptos/pdi/pdi.php?pdi=9628
8393;LEON PEREZ;JOSE MARIA;http://alojawebapps.us.es/centrosdptos/pdi/pdi.php?pdi=8393
16686;LEON PROL;MARTA;http://alojawebapps.us.es/centrosdptos/pdi/pdi.php?pdi=16686
6013;LEON RODRIGUEZ;ANGEL LUIS;http://alojawebapps.us.es/centrosdptos/pdi/pdi.php?pdi=6013
2269;LEON RODRIGUEZ;JESUS;http://alojawebapps.us.es/centrosdptos/pdi/pdi.php?pdi=2269
2826;LEON RUBIO;JOSE MARIA;http://alojawebapps.us.es/centrosdptos/pdi/pdi.php?pdi=2826
14991;LEON SANCHEZ;MARIO;http://alojawebapps.us.es/centrosdptos/pdi/pdi.php?pdi=14991
14854;LEON-CASTRO GOMEZ;MARTA;http://alojawebapps.us.es/centrosdptos/pdi/pdi.php?pdi=14854
16094;LEPE JIMENEZ;JOSE ANTONIO;http://alojawebapps.us.es/centrosdptos/pdi/pdi.php?pdi=16094
4373;LERA RODRIGUEZ;MARIA JOSE;http://alojawebapps.us.es/centrosdptos/pdi/pdi.php?pdi=4373
17853;LEVATINO;ANTONINA;http://alojawebapps.us.es/centrosdptos/pdi/pdi.php?pdi=17853
9266;LEYVA ORTEGA;FERNANDO;http://alojawebapps.us.es/centrosdptos/pdi/pdi.php?pdi=9266
12168;LIBERIA VAYA;IRENE HIGINIA;http://alojawebapps.us.es/centrosdptos/pdi/pdi.php?pdi=12168
8453;LIEBANA MURILLO;JOSE MANUEL;http://alojawebapps.us.es/centrosdptos/pdi/pdi.php?pdi=8453
6028;LILLO BRAVO;ISIDORO;http://alojawebapps.us.es/centrosdptos/pdi/pdi.php?pdi=6028
9866;LIMA SERRANO;MARTA;http://alojawebapps.us.es/centrosdptos/pdi/pdi.php?pdi=9866
9643;LIMON BELEN;MARIA;http://alojawebapps.us.es/centrosdptos/pdi/pdi.php?pdi=9643
2284;LIMON MARRUEDO;DANIEL;http://alojawebapps.us.es/centrosdptos/pdi/pdi.php?pdi=2284
6464;LIMON MIRON;MARIA CARMEN;http://alojawebapps.us.es/centrosdptos/pdi/pdi.php?pdi=6464
10885;LIMON MORTES;MARIA CRISTINA;http://alojawebapps.us.es/centrosdptos/pdi/pdi.php?pdi=10885
8406;LIMONES RODRIGUEZ;NATALIA;http://alojawebapps.us.es/centrosdptos/pdi/pdi.php?pdi=8406
6032;LIÑAN ALCALDE;FRANCISCO;http://alojawebapps.us.es/centrosdptos/pdi/pdi.php?pdi=6032
11580;LIÑAN GARCIA;MARIA DEL MAR;http://alojawebapps.us.es/centrosdptos/pdi/pdi.php?pdi=11580
4874;LINARES BARRANCO;ALEJANDRO;http://alojawebapps.us.es/centrosdptos/pdi/pdi.php?pdi=4874
16717;LINARES BARRONES;ALVARO;http://alojawebapps.us.es/centrosdptos/pdi/pdi.php?pdi=16717
18478;LINARES CATELA;JOSE ANTONIO;http://alojawebapps.us.es/centrosdptos/pdi/pdi.php?pdi=18478
2744;LINARES DIAZ;JOSE FRANCISCO;http://alojawebapps.us.es/centrosdptos/pdi/pdi.php?pdi=2744
4185;LINARES GOMEZ DEL PULGAR;MERCEDES;http://alojawebapps.us.es/centrosdptos/pdi/pdi.php?pdi=4185
16533;LISBONA MUÑOZ;MARIA ANGELA;http://alojawebapps.us.es/centrosdptos/pdi/pdi.php?pdi=16533
11150;LLAMES LAVANDERA;ROSA ANA;http://alojawebapps.us.es/centrosdptos/pdi/pdi.php?pdi=11150
18093;LLANES DUEÑAS;LEIDY PAOLA;http://alojawebapps.us.es/centrosdptos/pdi/pdi.php?pdi=18093
6008;LLANO ALONSO;FERNANDO HIGINIO;http://alojawebapps.us.es/centrosdptos/pdi/pdi.php?pdi=6008
6014;LLATAS OLIVER;MARIA CARMEN;http://alojawebapps.us.es/centrosdptos/pdi/pdi.php?pdi=6014
16197;LLEDO BENITO;IGNACIO;http://alojawebapps.us.es/centrosdptos/pdi/pdi.php?pdi=16197
5408;LLERA FERNANDEZ;JOSE MANUEL;http://alojawebapps.us.es/centrosdptos/pdi/pdi.php?pdi=5408
4281;LLERA LLORENTE;MARIA DEL MAR;http://alojawebapps.us.es/centrosdptos/pdi/pdi.php?pdi=4281
18189;LLINARES BURGUET;PEPA;http://alojawebapps.us.es/centrosdptos/pdi/pdi.php?pdi=18189
18359;LLOPIS ORREGO;MARIA DEL MAR;http://alojawebapps.us.es/centrosdptos/pdi/pdi.php?pdi=18359
14662;LLOREDA JURADO;PEDRO JAVIER;http://alojawebapps.us.es/centrosdptos/pdi/pdi.php?pdi=14662
3993;LLORENS CORRALIZA;SANTIAGO;http://alojawebapps.us.es/centrosdptos/pdi/pdi.php?pdi=3993
2824;LLORENT BEDMAR;VICENTE;http://alojawebapps.us.es/centrosdptos/pdi/pdi.php?pdi=2824
8459;LLORENTE CEJUDO;MARIA CARMEN;http://alojawebapps.us.es/centrosdptos/pdi/pdi.php?pdi=8459
4987;LLORENTE GENIZ;JULIAN;http://alojawebapps.us.es/centrosdptos/pdi/pdi.php?pdi=4987
6022;LLORENTE SANCHEZ-ARJONA;MERCEDES;http://alojawebapps.us.es/centrosdptos/pdi/pdi.php?pdi=6022
2454;LOBATO FRANCO;MARIA ISABEL;http://alojawebapps.us.es/centrosdptos/pdi/pdi.php?pdi=2454
16726;LOBO ACOSTA;MARIA DE LOS ANGELES;http://alojawebapps.us.es/centrosdptos/pdi/pdi.php?pdi=16726
6023;LOBO GALLARDO;ANTONIO;http://alojawebapps.us.es/centrosdptos/pdi/pdi.php?pdi=6023
17999;LOBO PRIETO;ANA;http://alojawebapps.us.es/centrosdptos/pdi/pdi.php?pdi=17999
14398;LOJO BALLESTA;MARIA;http://alojawebapps.us.es/centrosdptos/pdi/pdi.php?pdi=14398
3980;LOMAS CAMPOS;MARIA DE LAS MERCEDES;http://alojawebapps.us.es/centrosdptos/pdi/pdi.php?pdi=3980
2788;LOMBARDO ORTEGA;MANUEL JORGE;http://alojawebapps.us.es/centrosdptos/pdi/pdi.php?pdi=2788
3465;LOPEZ ACEDO;GENARO;http://alojawebapps.us.es/centrosdptos/pdi/pdi.php?pdi=3465
11053;LOPEZ ALONSO;SILVIA;http://alojawebapps.us.es/centrosdptos/pdi/pdi.php?pdi=11053
17065;LOPEZ ALVAREZ;JOSE ANTONIO;http://alojawebapps.us.es/centrosdptos/pdi/pdi.php?pdi=17065
8723;LOPEZ ANGUITA;MARIA GRACIA;http://alojawebapps.us.es/centrosdptos/pdi/pdi.php?pdi=8723
17782;LOPEZ ARENAL;JESUS;http://alojawebapps.us.es/centrosdptos/pdi/pdi.php?pdi=17782
8034;LOPEZ BAENA;FRANCISCO JAVIER;http://alojawebapps.us.es/centrosdptos/pdi/pdi.php?pdi=8034
12729;LOPEZ BARBAZAN;ELISA MARIA;http://alojawebapps.us.es/centrosdptos/pdi/pdi.php?pdi=12729
15155;LOPEZ BERNAL;FRANCISCO DE ASIS;http://alojawebapps.us.es/centrosdptos/pdi/pdi.php?pdi=15155
14645;LOPEZ BERROCAL;FRANCISCO BORJA;http://alojawebapps.us.es/centrosdptos/pdi/pdi.php?pdi=14645
2998;LOPEZ BLAZQUEZ;JOSE FERNANDO;http://alojawebapps.us.es/centrosdptos/pdi/pdi.php?pdi=2998
5755;LOPEZ BONILLA;JESUS MANUEL;http://alojawebapps.us.es/centrosdptos/pdi/pdi.php?pdi=5755
5526;LOPEZ BONILLA;LUIS MIGUEL;http://alojawebapps.us.es/centrosdptos/pdi/pdi.php?pdi=5526
6036;LOPEZ BRAVO;CARLOS;http://alojawebapps.us.es/centrosdptos/pdi/pdi.php?pdi=6036
14701;LOPEZ BRAVO;CELIA;http://alojawebapps.us.es/centrosdptos/pdi/pdi.php?pdi=14701
8217;LOPEZ CABACO;ROBERTO;http://alojawebapps.us.es/centrosdptos/pdi/pdi.php?pdi=8217
14556;LOPEZ CABEZA;VICTORIA PATRICIA;http://alojawebapps.us.es/centrosdptos/pdi/pdi.php?pdi=14556
11686;LOPEZ CARBALLO;DESEADA;http://alojawebapps.us.es/centrosdptos/pdi/pdi.php?pdi=11686
8444;LOPEZ CARTES;CARLOS;http://alojawebapps.us.es/centrosdptos/pdi/pdi.php?pdi=8444
13112;LOPEZ CASADO;DAVID;http://alojawebapps.us.es/centrosdptos/pdi/pdi.php?pdi=13112
6835;LOPEZ CASTEJON;MARIA LUISA;http://alojawebapps.us.es/centrosdptos/pdi/pdi.php?pdi=6835
7963;LOPEZ CERERO;LORENA;http://alojawebapps.us.es/centrosdptos/pdi/pdi.php?pdi=7963
16380;LOPEZ COBO;ISABEL;http://alojawebapps.us.es/centrosdptos/pdi/pdi.php?pdi=16380
6039;LOPEZ CORNEJO;MARIA PILAR;http://alojawebapps.us.es/centrosdptos/pdi/pdi.php?pdi=6039
17656;LOPEZ CORTES;LUIS EDUARDO;http://alojawebapps.us.es/centrosdptos/pdi/pdi.php?pdi=17656
6040;LOPEZ CORTES;LUIS FERNANDO;http://alojawebapps.us.es/centrosdptos/pdi/pdi.php?pdi=6040
8981;LOPEZ DE ASIAIN ALBERICH;MARÍA;http://alojawebapps.us.es/centrosdptos/pdi/pdi.php?pdi=8981
7754;LOPEZ DE LA CRUZ;JUAN JOSE;http://alojawebapps.us.es/centrosdptos/pdi/pdi.php?pdi=7754
3824;LOPEZ DE LA TORRE;MARIA INMACULADA;http://alojawebapps.us.es/centrosdptos/pdi/pdi.php?pdi=3824
2455;LOPEZ DE LOS MOZOS MARTIN;MARIA CRUZ;http://alojawebapps.us.es/centrosdptos/pdi/pdi.php?pdi=2455
17784;LOPEZ DELGADO;ENRIQUE;http://alojawebapps.us.es/centrosdptos/pdi/pdi.php?pdi=17784
16452;LOPEZ DIAZ;ALVARO;http://alojawebapps.us.es/centrosdptos/pdi/pdi.php?pdi=16452
3165;LOPEZ ENAMORADO;MARIA DOLORES;http://alojawebapps.us.es/centrosdptos/pdi/pdi.php?pdi=3165
11206;LOPEZ ENRIQUEZ;SOLEDAD;http://alojawebapps.us.es/centrosdptos/pdi/pdi.php?pdi=11206
17717;LOPEZ ESCAMILLA;ALVARO;http://alojawebapps.us.es/centrosdptos/pdi/pdi.php?pdi=17717
3672;LOPEZ FERNANDEZ;ANDRES;http://alojawebapps.us.es/centrosdptos/pdi/pdi.php?pdi=3672
18437;LOPEZ FERNANDEZ;MARIA DEL MAR;http://alojawebapps.us.es/centrosdptos/pdi/pdi.php?pdi=18437
4183;LOPEZ FUENTES;RAMON;http://alojawebapps.us.es/centrosdptos/pdi/pdi.php?pdi=4183
9652;LOPEZ GANDARA;YIYI;http://alojawebapps.us.es/centrosdptos/pdi/pdi.php?pdi=9652
6024;LOPEZ GARCIA;JUAN CARLOS;http://alojawebapps.us.es/centrosdptos/pdi/pdi.php?pdi=6024
2685;LOPEZ GARCIA;MARINA;http://alojawebapps.us.es/centrosdptos/pdi/pdi.php?pdi=2685
8213;LOPEZ GONZALEZ;FRANCISCO MANUEL;http://alojawebapps.us.es/centrosdptos/pdi/pdi.php?pdi=8213
13158;LOPEZ GONZALEZ;MARIA ELENA;http://alojawebapps.us.es/centrosdptos/pdi/pdi.php?pdi=13158
3673;LOPEZ GONZALEZ;PABLO JOSE;http://alojawebapps.us.es/centrosdptos/pdi/pdi.php?pdi=3673
6027;LOPEZ GORDILLO;MIGUEL CALIXTO;http://alojawebapps.us.es/centrosdptos/pdi/pdi.php?pdi=6027
4319;LOPEZ GUTIERREZ;JOSE MARIA;http://alojawebapps.us.es/centrosdptos/pdi/pdi.php?pdi=4319
16478;LOPEZ HALDON;MARTA;http://alojawebapps.us.es/centrosdptos/pdi/pdi.php?pdi=16478
12702;LOPEZ HERNANDEZ;IGNACIO JOSE;http://alojawebapps.us.es/centrosdptos/pdi/pdi.php?pdi=12702
4184;LOPEZ HERNANDEZ;MARIA ANGELES;http://alojawebapps.us.es/centrosdptos/pdi/pdi.php?pdi=4184
5536;LOPEZ HERRERA;DIEGO;http://alojawebapps.us.es/centrosdptos/pdi/pdi.php?pdi=5536
12146;LOPEZ HERVAS;ANTONIA;http://alojawebapps.us.es/centrosdptos/pdi/pdi.php?pdi=12146
12719;LOPEZ IZQUIERDO;INMACULADA;http://alojawebapps.us.es/centrosdptos/pdi/pdi.php?pdi=12719
4686;LOPEZ JIMENEZ;ANA MARIA;http://alojawebapps.us.es/centrosdptos/pdi/pdi.php?pdi=4686
8507;LOPEZ JIMENEZ;DAVID;http://alojawebapps.us.es/centrosdptos/pdi/pdi.php?pdi=8507
10023;LOPEZ LARA;ALFREDO GERMAN;http://alojawebapps.us.es/centrosdptos/pdi/pdi.php?pdi=10023
3507;LOPEZ LARA;ENRIQUE JAVIER;http://alojawebapps.us.es/centrosdptos/pdi/pdi.php?pdi=3507
5013;LOPEZ LAZARO;MIGUEL;http://alojawebapps.us.es/centrosdptos/pdi/pdi.php?pdi=5013
3335;LOPEZ LLORET;JORGE;http://alojawebapps.us.es/centrosdptos/pdi/pdi.php?pdi=3335
12460;LOPEZ LOPEZ;MIGUEL ANGEL;http://alojawebapps.us.es/centrosdptos/pdi/pdi.php?pdi=12460
6687;LOPEZ LOPEZ;OSCAR;http://alojawebapps.us.es/centrosdptos/pdi/pdi.php?pdi=6687
12660;LOPEZ LORA;MERCEDES;http://alojawebapps.us.es/centrosdptos/pdi/pdi.php?pdi=12660
15477;LOPEZ LOVILLO;REMEDIOS MARIA;http://alojawebapps.us.es/centrosdptos/pdi/pdi.php?pdi=15477
16436;LOPEZ LOZANO;ANA MARIA;http://alojawebapps.us.es/centrosdptos/pdi/pdi.php?pdi=16436
16191;LOPEZ LOZANO;LIDIA;http://alojawebapps.us.es/centrosdptos/pdi/pdi.php?pdi=16191
16296;LOPEZ MALDONADO;DIANA;http://alojawebapps.us.es/centrosdptos/pdi/pdi.php?pdi=16296
17054;LOPEZ MARCO;MARIA JOSE;http://alojawebapps.us.es/centrosdptos/pdi/pdi.php?pdi=17054
16527;LOPEZ MARQUEZ;MARIA REYES;http://alojawebapps.us.es/centrosdptos/pdi/pdi.php?pdi=16527
14258;LOPEZ MARTIN;SERGIO;http://alojawebapps.us.es/centrosdptos/pdi/pdi.php?pdi=14258
6021;LOPEZ MARTINEZ;ANTONIA;http://alojawebapps.us.es/centrosdptos/pdi/pdi.php?pdi=6021
2612;LOPEZ MARTINEZ;JOSE ANTONIO;http://alojawebapps.us.es/centrosdptos/pdi/pdi.php?pdi=2612
3838;LOPEZ MARTINEZ;MARIA ANGELES;http://alojawebapps.us.es/centrosdptos/pdi/pdi.php?pdi=3838
2264;LOPEZ MARTINEZ;NURIA;http://alojawebapps.us.es/centrosdptos/pdi/pdi.php?pdi=2264
7033;LOPEZ MAURY;LUIS;http://alojawebapps.us.es/centrosdptos/pdi/pdi.php?pdi=7033
6667;LOPEZ MENA;GERMAN;http://alojawebapps.us.es/centrosdptos/pdi/pdi.php?pdi=6667
5024;LOPEZ MIGUEL;MARIA JOSE;http://alojawebapps.us.es/centrosdptos/pdi/pdi.php?pdi=5024
10491;LOPEZ MILLAN;JOSE MANUEL;http://alojawebapps.us.es/centrosdptos/pdi/pdi.php?pdi=10491
16716;LOPEZ MORAL;ALVARO;http://alojawebapps.us.es/centrosdptos/pdi/pdi.php?pdi=16716
12494;LOPEZ MORENO;JORGE;http://alojawebapps.us.es/centrosdptos/pdi/pdi.php?pdi=12494
8134;LOPEZ MORILLO;ENRIQUE;http://alojawebapps.us.es/centrosdptos/pdi/pdi.php?pdi=8134
14229;LOPEZ MUÑOZ;ALFREDO;http://alojawebapps.us.es/centrosdptos/pdi/pdi.php?pdi=14229
16200;LOPEZ NUÑEZ;CARLA;http://alojawebapps.us.es/centrosdptos/pdi/pdi.php?pdi=16200
2440;LOPEZ OJEDA;ANTONIO;http://alojawebapps.us.es/centrosdptos/pdi/pdi.php?pdi=2440
12809;LOPEZ ORTEGA;GONZALO;http://alojawebapps.us.es/centrosdptos/pdi/pdi.php?pdi=12809
6030;LOPEZ ORTEGA;RAQUEL;http://alojawebapps.us.es/centrosdptos/pdi/pdi.php?pdi=6030
4842;LOPEZ PEREZ;GERMAN;http://alojawebapps.us.es/centrosdptos/pdi/pdi.php?pdi=4842
18293;LOPEZ PEREZ;MARIA EUGENIA;http://alojawebapps.us.es/centrosdptos/pdi/pdi.php?pdi=18293
16543;LOPEZ PORRAS;MARTA MARIA;http://alojawebapps.us.es/centrosdptos/pdi/pdi.php?pdi=16543
12046;LOPEZ REDONDO;ISAAC GABRIEL;http://alojawebapps.us.es/centrosdptos/pdi/pdi.php?pdi=12046
6989;LOPEZ RIVERA;FRANCISCO JAVIER;http://alojawebapps.us.es/centrosdptos/pdi/pdi.php?pdi=6989
12025;LOPEZ RODRIGUEZ;LUIS;http://alojawebapps.us.es/centrosdptos/pdi/pdi.php?pdi=12025
17967;LOPEZ ROMAN;ANTON;http://alojawebapps.us.es/centrosdptos/pdi/pdi.php?pdi=17967
11704;LOPEZ ROSA;SHEILA;http://alojawebapps.us.es/centrosdptos/pdi/pdi.php?pdi=11704
13140;LOPEZ RUIZ;ALEJANDRO;http://alojawebapps.us.es/centrosdptos/pdi/pdi.php?pdi=13140
18458;LOPEZ RUIZ;ELENA;http://alojawebapps.us.es/centrosdptos/pdi/pdi.php?pdi=18458
6031;LOPEZ RUIZ;JUAN IGNACIO;http://alojawebapps.us.es/centrosdptos/pdi/pdi.php?pdi=6031
18438;LOPEZ SALAMANCA;BELEN;http://alojawebapps.us.es/centrosdptos/pdi/pdi.php?pdi=18438
15845;LOPEZ SANCHEZ;LORENZO;http://alojawebapps.us.es/centrosdptos/pdi/pdi.php?pdi=15845
14315;LOPEZ SANCHEZ;MARINA;http://alojawebapps.us.es/centrosdptos/pdi/pdi.php?pdi=14315
2256;LOPEZ SANTANA;MARIA DE LAS NIEVES;http://alojawebapps.us.es/centrosdptos/pdi/pdi.php?pdi=2256
9748;LOPEZ SANTOS;LAURA;http://alojawebapps.us.es/centrosdptos/pdi/pdi.php?pdi=9748
8344;LOPEZ SANTOS;MARIA CARMEN;http://alojawebapps.us.es/centrosdptos/pdi/pdi.php?pdi=8344
6682;LOPEZ SERENA;ARACELI;http://alojawebapps.us.es/centrosdptos/pdi/pdi.php?pdi=6682
9768;LOPEZ SERRANO;JOAQUIN ANDRES;http://alojawebapps.us.es/centrosdptos/pdi/pdi.php?pdi=9768
6033;LOPEZ SOTO;TERESA;http://alojawebapps.us.es/centrosdptos/pdi/pdi.php?pdi=6033
3990;LOPEZ TARRIDA;ANTONIO JOSE;http://alojawebapps.us.es/centrosdptos/pdi/pdi.php?pdi=3990
3676;LOPEZ VALPUESTA;FRANCISCO JOSE;http://alojawebapps.us.es/centrosdptos/pdi/pdi.php?pdi=3676
3326;LOPEZ VALPUESTA;LOURDES SOLEDAD;http://alojawebapps.us.es/centrosdptos/pdi/pdi.php?pdi=3326
15439;LOPEZ VELASCO;ROSARIO;http://alojawebapps.us.es/centrosdptos/pdi/pdi.php?pdi=15439
14335;LOPEZ VILLALOBOS;JOSE LUIS;http://alojawebapps.us.es/centrosdptos/pdi/pdi.php?pdi=14335
4516;LOPEZ YAÑEZ;JULIAN;http://alojawebapps.us.es/centrosdptos/pdi/pdi.php?pdi=4516
9569;LOPEZ-CAMPOS BODINEAU;JOSE LUIS;http://alojawebapps.us.es/centrosdptos/pdi/pdi.php?pdi=9569
2614;LOPEZ-CAMPOS BODINEAU;RAFAEL DE LA CRUZ;http://alojawebapps.us.es/centrosdptos/pdi/pdi.php?pdi=2614
2439;LOPEZ-CAÑETE QUILES;DANIEL;http://alojawebapps.us.es/centrosdptos/pdi/pdi.php?pdi=2439
3671;LOPEZ-CANTI MORALES;JOSE ENRIQUE;http://alojawebapps.us.es/centrosdptos/pdi/pdi.php?pdi=3671
8448;LOPEZ-CEPERO BORREGO;JAVIER;http://alojawebapps.us.es/centrosdptos/pdi/pdi.php?pdi=8448
4182;LOPEZ-FE DE LA CUADRA;CARLOS MARIA;http://alojawebapps.us.es/centrosdptos/pdi/pdi.php?pdi=4182
4998;LOPEZ-HERRERA SANCHEZ;JOSE MARIA;http://alojawebapps.us.es/centrosdptos/pdi/pdi.php?pdi=4998
12738;LOPEZ-HUERTA DIAZ-TRECHUELO;REYES;http://alojawebapps.us.es/centrosdptos/pdi/pdi.php?pdi=12738
3167;LOPEZ-MELENDO LANNES;JAIME AURELIO;http://alojawebapps.us.es/centrosdptos/pdi/pdi.php?pdi=3167
14943;LOPEZ-PUERTA GONZALEZ;JOSE MARIA;http://alojawebapps.us.es/centrosdptos/pdi/pdi.php?pdi=14943
2957;LORA SERRANO;GLORIA;http://alojawebapps.us.es/centrosdptos/pdi/pdi.php?pdi=2957
3843;LOREN MENDEZ;MARIA DEL MAR;http://alojawebapps.us.es/centrosdptos/pdi/pdi.php?pdi=3843
8831;LORENCE LARA;BARBARA;http://alojawebapps.us.es/centrosdptos/pdi/pdi.php?pdi=8831
10683;LORENZO CAMACHO;MARIA SALOME;http://alojawebapps.us.es/centrosdptos/pdi/pdi.php?pdi=10683
14819;LORENZO ESPEJO;ANTONIO;http://alojawebapps.us.es/centrosdptos/pdi/pdi.php?pdi=14819
4687;LORENZO JIMENEZ;JOSE VICENTE;http://alojawebapps.us.es/centrosdptos/pdi/pdi.php?pdi=4687
3572;LORENZO RAMIREZ;JOSEFA;http://alojawebapps.us.es/centrosdptos/pdi/pdi.php?pdi=3572
4688;LOSADA GONZALEZ;JUAN ANTONIO;http://alojawebapps.us.es/centrosdptos/pdi/pdi.php?pdi=4688
6038;LOSADA LOPEZ;MANUEL;http://alojawebapps.us.es/centrosdptos/pdi/pdi.php?pdi=6038
3337;LOSADA TORRES;VICENTE;http://alojawebapps.us.es/centrosdptos/pdi/pdi.php?pdi=3337
18324;LOUCERA MUÑECAS;CARLOS;http://alojawebapps.us.es/centrosdptos/pdi/pdi.php?pdi=18324
13677;LOZANO CABEZA;EVA;http://alojawebapps.us.es/centrosdptos/pdi/pdi.php?pdi=13677
6677;LOZANO GOMEZ;FERNANDO;http://alojawebapps.us.es/centrosdptos/pdi/pdi.php?pdi=6677
6933;LOZANO MARTINEZ;FRANCISCO RAMON;http://alojawebapps.us.es/centrosdptos/pdi/pdi.php?pdi=6933
3634;LOZANO OYOLA;JOSE FRANCISCO;http://alojawebapps.us.es/centrosdptos/pdi/pdi.php?pdi=3634
2963;LOZANO SEGURA;SEBASTIAN;http://alojawebapps.us.es/centrosdptos/pdi/pdi.php?pdi=2963
15140;LOZANO SUAREZ;JUAN GABRIEL;http://alojawebapps.us.es/centrosdptos/pdi/pdi.php?pdi=15140
5033;LOZANO VEGA;MARIA JOSE;http://alojawebapps.us.es/centrosdptos/pdi/pdi.php?pdi=5033
7283;LUCAS GARCIA;FRANCISCO;http://alojawebapps.us.es/centrosdptos/pdi/pdi.php?pdi=7283
14332;LUCAS OLIVA;INES;http://alojawebapps.us.es/centrosdptos/pdi/pdi.php?pdi=14332
11852;LUCAS RODRIGUEZ;RICARDO;http://alojawebapps.us.es/centrosdptos/pdi/pdi.php?pdi=11852
5733;LUCAS RUIZ;VALERIANO;http://alojawebapps.us.es/centrosdptos/pdi/pdi.php?pdi=5733
16108;LUCENA HERNANDEZ;RAFAEL;http://alojawebapps.us.es/centrosdptos/pdi/pdi.php?pdi=16108
6042;LUCENDO MONEDERO;ANGEL LUIS;http://alojawebapps.us.es/centrosdptos/pdi/pdi.php?pdi=6042
6041;LUCERO MUÑOZ;MARIA JESUS;http://alojawebapps.us.es/centrosdptos/pdi/pdi.php?pdi=6041
9658;LUENGO GUTIERREZ;PEDRO MANUEL;http://alojawebapps.us.es/centrosdptos/pdi/pdi.php?pdi=9658
14622;LUJAN GARCIA;DARKYS EDITH;http://alojawebapps.us.es/centrosdptos/pdi/pdi.php?pdi=14622
8767;LUJAN MARTINEZ;CLARA ISABEL;http://alojawebapps.us.es/centrosdptos/pdi/pdi.php?pdi=8767
16483;LUNA DELGADO;DIEGO;http://alojawebapps.us.es/centrosdptos/pdi/pdi.php?pdi=16483
4790;LUNA GALIANO;YOLANDA;http://alojawebapps.us.es/centrosdptos/pdi/pdi.php?pdi=4790
3852;LUNA LAYNEZ;MANUEL;http://alojawebapps.us.es/centrosdptos/pdi/pdi.php?pdi=3852
14393;LUNA PEREJON;FRANCISCO;http://alojawebapps.us.es/centrosdptos/pdi/pdi.php?pdi=14393
13312;LUNA ROMERA;JOSE MARIA;http://alojawebapps.us.es/centrosdptos/pdi/pdi.php?pdi=13312
6450;LUNA VARO;ROSA MARIA;http://alojawebapps.us.es/centrosdptos/pdi/pdi.php?pdi=6450
11668;LUPION MENDOZA;CARMEN;http://alojawebapps.us.es/centrosdptos/pdi/pdi.php?pdi=11668
8445;LUQUE AZCONA;EMILIO JOSE;http://alojawebapps.us.es/centrosdptos/pdi/pdi.php?pdi=8445
18264;LUQUE CABALLERO;GERMAN;http://alojawebapps.us.es/centrosdptos/pdi/pdi.php?pdi=18264
5482;LUQUE CALVO;PEDRO LUIS;http://alojawebapps.us.es/centrosdptos/pdi/pdi.php?pdi=5482
4929;LUQUE CORTELLA;ANA;http://alojawebapps.us.es/centrosdptos/pdi/pdi.php?pdi=4929
2722;LUQUE ESTEPA;ANTONIO;http://alojawebapps.us.es/centrosdptos/pdi/pdi.php?pdi=2722
10087;LUQUE GARCIA;EVA;http://alojawebapps.us.es/centrosdptos/pdi/pdi.php?pdi=10087
16031;LUQUE GIRALDEZ;JOSE RAFAEL;http://alojawebapps.us.es/centrosdptos/pdi/pdi.php?pdi=16031
7115;LUQUE LAO;M ANGELES;http://alojawebapps.us.es/centrosdptos/pdi/pdi.php?pdi=7115
4689;LUQUE LOZANO;ALFONSO;http://alojawebapps.us.es/centrosdptos/pdi/pdi.php?pdi=4689
6831;LUQUE MORENO;CARLOS;http://alojawebapps.us.es/centrosdptos/pdi/pdi.php?pdi=6831
13191;LUQUE OLIVEROS;MANUEL;http://alojawebapps.us.es/centrosdptos/pdi/pdi.php?pdi=13191
5470;LUQUE RODRIGUEZ;JOAQUIN;http://alojawebapps.us.es/centrosdptos/pdi/pdi.php?pdi=5470
9844;LUQUE ROMERO;LUIS GABRIEL;http://alojawebapps.us.es/centrosdptos/pdi/pdi.php?pdi=9844
9501;LUQUE SENDRA;AMALIA;http://alojawebapps.us.es/centrosdptos/pdi/pdi.php?pdi=9501
4338;LUQUE TERUEL;ANDRES;http://alojawebapps.us.es/centrosdptos/pdi/pdi.php?pdi=4338
5144;MACHUCA PORTILLO;GUILLERMO;http://alojawebapps.us.es/centrosdptos/pdi/pdi.php?pdi=5144
5925;MACHUCA PORTILLO;MARIA DEL CARMEN;http://alojawebapps.us.es/centrosdptos/pdi/pdi.php?pdi=5925
18368;MACHUCA RUFINO;GUILLERMO;http://alojawebapps.us.es/centrosdptos/pdi/pdi.php?pdi=18368
3375;MACIAS BERNAL;JUAN MANUEL;http://alojawebapps.us.es/centrosdptos/pdi/pdi.php?pdi=3375
17904;MACIAS CHACON;MARIA DEL MAR;http://alojawebapps.us.es/centrosdptos/pdi/pdi.php?pdi=17904
13205;MACIAS GARCIA;LAURA;http://alojawebapps.us.es/centrosdptos/pdi/pdi.php?pdi=13205
10452;MACIAS GUTIERREZ;DAVID;http://alojawebapps.us.es/centrosdptos/pdi/pdi.php?pdi=10452
15851;MACIAS SANCHEZ;JUAN;http://alojawebapps.us.es/centrosdptos/pdi/pdi.php?pdi=15851
14067;MACIAS TEJADA;SARA;http://alojawebapps.us.es/centrosdptos/pdi/pdi.php?pdi=14067
2218;MADERO AYORA;MARIA JOSE;http://alojawebapps.us.es/centrosdptos/pdi/pdi.php?pdi=2218
5927;MADINABEITIA LUQUE;GERMAN;http://alojawebapps.us.es/centrosdptos/pdi/pdi.php?pdi=5927
9583;MADRIGAL SANCHEZ;CARMEN;http://alojawebapps.us.es/centrosdptos/pdi/pdi.php?pdi=9583
18383;MADROÑAL NAVARRO;RAMON;http://alojawebapps.us.es/centrosdptos/pdi/pdi.php?pdi=18383
5928;MADUEÑO LUNA;ANTONIO;http://alojawebapps.us.es/centrosdptos/pdi/pdi.php?pdi=5928
13230;MADUEÑO LUNA;JOSE MIGUEL;http://alojawebapps.us.es/centrosdptos/pdi/pdi.php?pdi=13230
9633;MAESTRE CABALLERO;FAUSTINO;http://alojawebapps.us.es/centrosdptos/pdi/pdi.php?pdi=9633
8536;MAESTRE TORREBLANCA;JOSE MARIA;http://alojawebapps.us.es/centrosdptos/pdi/pdi.php?pdi=8536
15669;MAGNI;ELEONORA;http://alojawebapps.us.es/centrosdptos/pdi/pdi.php?pdi=15669
95;MAHILLO DURAN;RAMON;http://alojawebapps.us.es/centrosdptos/pdi/pdi.php?pdi=95
11106;MAINAR CAUSAPE;ALFREDO JOSE;http://alojawebapps.us.es/centrosdptos/pdi/pdi.php?pdi=11106
5146;MALDONADO ALEMAN;MANUEL;http://alojawebapps.us.es/centrosdptos/pdi/pdi.php?pdi=5146
16111;MALDONADO LOPEZ;BELEN;http://alojawebapps.us.es/centrosdptos/pdi/pdi.php?pdi=16111
4150;MALDONADO Y AIBAR;MARIA DOLORES;http://alojawebapps.us.es/centrosdptos/pdi/pdi.php?pdi=4150
10681;MALPICA SOTO;MARIA JOSE;http://alojawebapps.us.es/centrosdptos/pdi/pdi.php?pdi=10681
16715;MAÑAS CARDENAS;JOSE ANTONIO;http://alojawebapps.us.es/centrosdptos/pdi/pdi.php?pdi=16715
5916;MANCEBO DAVALOS;JUAN CARLOS;http://alojawebapps.us.es/centrosdptos/pdi/pdi.php?pdi=5916
7066;MANCERA MARTINEZ;MANUEL FERNANDO;http://alojawebapps.us.es/centrosdptos/pdi/pdi.php?pdi=7066
8427;MANCERA RUEDA;ANA;http://alojawebapps.us.es/centrosdptos/pdi/pdi.php?pdi=8427
10837;MANCILLA LEYTON;JUAN MANUEL;http://alojawebapps.us.es/centrosdptos/pdi/pdi.php?pdi=10837
12237;MANCINAS CHAVEZ;ROSALBA GUADALUPE;http://alojawebapps.us.es/centrosdptos/pdi/pdi.php?pdi=12237
15956;MAÑERO CONTRERAS;JULIA;http://alojawebapps.us.es/centrosdptos/pdi/pdi.php?pdi=15956
8662;MANFREDI LOZANO;MARIA;http://alojawebapps.us.es/centrosdptos/pdi/pdi.php?pdi=8662
5152;MANJON COLLADO;GUILLERMO;http://alojawebapps.us.es/centrosdptos/pdi/pdi.php?pdi=5152
14068;MANRIQUE ALCAIDE;RAQUEL;http://alojawebapps.us.es/centrosdptos/pdi/pdi.php?pdi=14068
9466;MANTERO CABRERA;JUAN;http://alojawebapps.us.es/centrosdptos/pdi/pdi.php?pdi=9466
4134;MANTIC LESCISIN;VLADISLAV;http://alojawebapps.us.es/centrosdptos/pdi/pdi.php?pdi=4134
4914;MANZI;ATTILIO;http://alojawebapps.us.es/centrosdptos/pdi/pdi.php?pdi=4914
8270;MARANO MARCOLINI;ALEJANDRO;http://alojawebapps.us.es/centrosdptos/pdi/pdi.php?pdi=8270
14698;MARAÑON ASTOLFI;MARIA DE GRACIA;http://alojawebapps.us.es/centrosdptos/pdi/pdi.php?pdi=14698
3867;MARCELO GARCIA;CARLOS;http://alojawebapps.us.es/centrosdptos/pdi/pdi.php?pdi=3867
15981;MARCELO MARTINEZ;PAULA;http://alojawebapps.us.es/centrosdptos/pdi/pdi.php?pdi=15981
10878;MARCETEAU CABALLERO;ESTEFANIA;http://alojawebapps.us.es/centrosdptos/pdi/pdi.php?pdi=10878
11510;MARCHENA GOMEZ;MANUEL JESUS;http://alojawebapps.us.es/centrosdptos/pdi/pdi.php?pdi=11510
5110;MARCO RAMIREZ;ANA MARIA;http://alojawebapps.us.es/centrosdptos/pdi/pdi.php?pdi=5110
14743;MARIAS MARTINEZ;CLARA;http://alojawebapps.us.es/centrosdptos/pdi/pdi.php?pdi=14743
5917;MARIN ALONSO;MARIA INMACULADA;http://alojawebapps.us.es/centrosdptos/pdi/pdi.php?pdi=5917
12005;MARIN BUZON;MARIA DEL CARMEN;http://alojawebapps.us.es/centrosdptos/pdi/pdi.php?pdi=12005
4395;MARIN CASANOVA;JOSE ANTONIO;http://alojawebapps.us.es/centrosdptos/pdi/pdi.php?pdi=4395
7762;MARIN CASTRO;INES MARIA;http://alojawebapps.us.es/centrosdptos/pdi/pdi.php?pdi=7762
13842;MARIN CONEJO;SERGIO;http://alojawebapps.us.es/centrosdptos/pdi/pdi.php?pdi=13842
2831;MARIN GARCIA;DAVID;http://alojawebapps.us.es/centrosdptos/pdi/pdi.php?pdi=2831
12417;MARIN GOMEZ;LUIS MIGUEL;http://alojawebapps.us.es/centrosdptos/pdi/pdi.php?pdi=12417
6640;MARIN LOPEZ;JUAN JOSE;http://alojawebapps.us.es/centrosdptos/pdi/pdi.php?pdi=6640
2217;MARIN MONTIN;JOAQUIN;http://alojawebapps.us.es/centrosdptos/pdi/pdi.php?pdi=2217
18514;MARIN PINILLA;MARIA DEL ROSARIO;http://alojawebapps.us.es/centrosdptos/pdi/pdi.php?pdi=18514
6675;MARIN RUBIO;PEDRO;http://alojawebapps.us.es/centrosdptos/pdi/pdi.php?pdi=6675
5918;MARIN VALLEJO;JUAN CARLOS;http://alojawebapps.us.es/centrosdptos/pdi/pdi.php?pdi=5918
2333;MARIN VELARDE;ASUNCION;http://alojawebapps.us.es/centrosdptos/pdi/pdi.php?pdi=2333
3347;MARIÑAS LUIS;JOSE CARLOS;http://alojawebapps.us.es/centrosdptos/pdi/pdi.php?pdi=3347
18307;MARIÑO ROMERO;JORGE ALBERTO;http://alojawebapps.us.es/centrosdptos/pdi/pdi.php?pdi=18307
3371;MARMOL CONDE;AMPARO MARIA;http://alojawebapps.us.es/centrosdptos/pdi/pdi.php?pdi=3371
5919;MARMOL PEREZ;MARIA LEOCADIA;http://alojawebapps.us.es/centrosdptos/pdi/pdi.php?pdi=5919
16941;MARQUES FERREIRA;LUIS MIGUEL;http://alojawebapps.us.es/centrosdptos/pdi/pdi.php?pdi=16941
10568;MARQUES PERALES;ILDEFONSO;http://alojawebapps.us.es/centrosdptos/pdi/pdi.php?pdi=10568
18520;MARQUES VALDERRAMA;ABRAHAM;http://alojawebapps.us.es/centrosdptos/pdi/pdi.php?pdi=18520
17746;MARQUES VALDERRAMA;ELIAS;http://alojawebapps.us.es/centrosdptos/pdi/pdi.php?pdi=17746
5129;MARQUEZ CABEZA;ANTONIO JOSE;http://alojawebapps.us.es/centrosdptos/pdi/pdi.php?pdi=5129
17814;MARQUEZ CALZADA;CRISTINA;http://alojawebapps.us.es/centrosdptos/pdi/pdi.php?pdi=17814
5016;MARQUEZ CAMPON;EVA;http://alojawebapps.us.es/centrosdptos/pdi/pdi.php?pdi=5016
10345;MARQUEZ CAMPOS;GUADALUPE;http://alojawebapps.us.es/centrosdptos/pdi/pdi.php?pdi=10345
5128;MARQUEZ CARRASCO;MARIA DEL CARMEN;http://alojawebapps.us.es/centrosdptos/pdi/pdi.php?pdi=5128
13268;MARQUEZ CHAMORRO;ALFONSO EDUARDO;http://alojawebapps.us.es/centrosdptos/pdi/pdi.php?pdi=13268
4639;MARQUEZ CRUZ;ANTONIO MARCIAL;http://alojawebapps.us.es/centrosdptos/pdi/pdi.php?pdi=4639
5102;MARQUEZ DE ARACENA DEL CID;RAFAEL;http://alojawebapps.us.es/centrosdptos/pdi/pdi.php?pdi=5102
10009;MARQUEZ DE LA PLATA CUEVAS;ANA;http://alojawebapps.us.es/centrosdptos/pdi/pdi.php?pdi=10009
4661;MARQUEZ DE LA PLATA CUEVAS;VICENTA M;http://alojawebapps.us.es/centrosdptos/pdi/pdi.php?pdi=4661
13314;MARQUEZ ESCUDERO;INMACULADA;http://alojawebapps.us.es/centrosdptos/pdi/pdi.php?pdi=13314
3641;MARQUEZ GARCIA;CARMEN;http://alojawebapps.us.es/centrosdptos/pdi/pdi.php?pdi=3641
17826;MARQUEZ GARCIA;ROCIO MACARENA;http://alojawebapps.us.es/centrosdptos/pdi/pdi.php?pdi=17826
3131;MARQUEZ GUERRERO;CAROLINA;http://alojawebapps.us.es/centrosdptos/pdi/pdi.php?pdi=3131
5920;MARQUEZ GUERRERO;MARIA SALUD;http://alojawebapps.us.es/centrosdptos/pdi/pdi.php?pdi=5920
9460;MARQUEZ LEPE;ESTHER;http://alojawebapps.us.es/centrosdptos/pdi/pdi.php?pdi=9460
17809;MARQUEZ MALAVER;FRANCISCO JOSE;http://alojawebapps.us.es/centrosdptos/pdi/pdi.php?pdi=17809
12648;MARQUEZ MARQUEZ;MARIA JOSE;http://alojawebapps.us.es/centrosdptos/pdi/pdi.php?pdi=12648
17662;MARQUEZ MARTINEZ;ALFONSO;http://alojawebapps.us.es/centrosdptos/pdi/pdi.php?pdi=17662
5138;MARQUEZ PEREZ;ALBERTO;http://alojawebapps.us.es/centrosdptos/pdi/pdi.php?pdi=5138
3310;MARQUEZ PEREZ;JOAQUIN;http://alojawebapps.us.es/centrosdptos/pdi/pdi.php?pdi=3310
14642;MARQUEZ RIVAS;JAVIER;http://alojawebapps.us.es/centrosdptos/pdi/pdi.php?pdi=14642
9588;MARQUEZ VEGA;CATALINA;http://alojawebapps.us.es/centrosdptos/pdi/pdi.php?pdi=9588
6366;MARRERO MELENDEZ;MADELYN ROSA;http://alojawebapps.us.es/centrosdptos/pdi/pdi.php?pdi=6366
5137;MARTEL VILLAGRAN;JESUS;http://alojawebapps.us.es/centrosdptos/pdi/pdi.php?pdi=5137
11460;MARTELO LANDROGUEZ;SILVIA;http://alojawebapps.us.es/centrosdptos/pdi/pdi.php?pdi=11460
17596;MARTI PRADES;OLGA;http://alojawebapps.us.es/centrosdptos/pdi/pdi.php?pdi=17596
12970;MARTIN AIZPURU;LEYRE;http://alojawebapps.us.es/centrosdptos/pdi/pdi.php?pdi=12970
17555;MARTIN ARAGON;MARIA DEL MAR;http://alojawebapps.us.es/centrosdptos/pdi/pdi.php?pdi=17555
9225;MARTIN BANDERAS;LUCIA;http://alojawebapps.us.es/centrosdptos/pdi/pdi.php?pdi=9225
9028;MARTIN BUENO;JULIA;http://alojawebapps.us.es/centrosdptos/pdi/pdi.php?pdi=9028
13199;MARTIN CASTAÑO;CATALINA;http://alojawebapps.us.es/centrosdptos/pdi/pdi.php?pdi=13199
4106;MARTIN CLEMENTE;RUBEN;http://alojawebapps.us.es/centrosdptos/pdi/pdi.php?pdi=4106
3133;MARTIN CORDERO;CARMEN;http://alojawebapps.us.es/centrosdptos/pdi/pdi.php?pdi=3133
10488;MARTIN DE PABLOS;ANGEL IGNACIO;http://alojawebapps.us.es/centrosdptos/pdi/pdi.php?pdi=10488
15662;MARTIN DEL BARRIO;IRENE;http://alojawebapps.us.es/centrosdptos/pdi/pdi.php?pdi=15662
4764;MARTIN DEL RIO;JUAN JESUS;http://alojawebapps.us.es/centrosdptos/pdi/pdi.php?pdi=4764
5036;MARTIN DIAZ;OCTAVIO;http://alojawebapps.us.es/centrosdptos/pdi/pdi.php?pdi=5036
16181;MARTIN FERNANDEZ;DANIEL;http://alojawebapps.us.es/centrosdptos/pdi/pdi.php?pdi=16181
10201;MARTIN FERNANDEZ;ELISA ISABEL;http://alojawebapps.us.es/centrosdptos/pdi/pdi.php?pdi=10201
17079;MARTIN FERNANDEZ;JESUS;http://alojawebapps.us.es/centrosdptos/pdi/pdi.php?pdi=17079
13510;MARTIN GARCIA;DOMINGO;http://alojawebapps.us.es/centrosdptos/pdi/pdi.php?pdi=13510
3644;MARTIN GARCIA;PILAR;http://alojawebapps.us.es/centrosdptos/pdi/pdi.php?pdi=3644
11257;MARTIN GOMEZ;ALEJANDRO MANUEL;http://alojawebapps.us.es/centrosdptos/pdi/pdi.php?pdi=11257
8223;MARTIN GONZALEZ;FRANCISCO JAVIER;http://alojawebapps.us.es/centrosdptos/pdi/pdi.php?pdi=8223
11514;MARTIN GONZALEZ;JENIFER;http://alojawebapps.us.es/centrosdptos/pdi/pdi.php?pdi=11514
18521;MARTIN GORDON;DAVID;http://alojawebapps.us.es/centrosdptos/pdi/pdi.php?pdi=18521
5718;MARTIN GUILLEN;SERGIO;http://alojawebapps.us.es/centrosdptos/pdi/pdi.php?pdi=5718
10955;MARTIN GUTIERREZ;ANGELA;http://alojawebapps.us.es/centrosdptos/pdi/pdi.php?pdi=10955
11720;MARTIN HERNANDEZ;RAFAEL;http://alojawebapps.us.es/centrosdptos/pdi/pdi.php?pdi=11720
10121;MARTIN HERRERA;VICTORIA ISABEL;http://alojawebapps.us.es/centrosdptos/pdi/pdi.php?pdi=10121
16663;MARTIN JIMENEZ;MARIA MILAGROS;http://alojawebapps.us.es/centrosdptos/pdi/pdi.php?pdi=16663
4158;MARTIN LOPEZ;MARIA DEL MILAGRO;http://alojawebapps.us.es/centrosdptos/pdi/pdi.php?pdi=4158
9177;MARTIN LOPEZ;MIGUEL ANGEL;http://alojawebapps.us.es/centrosdptos/pdi/pdi.php?pdi=9177
13824;MARTIN LOZANO;FRANCISCO JAVIER;http://alojawebapps.us.es/centrosdptos/pdi/pdi.php?pdi=13824
11313;MARTIN MARISCAL;AMANDA;http://alojawebapps.us.es/centrosdptos/pdi/pdi.php?pdi=11313
8534;MARTIN MARQUEZ;VICTORIA;http://alojawebapps.us.es/centrosdptos/pdi/pdi.php?pdi=8534
4660;MARTIN MARTIN;DOMINGO;http://alojawebapps.us.es/centrosdptos/pdi/pdi.php?pdi=4660
9121;MARTIN MARTIN;SEBASTIAN;http://alojawebapps.us.es/centrosdptos/pdi/pdi.php?pdi=9121
16067;MARTIN MARTINEZ;MACARENA;http://alojawebapps.us.es/centrosdptos/pdi/pdi.php?pdi=16067
2583;MARTIN MATEOS;FRANCISCO JESUS;http://alojawebapps.us.es/centrosdptos/pdi/pdi.php?pdi=2583
9082;MARTIN MOLINA;VERONICA;http://alojawebapps.us.es/centrosdptos/pdi/pdi.php?pdi=9082
1075;MARTIN MONTES;ANTONIO;http://alojawebapps.us.es/centrosdptos/pdi/pdi.php?pdi=1075
8346;MARTIN MONZON;ISABEL MARIA;http://alojawebapps.us.es/centrosdptos/pdi/pdi.php?pdi=8346
15833;MARTIN NAVARRO;ALEJANDRO;http://alojawebapps.us.es/centrosdptos/pdi/pdi.php?pdi=15833
5119;MARTIN NAVARRO;JOSE LUIS;http://alojawebapps.us.es/centrosdptos/pdi/pdi.php?pdi=5119
3126;MARTIN OLALLA;JOSE MARIA;http://alojawebapps.us.es/centrosdptos/pdi/pdi.php?pdi=3126
17886;MARTIN ORIA;MONICA;http://alojawebapps.us.es/centrosdptos/pdi/pdi.php?pdi=17886
4823;MARTIN PASTOR;ANDRES;http://alojawebapps.us.es/centrosdptos/pdi/pdi.php?pdi=4823
4921;MARTIN PRATS;MARIA ANGELES;http://alojawebapps.us.es/centrosdptos/pdi/pdi.php?pdi=4921
18248;MARTIN RAMALLAL;PABLO NICOLAS;http://alojawebapps.us.es/centrosdptos/pdi/pdi.php?pdi=18248
3636;MARTIN RAMOS;NICASIO EUSEBIO;http://alojawebapps.us.es/centrosdptos/pdi/pdi.php?pdi=3636
8058;MARTIN RIOS;MARIA DEL PILAR;http://alojawebapps.us.es/centrosdptos/pdi/pdi.php?pdi=8058
3821;MARTIN RODRIGUEZ;AGUSTIN;http://alojawebapps.us.es/centrosdptos/pdi/pdi.php?pdi=3821
7011;MARTIN RODRIGUEZ;JUAN FRANCISCO;http://alojawebapps.us.es/centrosdptos/pdi/pdi.php?pdi=7011
17046;MARTIN ROLDAN;ANGEL;http://alojawebapps.us.es/centrosdptos/pdi/pdi.php?pdi=17046
11111;MARTIN RUBIO;MARIA ESTHER;http://alojawebapps.us.es/centrosdptos/pdi/pdi.php?pdi=11111
5083;MARTIN RUIZ;DAVID;http://alojawebapps.us.es/centrosdptos/pdi/pdi.php?pdi=5083
17914;MARTIN RUIZ;JAVIER;http://alojawebapps.us.es/centrosdptos/pdi/pdi.php?pdi=17914
7831;MARTIN RUIZ;JUAN;http://alojawebapps.us.es/centrosdptos/pdi/pdi.php?pdi=7831
4654;MARTIN SAMPER;ROSARIO CARMEN;http://alojawebapps.us.es/centrosdptos/pdi/pdi.php?pdi=4654
9744;MARTIN SANCHEZ;JUAN;http://alojawebapps.us.es/centrosdptos/pdi/pdi.php?pdi=9744
2823;MARTIN SANCHEZ;OLEGARIO;http://alojawebapps.us.es/centrosdptos/pdi/pdi.php?pdi=2823
17760;MARTIN TORRES;ALBERTO;http://alojawebapps.us.es/centrosdptos/pdi/pdi.php?pdi=17760
12801;MARTIN TORRES;CRISTINA;http://alojawebapps.us.es/centrosdptos/pdi/pdi.php?pdi=12801
5897;MARTIN VALERO;MARIA JESUS;http://alojawebapps.us.es/centrosdptos/pdi/pdi.php?pdi=5897
4905;MARTIN-PALOMO GARCIA;MARIA JOSE;http://alojawebapps.us.es/centrosdptos/pdi/pdi.php?pdi=4905
5899;MARTINEZ AGUIRRE;MARIA ARANZAZU;http://alojawebapps.us.es/centrosdptos/pdi/pdi.php?pdi=5899
3245;MARTINEZ ALVAREZ;RUBEN;http://alojawebapps.us.es/centrosdptos/pdi/pdi.php?pdi=3245
15595;MARTINEZ BAENA;DARIO;http://alojawebapps.us.es/centrosdptos/pdi/pdi.php?pdi=15595
12789;MARTINEZ BAILEN;MACARENA;http://alojawebapps.us.es/centrosdptos/pdi/pdi.php?pdi=12789
10103;MARTINEZ BALLESTEROS;MARIA DEL MAR;http://alojawebapps.us.es/centrosdptos/pdi/pdi.php?pdi=10103
18476;MARTINEZ BERBEL;JUAN ANTONIO;http://alojawebapps.us.es/centrosdptos/pdi/pdi.php?pdi=18476
11295;MARTINEZ BLANES;JOSE MARIA;http://alojawebapps.us.es/centrosdptos/pdi/pdi.php?pdi=11295
14950;MARTINEZ BROCCA;MARIA ASUNCION;http://alojawebapps.us.es/centrosdptos/pdi/pdi.php?pdi=14950
16211;MARTINEZ CALDERON;JAVIER;http://alojawebapps.us.es/centrosdptos/pdi/pdi.php?pdi=16211
15958;MARTINEZ CAMACHO;MARIA INMACULADA;http://alojawebapps.us.es/centrosdptos/pdi/pdi.php?pdi=15958
5077;MARTINEZ CAMUÑA;LUIS;http://alojawebapps.us.es/centrosdptos/pdi/pdi.php?pdi=5077
15158;MARTINEZ CASALE;ALEJANDRO;http://alojawebapps.us.es/centrosdptos/pdi/pdi.php?pdi=15158
4149;MARTINEZ CERVANTES;RAFAEL;http://alojawebapps.us.es/centrosdptos/pdi/pdi.php?pdi=4149
11170;MARTINEZ CORTS;INES;http://alojawebapps.us.es/centrosdptos/pdi/pdi.php?pdi=11170
16272;MARTINEZ COUSINOU;GLORIA;http://alojawebapps.us.es/centrosdptos/pdi/pdi.php?pdi=16272
2286;MARTINEZ DE DIOS;JOSE RAMIRO;http://alojawebapps.us.es/centrosdptos/pdi/pdi.php?pdi=2286
6307;MARTINEZ DE FUENTES;RAFAEL;http://alojawebapps.us.es/centrosdptos/pdi/pdi.php?pdi=6307
8797;MARTINEZ DE LA CONCHA;ANTONIO;http://alojawebapps.us.es/centrosdptos/pdi/pdi.php?pdi=8797
7175;MARTINEZ DE PABLOS;ROCIO;http://alojawebapps.us.es/centrosdptos/pdi/pdi.php?pdi=7175
9713;MARTINEZ DEL AMOR;MIGUEL ANGEL;http://alojawebapps.us.es/centrosdptos/pdi/pdi.php?pdi=9713
10475;MARTINEZ DIAZ;INMACULADA CONCEPCION;http://alojawebapps.us.es/centrosdptos/pdi/pdi.php?pdi=10475
9450;MARTINEZ DONAIRE;ANDRES JESUS;http://alojawebapps.us.es/centrosdptos/pdi/pdi.php?pdi=9450
17661;MARTINEZ FERNANDEZ;ERNESTO;http://alojawebapps.us.es/centrosdptos/pdi/pdi.php?pdi=17661
9727;MARTINEZ FERNANDEZ;JOSE ANTONIO;http://alojawebapps.us.es/centrosdptos/pdi/pdi.php?pdi=9727
3638;MARTINEZ FERNANDEZ;JOSE MANUEL;http://alojawebapps.us.es/centrosdptos/pdi/pdi.php?pdi=3638
3872;MARTINEZ FERNANDEZ;JULIAN;http://alojawebapps.us.es/centrosdptos/pdi/pdi.php?pdi=3872
13600;MARTINEZ FLORINDO;TRINIDAD;http://alojawebapps.us.es/centrosdptos/pdi/pdi.php?pdi=13600
7125;MARTINEZ FRAILE;CRISTINA;http://alojawebapps.us.es/centrosdptos/pdi/pdi.php?pdi=7125
12784;MARTINEZ FRANCO;ALFONSO;http://alojawebapps.us.es/centrosdptos/pdi/pdi.php?pdi=12784
7681;MARTINEZ GARCIA-POSADA;ANGEL;http://alojawebapps.us.es/centrosdptos/pdi/pdi.php?pdi=7681
2581;MARTINEZ GARCIA;CONSOLACION;http://alojawebapps.us.es/centrosdptos/pdi/pdi.php?pdi=2581
10190;MARTINEZ GARCIA;MARIA ANGELES;http://alojawebapps.us.es/centrosdptos/pdi/pdi.php?pdi=10190
5749;MARTINEZ GASCA;RAFAEL;http://alojawebapps.us.es/centrosdptos/pdi/pdi.php?pdi=5749
10080;MARTINEZ GONZALEZ;ALFREDO JOSE;http://alojawebapps.us.es/centrosdptos/pdi/pdi.php?pdi=10080
4922;MARTINEZ HEREDIA;JUANA MARIA;http://alojawebapps.us.es/centrosdptos/pdi/pdi.php?pdi=4922
15465;MARTINEZ JIMENEZ;LAURA;http://alojawebapps.us.es/centrosdptos/pdi/pdi.php?pdi=15465
8729;MARTINEZ LARA;PEDRO MANUEL;http://alojawebapps.us.es/centrosdptos/pdi/pdi.php?pdi=8729
7689;MARTINEZ MAESTRE;MARIA ANGELES;http://alojawebapps.us.es/centrosdptos/pdi/pdi.php?pdi=7689
18382;MARTINEZ MERINO;PALOMA;http://alojawebapps.us.es/centrosdptos/pdi/pdi.php?pdi=18382
3367;MARTINEZ MONTIEL;LUIS FRANCISCO;http://alojawebapps.us.es/centrosdptos/pdi/pdi.php?pdi=3367
6334;MARTINEZ MORENO;FERNANDO BIENVENIDO;http://alojawebapps.us.es/centrosdptos/pdi/pdi.php?pdi=6334
5906;MARTINEZ MOYA;EDUARDO;http://alojawebapps.us.es/centrosdptos/pdi/pdi.php?pdi=5906
15712;MARTINEZ MUÑOZ;LAURA;http://alojawebapps.us.es/centrosdptos/pdi/pdi.php?pdi=15712
8388;MARTINEZ NAVARRO;MARIA DEL ROSARIO;http://alojawebapps.us.es/centrosdptos/pdi/pdi.php?pdi=8388
14899;MARTINEZ NAVAS;ANGEL;http://alojawebapps.us.es/centrosdptos/pdi/pdi.php?pdi=14899
7198;MARTINEZ PECINO;ROBERTO;http://alojawebapps.us.es/centrosdptos/pdi/pdi.php?pdi=7198
12851;MARTINEZ PEREA;JUAN MANUEL;http://alojawebapps.us.es/centrosdptos/pdi/pdi.php?pdi=12851
2331;MARTINEZ PEREZ;ANTONIO;http://alojawebapps.us.es/centrosdptos/pdi/pdi.php?pdi=2331
16423;MARTINEZ PEREZ;SANDRA;http://alojawebapps.us.es/centrosdptos/pdi/pdi.php?pdi=16423
3130;MARTINEZ QUESADA;MARIA DEL CARMEN;http://alojawebapps.us.es/centrosdptos/pdi/pdi.php?pdi=3130
2830;MARTINEZ RAMOS;JOSE LUIS;http://alojawebapps.us.es/centrosdptos/pdi/pdi.php?pdi=2830
2260;MARTINEZ REINA;FRANCISCO JAVIER;http://alojawebapps.us.es/centrosdptos/pdi/pdi.php?pdi=2260
11993;MARTINEZ ROCAMORA;ALEJANDRO;http://alojawebapps.us.es/centrosdptos/pdi/pdi.php?pdi=11993
16286;MARTINEZ ROJAS;ANTONIO;http://alojawebapps.us.es/centrosdptos/pdi/pdi.php?pdi=16286
3802;MARTINEZ ROLDAN;MARIA NIEVES;http://alojawebapps.us.es/centrosdptos/pdi/pdi.php?pdi=3802
5910;MARTINEZ ROMAN;JUAN ANTONIO;http://alojawebapps.us.es/centrosdptos/pdi/pdi.php?pdi=5910
13409;MARTINEZ ROS;ALEJANDRO;http://alojawebapps.us.es/centrosdptos/pdi/pdi.php?pdi=13409
5126;MARTINEZ RUIZ;JOSE IGNACIO;http://alojawebapps.us.es/centrosdptos/pdi/pdi.php?pdi=5126
8859;MARTINEZ SALAZAR;GUILLERMO JOSE;http://alojawebapps.us.es/centrosdptos/pdi/pdi.php?pdi=8859
12954;MARTINEZ TEJADA;MARCELA;http://alojawebapps.us.es/centrosdptos/pdi/pdi.php?pdi=12954
3341;MARTINEZ TORRES;MARIA DEL ROCIO;http://alojawebapps.us.es/centrosdptos/pdi/pdi.php?pdi=3341
16616;MARTINEZ VAZQUEZ;FRANCISCO JAVIER;http://alojawebapps.us.es/centrosdptos/pdi/pdi.php?pdi=16616
5203;MARTINEZ VAZQUEZ;RAFAEL;http://alojawebapps.us.es/centrosdptos/pdi/pdi.php?pdi=5203
4882;MARTINEZ ZAVALA;LORENA MARIA;http://alojawebapps.us.es/centrosdptos/pdi/pdi.php?pdi=4882
4298;MARTINEZ-GIJON MACHUCA;MIGUEL ANGEL;http://alojawebapps.us.es/centrosdptos/pdi/pdi.php?pdi=4298
3639;MARTINEZ-GIJON MACHUCA;PABLO;http://alojawebapps.us.es/centrosdptos/pdi/pdi.php?pdi=3639
4418;MARTINEZ-SAHUQUILLO MARQUEZ;ANGEL;http://alojawebapps.us.es/centrosdptos/pdi/pdi.php?pdi=4418
6308;MARTINEZ-SAHUQUILLO MARQUEZ;JOSE MIGUEL;http://alojawebapps.us.es/centrosdptos/pdi/pdi.php?pdi=6308
4659;MARTOS FERNANDEZ;JUAN JOSE;http://alojawebapps.us.es/centrosdptos/pdi/pdi.php?pdi=4659
6825;MARTOS GUTIERREZ;FERNANDO;http://alojawebapps.us.es/centrosdptos/pdi/pdi.php?pdi=6825
13613;MARTOS MARTINEZ;JUAN MANUEL;http://alojawebapps.us.es/centrosdptos/pdi/pdi.php?pdi=13613
4307;MARTOS RAMOS;JOSE JAVIER;http://alojawebapps.us.es/centrosdptos/pdi/pdi.php?pdi=4307
6958;MAS BALBUENA;JOSE LUIS;http://alojawebapps.us.es/centrosdptos/pdi/pdi.php?pdi=6958
12232;MASCORT ALBEA;EMILIO JOSE;http://alojawebapps.us.es/centrosdptos/pdi/pdi.php?pdi=12232
2530;MASERO MORENO;INMACULADA;http://alojawebapps.us.es/centrosdptos/pdi/pdi.php?pdi=2530
2855;MATA BENITEZ;MANUEL DE LA;http://alojawebapps.us.es/centrosdptos/pdi/pdi.php?pdi=2855
15272;MATA NUÑEZ;ALMUDENA MARIA;http://alojawebapps.us.es/centrosdptos/pdi/pdi.php?pdi=15272
17910;MATAS DIAZ;FRANCISCO JESÚS;http://alojawebapps.us.es/centrosdptos/pdi/pdi.php?pdi=17910
3781;MATE BARRERO;ALFONSO;http://alojawebapps.us.es/centrosdptos/pdi/pdi.php?pdi=3781
4154;MATEO CARBALLO;FERNANDO;http://alojawebapps.us.es/centrosdptos/pdi/pdi.php?pdi=4154
11197;MATEOS BLANCO;TANIA MARIA;http://alojawebapps.us.es/centrosdptos/pdi/pdi.php?pdi=11197
4651;MATEOS CORDERO;SANTIAGO;http://alojawebapps.us.es/centrosdptos/pdi/pdi.php?pdi=4651
4827;MATEOS GARCIA;DANIEL;http://alojawebapps.us.es/centrosdptos/pdi/pdi.php?pdi=4827
5901;MATEOS GARCIA;MARIA DOLORES;http://alojawebapps.us.es/centrosdptos/pdi/pdi.php?pdi=5901
8533;MATEOS NARANJO;ENRIQUE;http://alojawebapps.us.es/centrosdptos/pdi/pdi.php?pdi=8533
14078;MATIAS GARCIA;JOSE ANTONIO;http://alojawebapps.us.es/centrosdptos/pdi/pdi.php?pdi=14078
15366;MATIAS RESINA;LUIS;http://alojawebapps.us.es/centrosdptos/pdi/pdi.php?pdi=15366
7749;MATUTE MARTIN;PABLO JOSE;http://alojawebapps.us.es/centrosdptos/pdi/pdi.php?pdi=7749
8569;MAURICIO;JUAN MANUEL;http://alojawebapps.us.es/centrosdptos/pdi/pdi.php?pdi=8569
2582;MAYA CASTILLA;INES;http://alojawebapps.us.es/centrosdptos/pdi/pdi.php?pdi=2582
6623;MAYA DIAZ;CELIA MARIA;http://alojawebapps.us.es/centrosdptos/pdi/pdi.php?pdi=6623
4657;MAYA JARIEGO;ISIDRO;http://alojawebapps.us.es/centrosdptos/pdi/pdi.php?pdi=4657
12778;MAYA SEGURA;JESÚS MANUEL;http://alojawebapps.us.es/centrosdptos/pdi/pdi.php?pdi=12778
7204;MAYNAR BLANCO;PABLO;http://alojawebapps.us.es/centrosdptos/pdi/pdi.php?pdi=7204
5204;MAYO NUÑEZ;JUANA MARIA;http://alojawebapps.us.es/centrosdptos/pdi/pdi.php?pdi=5204
15620;MAYOR GALLEGO;VICENTE JESUS;http://alojawebapps.us.es/centrosdptos/pdi/pdi.php?pdi=15620
4417;MAYOR RUIZ;CRISTINA M;http://alojawebapps.us.es/centrosdptos/pdi/pdi.php?pdi=4417
4866;MAYORAL CAMPA;ESTHER;http://alojawebapps.us.es/centrosdptos/pdi/pdi.php?pdi=4866
5212;MAYORAL MASA;FERNANDO;http://alojawebapps.us.es/centrosdptos/pdi/pdi.php?pdi=5212
18104;MAYORAL VAN SON;JACQUELINE MARIA;http://alojawebapps.us.es/centrosdptos/pdi/pdi.php?pdi=18104
14878;MAYORGA BUIZA;MARIA JOSE;http://alojawebapps.us.es/centrosdptos/pdi/pdi.php?pdi=14878
4854;MAZA ALCAÑIZ;JESUS IVAN;http://alojawebapps.us.es/centrosdptos/pdi/pdi.php?pdi=4854
3129;MAZA ORTEGA;JOSE MARIA;http://alojawebapps.us.es/centrosdptos/pdi/pdi.php?pdi=3129
5908;MAZUECOS BLANCA;JOSE;http://alojawebapps.us.es/centrosdptos/pdi/pdi.php?pdi=5908
4989;MAZUELOS ROJAS;ALFONSO;http://alojawebapps.us.es/centrosdptos/pdi/pdi.php?pdi=4989
5914;MEDINA ANZANO;SILVIA;http://alojawebapps.us.es/centrosdptos/pdi/pdi.php?pdi=5914
15872;MEDINA ARIZA;JUAN JOSE;http://alojawebapps.us.es/centrosdptos/pdi/pdi.php?pdi=15872
5911;MEDINA DIAZ;FRANCISCO JOSE;http://alojawebapps.us.es/centrosdptos/pdi/pdi.php?pdi=5911
9568;MEDINA GUERRERO;MANUEL;http://alojawebapps.us.es/centrosdptos/pdi/pdi.php?pdi=9568
3866;MEDINA LOPEZ;MARIA DEL CARMEN;http://alojawebapps.us.es/centrosdptos/pdi/pdi.php?pdi=3866
13194;MEDINA LOPEZ;RAFAEL;http://alojawebapps.us.es/centrosdptos/pdi/pdi.php?pdi=13194
2843;MEDINA MENA;FRANCISCO;http://alojawebapps.us.es/centrosdptos/pdi/pdi.php?pdi=2843
16719;MEDINA MORAGAS;ALEJANDRO JESUS DE;http://alojawebapps.us.es/centrosdptos/pdi/pdi.php?pdi=16719
14267;MEDINA MORILLAS;CARLOS;http://alojawebapps.us.es/centrosdptos/pdi/pdi.php?pdi=14267
14308;MEDINA REBOLLO;DANIEL;http://alojawebapps.us.es/centrosdptos/pdi/pdi.php?pdi=14308
17755;MEDINA SUAREZ;MARIA ISABEL;http://alojawebapps.us.es/centrosdptos/pdi/pdi.php?pdi=17755
16731;MEDINA TORREJON;ROSA ARGELIA;http://alojawebapps.us.es/centrosdptos/pdi/pdi.php?pdi=16731
4756;MEDRANO GARFIA;BELEN;http://alojawebapps.us.es/centrosdptos/pdi/pdi.php?pdi=4756
10668;MEDRANO ORTEGA;FRANCISCO JAVIER;http://alojawebapps.us.es/centrosdptos/pdi/pdi.php?pdi=10668
4755;MEDRANO SANCHEZ;ESTHER;http://alojawebapps.us.es/centrosdptos/pdi/pdi.php?pdi=4755
16618;MEGIAS SAYAGO;CRISTINA;http://alojawebapps.us.es/centrosdptos/pdi/pdi.php?pdi=16618
12622;MEGIAS VAZQUEZ;GUILERMO DANIEL;http://alojawebapps.us.es/centrosdptos/pdi/pdi.php?pdi=12622
9440;MEGINA MARTINEZ;CESAR;http://alojawebapps.us.es/centrosdptos/pdi/pdi.php?pdi=9440
4153;MEJIAS ALVAREZ;MARIA JESUS;http://alojawebapps.us.es/centrosdptos/pdi/pdi.php?pdi=4153
12931;MEJIAS ESTEVEZ;REBECA MARIA;http://alojawebapps.us.es/centrosdptos/pdi/pdi.php?pdi=12931
2350;MEJIAS GIMENO;JOSE ANTONIO;http://alojawebapps.us.es/centrosdptos/pdi/pdi.php?pdi=2350
15807;MEJIAS PADILLA;CARMEN;http://alojawebapps.us.es/centrosdptos/pdi/pdi.php?pdi=15807
5198;MEJIAS RISOTO;MANUEL;http://alojawebapps.us.es/centrosdptos/pdi/pdi.php?pdi=5198
9551;MELENDEZ MARTINEZ;ANTONIO JESUS;http://alojawebapps.us.es/centrosdptos/pdi/pdi.php?pdi=9551
10482;MELERO AGUILAR;NOELIA;http://alojawebapps.us.es/centrosdptos/pdi/pdi.php?pdi=10482
13627;MELERO MUÑOZ;ISABEL MARIA;http://alojawebapps.us.es/centrosdptos/pdi/pdi.php?pdi=13627
18077;MELLADO ALCEDO;DAVID;http://alojawebapps.us.es/centrosdptos/pdi/pdi.php?pdi=18077
2814;MELLADO DURAN;MARIA ENCARNACION;http://alojawebapps.us.es/centrosdptos/pdi/pdi.php?pdi=2814
5097;MELO MONTERO;ANTONIO MANUEL;http://alojawebapps.us.es/centrosdptos/pdi/pdi.php?pdi=5097
4806;MENA GARCIA;MARIA DOLORES;http://alojawebapps.us.es/centrosdptos/pdi/pdi.php?pdi=4806
2578;MENA GUERRERO;YOLANDA;http://alojawebapps.us.es/centrosdptos/pdi/pdi.php?pdi=2578
17963;MENA RAPOSO;JOSE;http://alojawebapps.us.es/centrosdptos/pdi/pdi.php?pdi=17963
3890;MENA-BERNAL ESCOBAR;MARIA JOSE;http://alojawebapps.us.es/centrosdptos/pdi/pdi.php?pdi=3890
8193;MENA-BERNAL ESCOBAR;RICARDO JESUS;http://alojawebapps.us.es/centrosdptos/pdi/pdi.php?pdi=8193
8827;MENCHON JORDAN;MARIA SOFIA;http://alojawebapps.us.es/centrosdptos/pdi/pdi.php?pdi=8827
8885;MENCOS MARTEL;MARIA DEL DULCE NOMBRE;http://alojawebapps.us.es/centrosdptos/pdi/pdi.php?pdi=8885
10386;MENCOS MARTEL;MERCEDES;http://alojawebapps.us.es/centrosdptos/pdi/pdi.php?pdi=10386
9077;MENDEZ MAJUELOS;MARIA INES;http://alojawebapps.us.es/centrosdptos/pdi/pdi.php?pdi=9077
10150;MENDEZ MUROS;SANDRA;http://alojawebapps.us.es/centrosdptos/pdi/pdi.php?pdi=10150
13315;MENDEZ ORENSE;MARIA;http://alojawebapps.us.es/centrosdptos/pdi/pdi.php?pdi=13315
4843;MENDEZ RODRIGUEZ;LUIS RAFAEL;http://alojawebapps.us.es/centrosdptos/pdi/pdi.php?pdi=4843
18421;MENDOZA BARRIONUEVO;ALEJANDRO;http://alojawebapps.us.es/centrosdptos/pdi/pdi.php?pdi=18421
5010;MENDOZA GARCIA;IRENE;http://alojawebapps.us.es/centrosdptos/pdi/pdi.php?pdi=5010
18525;MENDOZA MALPARTIDA;MIGUEL;http://alojawebapps.us.es/centrosdptos/pdi/pdi.php?pdi=18525
2355;MENDOZA MENDOZA;MARIA ASUNCION;http://alojawebapps.us.es/centrosdptos/pdi/pdi.php?pdi=2355
16216;MENENDEZ PROUPIN;EDUARDO ARIEL;http://alojawebapps.us.es/centrosdptos/pdi/pdi.php?pdi=16216
9185;MERCADER MOYANO;MARIA DEL PILAR;http://alojawebapps.us.es/centrosdptos/pdi/pdi.php?pdi=9185
14892;MERCHAN HERNANDEZ;CARMEN;http://alojawebapps.us.es/centrosdptos/pdi/pdi.php?pdi=14892
7215;MERCHAN IGNACIO;FRANCISCO;http://alojawebapps.us.es/centrosdptos/pdi/pdi.php?pdi=7215
15831;MERCHANTE GUTIERREZ;NICOLAS;http://alojawebapps.us.es/centrosdptos/pdi/pdi.php?pdi=15831
15601;MERINO BOHORQUEZ;VICENTE;http://alojawebapps.us.es/centrosdptos/pdi/pdi.php?pdi=15601
10390;MERINO MONGE;MANUEL;http://alojawebapps.us.es/centrosdptos/pdi/pdi.php?pdi=10390
3377;MESA LEDESMA;FRANCISCO LUIS;http://alojawebapps.us.es/centrosdptos/pdi/pdi.php?pdi=3377
11468;MESA VAZQUEZ;ERNESTO;http://alojawebapps.us.es/centrosdptos/pdi/pdi.php?pdi=11468
15230;MICHI CHAVES;MARIA DEL CARMEN;http://alojawebapps.us.es/centrosdptos/pdi/pdi.php?pdi=15230
3345;MIGUEL RODRIGUEZ;MANUEL DE;http://alojawebapps.us.es/centrosdptos/pdi/pdi.php?pdi=3345
17971;MIGUEZ SANTA CRUZ;ANTONIO;http://alojawebapps.us.es/centrosdptos/pdi/pdi.php?pdi=17971
2786;MILLAN CALDERON;ALEJANDRO;http://alojawebapps.us.es/centrosdptos/pdi/pdi.php?pdi=2786
10378;MILLAN JIMENEZ;ANTONIO;http://alojawebapps.us.es/centrosdptos/pdi/pdi.php?pdi=10378
2291;MILLAN JIMENEZ;MONICA;http://alojawebapps.us.es/centrosdptos/pdi/pdi.php?pdi=2291
11705;MILLAN MILLAN;PABLO;http://alojawebapps.us.es/centrosdptos/pdi/pdi.php?pdi=11705
11001;MILLAN MUÑOZ;RAFAEL;http://alojawebapps.us.es/centrosdptos/pdi/pdi.php?pdi=11001
10665;MILLAN RODRIGUEZ;ANTONIO BLAS;http://alojawebapps.us.es/centrosdptos/pdi/pdi.php?pdi=10665
3586;MILLAN VAZQUEZ DE LA TORRE;RAFAEL;http://alojawebapps.us.es/centrosdptos/pdi/pdi.php?pdi=3586
2340;MIÑANO SANCHEZ;JAVIER;http://alojawebapps.us.es/centrosdptos/pdi/pdi.php?pdi=2340
9586;MINGO RODRIGUEZ;ALICIA MARIA DE;http://alojawebapps.us.es/centrosdptos/pdi/pdi.php?pdi=9586
12159;MINGORANCE MARTIN;CARLOS;http://alojawebapps.us.es/centrosdptos/pdi/pdi.php?pdi=12159
17655;MINGOT CASTELLANO;MARIA EVA;http://alojawebapps.us.es/centrosdptos/pdi/pdi.php?pdi=17655
10988;MIR RIVERA;PABLO;http://alojawebapps.us.es/centrosdptos/pdi/pdi.php?pdi=10988
11003;MIRA ESCARTI;JOSE ANTONIO;http://alojawebapps.us.es/centrosdptos/pdi/pdi.php?pdi=11003
3635;MIRANDA BONILLA;JOSE;http://alojawebapps.us.es/centrosdptos/pdi/pdi.php?pdi=3635
9694;MIRANDA MARQUEZ;GONZALO;http://alojawebapps.us.es/centrosdptos/pdi/pdi.php?pdi=9694
16689;MIRANDA TAPIA;EUNICE;http://alojawebapps.us.es/centrosdptos/pdi/pdi.php?pdi=16689
10646;MIRAS RODRIGUEZ;M MAR;http://alojawebapps.us.es/centrosdptos/pdi/pdi.php?pdi=10646
5161;MIRAS RUIZ;ADOLFO;http://alojawebapps.us.es/centrosdptos/pdi/pdi.php?pdi=5161
8259;MIRO AMARANTE;MARÍA GLORIA;http://alojawebapps.us.es/centrosdptos/pdi/pdi.php?pdi=8259
4762;MIRO AMARANTE;MARIA LOURDES;http://alojawebapps.us.es/centrosdptos/pdi/pdi.php?pdi=4762
9300;MIRO MIRO;CRISTOBAL;http://alojawebapps.us.es/centrosdptos/pdi/pdi.php?pdi=9300
9050;MIRON MURCIANO;PEDRO JESUS;http://alojawebapps.us.es/centrosdptos/pdi/pdi.php?pdi=9050
14646;MOCHON MARTIN;ANTONIO;http://alojawebapps.us.es/centrosdptos/pdi/pdi.php?pdi=14646
16215;MODESTO LOPEZ;LUIS BALAM;http://alojawebapps.us.es/centrosdptos/pdi/pdi.php?pdi=16215
16463;MOGUER TEROL;MANUEL;http://alojawebapps.us.es/centrosdptos/pdi/pdi.php?pdi=16463
5894;MOJARRO PRAXEDES;MARIA DOLORES;http://alojawebapps.us.es/centrosdptos/pdi/pdi.php?pdi=5894
11754;MOLANO CASIMIRO;FRANCISCO JAVIER;http://alojawebapps.us.es/centrosdptos/pdi/pdi.php?pdi=11754
3896;MOLERO CASADO;MIGUEL;http://alojawebapps.us.es/centrosdptos/pdi/pdi.php?pdi=3896
7695;MOLINA BECERRA;MONICA;http://alojawebapps.us.es/centrosdptos/pdi/pdi.php?pdi=7695
16956;MOLINA CAMPANO;EDUARDO MANUEL;http://alojawebapps.us.es/centrosdptos/pdi/pdi.php?pdi=16956
3395;MOLINA CANTERO;ALBERTO JESUS;http://alojawebapps.us.es/centrosdptos/pdi/pdi.php?pdi=3395
5219;MOLINA CANTERO;FRANCISCO JAVIER;http://alojawebapps.us.es/centrosdptos/pdi/pdi.php?pdi=5219
17974;MOLINA CANTOS;MARIA ELENA;http://alojawebapps.us.es/centrosdptos/pdi/pdi.php?pdi=17974
5028;MOLINA CASTILLO;LUIS FERNANDO;http://alojawebapps.us.es/centrosdptos/pdi/pdi.php?pdi=5028
18526;MOLINA CRIADO;SILVIA;http://alojawebapps.us.es/centrosdptos/pdi/pdi.php?pdi=18526
5221;MOLINA FELIX;JOSE LUIS;http://alojawebapps.us.es/centrosdptos/pdi/pdi.php?pdi=5221
11933;MOLINA GOMEZ;JOSE CARLOS;http://alojawebapps.us.es/centrosdptos/pdi/pdi.php?pdi=11933
6655;MOLINA GONZALEZ;JOSE LUIS;http://alojawebapps.us.es/centrosdptos/pdi/pdi.php?pdi=6655
13652;MOLINA GONZALEZ;MARIA DEL CARMEN;http://alojawebapps.us.es/centrosdptos/pdi/pdi.php?pdi=13652
4299;MOLINA HEREDIA;FERNANDO PUBLIO;http://alojawebapps.us.es/centrosdptos/pdi/pdi.php?pdi=4299
10469;MOLINA HUELVA;MARTA;http://alojawebapps.us.es/centrosdptos/pdi/pdi.php?pdi=10469
15204;MOLINA ILLESCAS;SANTIAGO;http://alojawebapps.us.es/centrosdptos/pdi/pdi.php?pdi=15204
13628;MOLINA LIÑAN;MARIA MERCEDES;http://alojawebapps.us.es/centrosdptos/pdi/pdi.php?pdi=13628
9093;MOLINA PARIENTE;JOSE MANUEL;http://alojawebapps.us.es/centrosdptos/pdi/pdi.php?pdi=9093
5895;MOLINA PINILLA;MARIA INMACULADA;http://alojawebapps.us.es/centrosdptos/pdi/pdi.php?pdi=5895
18459;MOLINA REYES;MARIA ELENA;http://alojawebapps.us.es/centrosdptos/pdi/pdi.php?pdi=18459
4767;MOLINA ROMO;VICTOR MANUEL;http://alojawebapps.us.es/centrosdptos/pdi/pdi.php?pdi=4767
13261;MOLINA ROZALEM;JUAN FRANCISCO;http://alojawebapps.us.es/centrosdptos/pdi/pdi.php?pdi=13261
4147;MOLINA TOUCEDO;JOSE ANTONIO;http://alojawebapps.us.es/centrosdptos/pdi/pdi.php?pdi=4147
18449;MOLINER HEREDIA;RUBEN;http://alojawebapps.us.es/centrosdptos/pdi/pdi.php?pdi=18449
18342;MOLINERO GARCIA;ALBERTO;http://alojawebapps.us.es/centrosdptos/pdi/pdi.php?pdi=18342
3333;MOLINO BARRERO;JULIA;http://alojawebapps.us.es/centrosdptos/pdi/pdi.php?pdi=3333
9897;MOLINOS RODRIGUEZ DE TRUJILLO;CRISTINA;http://alojawebapps.us.es/centrosdptos/pdi/pdi.php?pdi=9897
4920;MOLLEDA JIMENA;GUILLERMO JAVIER;http://alojawebapps.us.es/centrosdptos/pdi/pdi.php?pdi=4920
4844;MONEDERO GOICOECHEA;IÑIGO LUIS;http://alojawebapps.us.es/centrosdptos/pdi/pdi.php?pdi=4844
3313;MONEDERO PERALES;MARIA DEL CARMEN;http://alojawebapps.us.es/centrosdptos/pdi/pdi.php?pdi=3313
16265;MONGBET AYOUNE;JEAN REMY;http://alojawebapps.us.es/centrosdptos/pdi/pdi.php?pdi=16265
2528;MONGE FERNANDEZ;ANTONIA;http://alojawebapps.us.es/centrosdptos/pdi/pdi.php?pdi=2528
9880;MONGE FERNANDEZ;DAVID;http://alojawebapps.us.es/centrosdptos/pdi/pdi.php?pdi=9880
2265;MONGE VERA;MANUEL ANGEL;http://alojawebapps.us.es/centrosdptos/pdi/pdi.php?pdi=2265
7089;MONREAL HERMOSO;JOSE A;http://alojawebapps.us.es/centrosdptos/pdi/pdi.php?pdi=7089
2859;MONROY BERJILLOS;LUISA;http://alojawebapps.us.es/centrosdptos/pdi/pdi.php?pdi=2859
11171;MONSALVE GUIL;LORETO;http://alojawebapps.us.es/centrosdptos/pdi/pdi.php?pdi=11171
3125;MONTAÑO JIMENEZ;PEDRO;http://alojawebapps.us.es/centrosdptos/pdi/pdi.php?pdi=3125
10708;MONTEALEGRE MELENDEZ;ISABEL;http://alojawebapps.us.es/centrosdptos/pdi/pdi.php?pdi=10708
4148;MONTERO ALCAIDE;ANTONIO;http://alojawebapps.us.es/centrosdptos/pdi/pdi.php?pdi=4148
15430;MONTERO BANCALERO;MARIA DEL CARMEN;http://alojawebapps.us.es/centrosdptos/pdi/pdi.php?pdi=15430
10577;MONTERO BENAVIDES;PAULA ESPERANZA;http://alojawebapps.us.es/centrosdptos/pdi/pdi.php?pdi=10577
14862;MONTERO CRUZADA;SANTIAGO;http://alojawebapps.us.es/centrosdptos/pdi/pdi.php?pdi=14862
5222;MONTERO DELGADO;JUAN;http://alojawebapps.us.es/centrosdptos/pdi/pdi.php?pdi=5222
2753;MONTERO FERNANDEZ-VIVANCOS;GUILLERMO;http://alojawebapps.us.es/centrosdptos/pdi/pdi.php?pdi=2753
2359;MONTERO FERNANDEZ;FRANCISCO JAVIER;http://alojawebapps.us.es/centrosdptos/pdi/pdi.php?pdi=2359
17625;MONTERO GUTIERREZ;MARIA DE LA PAZ;http://alojawebapps.us.es/centrosdptos/pdi/pdi.php?pdi=17625
2579;MONTERO PEDRERA;ANA  MARIA;http://alojawebapps.us.es/centrosdptos/pdi/pdi.php?pdi=2579
11894;MONTERO SANCHEZ;DAVID;http://alojawebapps.us.es/centrosdptos/pdi/pdi.php?pdi=11894
7095;MONTES DELGADO;MARIA VICTORIA DE;http://alojawebapps.us.es/centrosdptos/pdi/pdi.php?pdi=7095
8488;MONTES GONZALEZ;FRANCISCO;http://alojawebapps.us.es/centrosdptos/pdi/pdi.php?pdi=8488
3865;MONTES MARTOS;JUAN MANUEL;http://alojawebapps.us.es/centrosdptos/pdi/pdi.php?pdi=3865
3630;MONTES PALMA;LUIS ANTONIO;http://alojawebapps.us.es/centrosdptos/pdi/pdi.php?pdi=3630
2860;MONTES RODRIGUEZ;ALFONSO;http://alojawebapps.us.es/centrosdptos/pdi/pdi.php?pdi=2860
3901;MONTES ROMERO-CAMACHO;ISABEL;http://alojawebapps.us.es/centrosdptos/pdi/pdi.php?pdi=3901
16159;MONTES SANCHEZ;JUAN MANUEL;http://alojawebapps.us.es/centrosdptos/pdi/pdi.php?pdi=16159
6471;MONTESINOS GUTIERREZ;MARIA LUZ;http://alojawebapps.us.es/centrosdptos/pdi/pdi.php?pdi=6471
16068;MONTILLA GARCIA;JOSE MANUEL;http://alojawebapps.us.es/centrosdptos/pdi/pdi.php?pdi=16068
6440;MONTILLA RAMOS;FRANCISCO JAVIER;http://alojawebapps.us.es/centrosdptos/pdi/pdi.php?pdi=6440
2574;MONTORO LASECA;RAFAEL JESUS;http://alojawebapps.us.es/centrosdptos/pdi/pdi.php?pdi=2574
3400;MONTOYA GARCIA;MARIA JOSE;http://alojawebapps.us.es/centrosdptos/pdi/pdi.php?pdi=3400
5227;MONTOYA MARTIN;ENCARNACION;http://alojawebapps.us.es/centrosdptos/pdi/pdi.php?pdi=5227
8212;MONTOYA RODRIGUEZ;MARIA DEL CARMEN;http://alojawebapps.us.es/centrosdptos/pdi/pdi.php?pdi=8212
14193;MONTSERRAT DE LA PAZ;SERGIO;http://alojawebapps.us.es/centrosdptos/pdi/pdi.php?pdi=14193
4146;MORA GUTIERREZ;JUAN PABLO;http://alojawebapps.us.es/centrosdptos/pdi/pdi.php?pdi=4146
3123;MORA JIMENEZ;JOSE LUIS;http://alojawebapps.us.es/centrosdptos/pdi/pdi.php?pdi=3123
9509;MORA MERCHAN;JAVIER MARIA;http://alojawebapps.us.es/centrosdptos/pdi/pdi.php?pdi=9509
5055;MORA MERCHAN;JOAQUIN ANTONIO;http://alojawebapps.us.es/centrosdptos/pdi/pdi.php?pdi=5055
9641;MORA SANTOS;MARIA DEL MAR;http://alojawebapps.us.es/centrosdptos/pdi/pdi.php?pdi=9641
2856;MORA SENA;MARIA JOSE;http://alojawebapps.us.es/centrosdptos/pdi/pdi.php?pdi=2856
9135;MORA VICENTE;GREGORIO MANUEL;http://alojawebapps.us.es/centrosdptos/pdi/pdi.php?pdi=9135
8311;MORADO DIAZ;CAMILO JOSE;http://alojawebapps.us.es/centrosdptos/pdi/pdi.php?pdi=8311
16903;MORAL GARCIA;ALVARO;http://alojawebapps.us.es/centrosdptos/pdi/pdi.php?pdi=16903
16861;MORAL RUIZ;MARIA DEL CARMEN;http://alojawebapps.us.es/centrosdptos/pdi/pdi.php?pdi=16861
8183;MORALES ARROYO;JOSE MARIA;http://alojawebapps.us.es/centrosdptos/pdi/pdi.php?pdi=8183
15960;MORALES BARROSO;ARTURO;http://alojawebapps.us.es/centrosdptos/pdi/pdi.php?pdi=15960
9927;MORALES CONDE;MARIA JESUS;http://alojawebapps.us.es/centrosdptos/pdi/pdi.php?pdi=9927
2684;MORALES CONDE;SALVADOR;http://alojawebapps.us.es/centrosdptos/pdi/pdi.php?pdi=2684
7307;MORALES ESTEBAN;ANTONIO;http://alojawebapps.us.es/centrosdptos/pdi/pdi.php?pdi=7307
8921;MORALES FLOREZ;VICTOR;http://alojawebapps.us.es/centrosdptos/pdi/pdi.php?pdi=8921
3327;MORALES GOMEZ;LOURDES;http://alojawebapps.us.es/centrosdptos/pdi/pdi.php?pdi=3327
5882;MORALES GONZALEZ;JULIA;http://alojawebapps.us.es/centrosdptos/pdi/pdi.php?pdi=5882
10607;MORALES GUISANDE;ANA DE LA ESPERANZA;http://alojawebapps.us.es/centrosdptos/pdi/pdi.php?pdi=10607
5182;MORALES LOZANO;JUAN ANTONIO;http://alojawebapps.us.es/centrosdptos/pdi/pdi.php?pdi=5182
15376;MORALES MARIN;FATIMA;http://alojawebapps.us.es/centrosdptos/pdi/pdi.php?pdi=15376
2575;MORALES MILLAN;MARIA TERESA AUXILIADORA;http://alojawebapps.us.es/centrosdptos/pdi/pdi.php?pdi=2575
18414;MORALES ORTEGA;JOSE ANGEL;http://alojawebapps.us.es/centrosdptos/pdi/pdi.php?pdi=18414
4407;MORALES ORTIZ;MANUEL;http://alojawebapps.us.es/centrosdptos/pdi/pdi.php?pdi=4407
6581;MORALES PALMA;DOMINGO;http://alojawebapps.us.es/centrosdptos/pdi/pdi.php?pdi=6581
10498;MORALES RODRIGO;CRISTIAN;http://alojawebapps.us.es/centrosdptos/pdi/pdi.php?pdi=10498
6688;MORALES RODRIGUEZ;ANA;http://alojawebapps.us.es/centrosdptos/pdi/pdi.php?pdi=6688
10205;MORALES SANCHEZ;FRANCISCO JOSE;http://alojawebapps.us.es/centrosdptos/pdi/pdi.php?pdi=10205
4406;MORALES SANCHEZ;JOSE;http://alojawebapps.us.es/centrosdptos/pdi/pdi.php?pdi=4406
2267;MORALES SILLERO;ANA MARIA;http://alojawebapps.us.es/centrosdptos/pdi/pdi.php?pdi=2267
15275;MORALES TRUJILLO;LETICIA;http://alojawebapps.us.es/centrosdptos/pdi/pdi.php?pdi=15275
5881;MORAN ALVAREZ;JUAN CARLOS;http://alojawebapps.us.es/centrosdptos/pdi/pdi.php?pdi=5881
18030;MORAN PEDROSO;MARIA;http://alojawebapps.us.es/centrosdptos/pdi/pdi.php?pdi=18030
14203;MORATO AGRAFOJO;YOLANDA;http://alojawebapps.us.es/centrosdptos/pdi/pdi.php?pdi=14203
2848;MORATO MORENO;MANUEL;http://alojawebapps.us.es/centrosdptos/pdi/pdi.php?pdi=2848
17903;MORAZA PEREZ;ANA;http://alojawebapps.us.es/centrosdptos/pdi/pdi.php?pdi=17903
17887;MORCILLO SANCHEZ;CARLOS JAVIER;http://alojawebapps.us.es/centrosdptos/pdi/pdi.php?pdi=17887
2244;MORCUENDE FERNANDEZ;SARA ROSALIA;http://alojawebapps.us.es/centrosdptos/pdi/pdi.php?pdi=2244
17919;MOREIRA NAVARRETE;VIRGINIA;http://alojawebapps.us.es/centrosdptos/pdi/pdi.php?pdi=17919
3632;MORELL SASTRE;JOSE JAIME;http://alojawebapps.us.es/centrosdptos/pdi/pdi.php?pdi=3632
5887;MORENO AGUIRRE;MARIA TERESA;http://alojawebapps.us.es/centrosdptos/pdi/pdi.php?pdi=5887
5883;MORENO ALFONSO;NARCISO;http://alojawebapps.us.es/centrosdptos/pdi/pdi.php?pdi=5883
5181;MORENO ALONSO;MANUEL;http://alojawebapps.us.es/centrosdptos/pdi/pdi.php?pdi=5181
8345;MORENO AMADOR;MARIA LOURDES;http://alojawebapps.us.es/centrosdptos/pdi/pdi.php?pdi=8345
18457;MORENO AMOR;MARAVILLAS;http://alojawebapps.us.es/centrosdptos/pdi/pdi.php?pdi=18457
18253;MORENO ARANA;JOSE MANUEL;http://alojawebapps.us.es/centrosdptos/pdi/pdi.php?pdi=18253
17778;MORENO BARRERA;ALEJANDRO;http://alojawebapps.us.es/centrosdptos/pdi/pdi.php?pdi=17778
10697;MORENO BELTRAN;ANTONIO PLACIDO;http://alojawebapps.us.es/centrosdptos/pdi/pdi.php?pdi=10697
13269;MORENO BUENDIA;FRANCISCO JESUS;http://alojawebapps.us.es/centrosdptos/pdi/pdi.php?pdi=13269
15108;MORENO CARRASCO;VICENTE;http://alojawebapps.us.es/centrosdptos/pdi/pdi.php?pdi=15108
15162;MORENO CRESPO;PILAR AUXILIADORA;http://alojawebapps.us.es/centrosdptos/pdi/pdi.php?pdi=15162
7760;MORENO DE SIMON;EMIGDIO;http://alojawebapps.us.es/centrosdptos/pdi/pdi.php?pdi=7760
12852;MORENO DIAZ;JUAN JOSE;http://alojawebapps.us.es/centrosdptos/pdi/pdi.php?pdi=12852
15113;MORENO DOMINGUEZ;ALEJANDRO;http://alojawebapps.us.es/centrosdptos/pdi/pdi.php?pdi=15113
7281;MORENO DOMINGUEZ;JOSE MANUEL;http://alojawebapps.us.es/centrosdptos/pdi/pdi.php?pdi=7281
15670;MORENO ESCAMILLA;EZEQUIEL;http://alojawebapps.us.es/centrosdptos/pdi/pdi.php?pdi=15670
5003;MORENO ESPINA;MANUEL;http://alojawebapps.us.es/centrosdptos/pdi/pdi.php?pdi=5003
3383;MORENO ESPINOSA;PASTORA MAGDALENA;http://alojawebapps.us.es/centrosdptos/pdi/pdi.php?pdi=3383
5180;MORENO FERNANDEZ;ANA MARIA;http://alojawebapps.us.es/centrosdptos/pdi/pdi.php?pdi=5180
12403;MORENO FERNANDEZ;OLGA;http://alojawebapps.us.es/centrosdptos/pdi/pdi.php?pdi=12403
10377;MORENO GALVEZ;FRANCISCO JAVIER;http://alojawebapps.us.es/centrosdptos/pdi/pdi.php?pdi=10377
5885;MORENO GARCIA;FRANCISCO J;http://alojawebapps.us.es/centrosdptos/pdi/pdi.php?pdi=5885
5179;MORENO GARCIA;MARIA INMACULADA;http://alojawebapps.us.es/centrosdptos/pdi/pdi.php?pdi=5179
5176;MORENO GONZALEZ;HELENA PATRICIA;http://alojawebapps.us.es/centrosdptos/pdi/pdi.php?pdi=5176
7160;MORENO GONZALEZ;MARIA AUXILIADORA;http://alojawebapps.us.es/centrosdptos/pdi/pdi.php?pdi=7160
9127;MORENO JIMENEZ;VICTOR;http://alojawebapps.us.es/centrosdptos/pdi/pdi.php?pdi=9127
17772;MORENO LEON;JESUS;http://alojawebapps.us.es/centrosdptos/pdi/pdi.php?pdi=17772
18400;MORENO LOBATO;ANA;http://alojawebapps.us.es/centrosdptos/pdi/pdi.php?pdi=18400
7076;MORENO MAESTRO;SUSANA;http://alojawebapps.us.es/centrosdptos/pdi/pdi.php?pdi=7076
11780;MORENO MALDONADO;MARÍA CONCEPCION;http://alojawebapps.us.es/centrosdptos/pdi/pdi.php?pdi=11780
3885;MORENO MARQUEZ;CESAR;http://alojawebapps.us.es/centrosdptos/pdi/pdi.php?pdi=3885
12305;MORENO MEGIAS;VIOLETA;http://alojawebapps.us.es/centrosdptos/pdi/pdi.php?pdi=12305
3884;MORENO MENENDEZ;ANA M;http://alojawebapps.us.es/centrosdptos/pdi/pdi.php?pdi=3884
7735;MORENO MORENO;ANTONIO MANUEL;http://alojawebapps.us.es/centrosdptos/pdi/pdi.php?pdi=7735
13237;MORENO MORILLA;CELIA;http://alojawebapps.us.es/centrosdptos/pdi/pdi.php?pdi=13237
65;MORENO MOZO;FERNANDO;http://alojawebapps.us.es/centrosdptos/pdi/pdi.php?pdi=65
16551;MORENO MUÑOZ;JESUS;http://alojawebapps.us.es/centrosdptos/pdi/pdi.php?pdi=16551
2746;MORENO NAVARRO;ISABEL MARIA;http://alojawebapps.us.es/centrosdptos/pdi/pdi.php?pdi=2746
5888;MORENO NAVARRO;JESUS GABRIEL;http://alojawebapps.us.es/centrosdptos/pdi/pdi.php?pdi=5888
4378;MORENO PACHECO;MARIA PILAR;http://alojawebapps.us.es/centrosdptos/pdi/pdi.php?pdi=4378
7085;MORENO PEDROSA;JOAQUIN;http://alojawebapps.us.es/centrosdptos/pdi/pdi.php?pdi=7085
5053;MORENO PEREZ;FRANCISCO JAVIER;http://alojawebapps.us.es/centrosdptos/pdi/pdi.php?pdi=5053
18289;MORENO PRIETO;JULIO DAVID;http://alojawebapps.us.es/centrosdptos/pdi/pdi.php?pdi=18289
6325;MORENO QUIROS;JUAN ANTONIO;http://alojawebapps.us.es/centrosdptos/pdi/pdi.php?pdi=6325
2680;MORENO RAMIREZ;DAVID;http://alojawebapps.us.es/centrosdptos/pdi/pdi.php?pdi=2680
8490;MORENO RANGEL;DAVID MANUEL;http://alojawebapps.us.es/centrosdptos/pdi/pdi.php?pdi=8490
5170;MORENO RODRIGUEZ;MARIA DEL CARMEN;http://alojawebapps.us.es/centrosdptos/pdi/pdi.php?pdi=5170
2345;MORENO ROJAS;JOSE;http://alojawebapps.us.es/centrosdptos/pdi/pdi.php?pdi=2345
10010;MORENO SANCHEZ-MORALEDA;ANA;http://alojawebapps.us.es/centrosdptos/pdi/pdi.php?pdi=10010
11559;MORENO TEJERA;SARA;http://alojawebapps.us.es/centrosdptos/pdi/pdi.php?pdi=11559
2576;MORENO TORAL;ESTEBAN;http://alojawebapps.us.es/centrosdptos/pdi/pdi.php?pdi=2576
15942;MORENO UREBA;ELENA;http://alojawebapps.us.es/centrosdptos/pdi/pdi.php?pdi=15942
4311;MORENO VARGAS;ANTONIO JOSE;http://alojawebapps.us.es/centrosdptos/pdi/pdi.php?pdi=4311
11711;MORENO VERDUGO;ANA;http://alojawebapps.us.es/centrosdptos/pdi/pdi.php?pdi=11711
3814;MORGADO CAMACHO;BEATRIZ MARIA;http://alojawebapps.us.es/centrosdptos/pdi/pdi.php?pdi=3814
8437;MORIANA ELVIRA;ALFONSO;http://alojawebapps.us.es/centrosdptos/pdi/pdi.php?pdi=8437
11842;MORICHE TIRADO;ROCIO;http://alojawebapps.us.es/centrosdptos/pdi/pdi.php?pdi=11842
14978;MORIES JIMENEZ;MARIA TERESA;http://alojawebapps.us.es/centrosdptos/pdi/pdi.php?pdi=14978
18273;MORILLA MAESTRE;ALVARO;http://alojawebapps.us.es/centrosdptos/pdi/pdi.php?pdi=18273
12962;MORILLA ROMERO DE LA OSA;RUBEN;http://alojawebapps.us.es/centrosdptos/pdi/pdi.php?pdi=12962
4143;MORILLO AGUADO;JOSE;http://alojawebapps.us.es/centrosdptos/pdi/pdi.php?pdi=4143
8168;MORILLO GALEOTE;DIEGO JERONIMO;http://alojawebapps.us.es/centrosdptos/pdi/pdi.php?pdi=8168
5080;MORILLO SANCHEZ;JOSE MARIA;http://alojawebapps.us.es/centrosdptos/pdi/pdi.php?pdi=5080
11263;MORILLO VERDUGO;RAMON ALEJANDRO;http://alojawebapps.us.es/centrosdptos/pdi/pdi.php?pdi=11263
7336;MORIÑA DIEZ;ANABEL;http://alojawebapps.us.es/centrosdptos/pdi/pdi.php?pdi=7336
6468;MORO MUÑOZ;ANTONIO MATIAS;http://alojawebapps.us.es/centrosdptos/pdi/pdi.php?pdi=6468
11812;MORON FERNANDEZ;MARIA JOSE;http://alojawebapps.us.es/centrosdptos/pdi/pdi.php?pdi=11812
12392;MORON MONGE;HORTENSIA;http://alojawebapps.us.es/centrosdptos/pdi/pdi.php?pdi=12392
5378;MORON ROMERO;MARIA DEL CARMEN;http://alojawebapps.us.es/centrosdptos/pdi/pdi.php?pdi=5378
9896;MORUNO GUILLERMO;LAURA;http://alojawebapps.us.es/centrosdptos/pdi/pdi.php?pdi=9896
13535;MOSHTAGHION ENTEZARI;BIBI MALMAL;http://alojawebapps.us.es/centrosdptos/pdi/pdi.php?pdi=13535
2822;MOSQUERA ADELL;EDUARDO;http://alojawebapps.us.es/centrosdptos/pdi/pdi.php?pdi=2822
16913;MOSQUERA PEREZ;REGINA MARIA;http://alojawebapps.us.es/centrosdptos/pdi/pdi.php?pdi=16913
2918;MOTILVA SANCHEZ;VIRGINIA;http://alojawebapps.us.es/centrosdptos/pdi/pdi.php?pdi=2918
11157;MOTRICO MARTINEZ;EMMA;http://alojawebapps.us.es/centrosdptos/pdi/pdi.php?pdi=11157
12739;MOVILLA HEREDIA;MARIA JOSE;http://alojawebapps.us.es/centrosdptos/pdi/pdi.php?pdi=12739
12373;MOYA GARCIA;CRISTINA;http://alojawebapps.us.es/centrosdptos/pdi/pdi.php?pdi=12373
17089;MOYA MACIAS;ISABEL ROCIO;http://alojawebapps.us.es/centrosdptos/pdi/pdi.php?pdi=17089
5391;MOYA MORAN;MARIA LUISA;http://alojawebapps.us.es/centrosdptos/pdi/pdi.php?pdi=5391
14808;MOYA MUÑOZ;JORGE;http://alojawebapps.us.es/centrosdptos/pdi/pdi.php?pdi=14808
2919;MOYANO CAMPOS;JUAN JOSE;http://alojawebapps.us.es/centrosdptos/pdi/pdi.php?pdi=2919
2577;MOYANO MENDEZ;JOSE RAMON;http://alojawebapps.us.es/centrosdptos/pdi/pdi.php?pdi=2577
17556;MOYANO MURILLO;JOSE MARIA;http://alojawebapps.us.es/centrosdptos/pdi/pdi.php?pdi=17556
18377;MOYANO TRUJILLO;SARA;http://alojawebapps.us.es/centrosdptos/pdi/pdi.php?pdi=18377
5892;MOZO GONZALEZ;MARIA CARMEN;http://alojawebapps.us.es/centrosdptos/pdi/pdi.php?pdi=5892
11717;MULA DOMINGUEZ;MARIA JESUS;http://alojawebapps.us.es/centrosdptos/pdi/pdi.php?pdi=11717
6994;MÜLLER CEJAS;CARLOS GUILLERMO;http://alojawebapps.us.es/centrosdptos/pdi/pdi.php?pdi=6994
3889;MUNDUATE JACA;MARIA LOURDES;http://alojawebapps.us.es/centrosdptos/pdi/pdi.php?pdi=3889
13515;MUÑIZ GUINEA;FERNANDO;http://alojawebapps.us.es/centrosdptos/pdi/pdi.php?pdi=13515
5018;MUÑIZ GUINEA;MANUEL ANTONIO;http://alojawebapps.us.es/centrosdptos/pdi/pdi.php?pdi=5018
10606;MUÑIZ JIMENEZ;JUAN;http://alojawebapps.us.es/centrosdptos/pdi/pdi.php?pdi=10606
14858;MUÑIZ RIVAS;MARÍA;http://alojawebapps.us.es/centrosdptos/pdi/pdi.php?pdi=14858
12728;MUÑIZ RODRIGUEZ;ANA MIRIAM;http://alojawebapps.us.es/centrosdptos/pdi/pdi.php?pdi=12728
7077;MUÑOZ CABELLO;ANA MARIA;http://alojawebapps.us.es/centrosdptos/pdi/pdi.php?pdi=7077
15104;MUÑOZ CADENAS;MANUEL ANTONIO;http://alojawebapps.us.es/centrosdptos/pdi/pdi.php?pdi=15104
3247;MUÑOZ CALLE;FRANCISCO JAVIER;http://alojawebapps.us.es/centrosdptos/pdi/pdi.php?pdi=3247
12116;MUÑOZ CATALAN;MARIA DE LA CINTA;http://alojawebapps.us.es/centrosdptos/pdi/pdi.php?pdi=12116
4308;MUÑOZ CENTENO;MARIA DE LA CRUZ;http://alojawebapps.us.es/centrosdptos/pdi/pdi.php?pdi=4308
5001;MUÑOZ CHAVERO;FERNANDO;http://alojawebapps.us.es/centrosdptos/pdi/pdi.php?pdi=5001
11070;MUÑOZ DE ESCALONA PAVON;JOSE MANUEL;http://alojawebapps.us.es/centrosdptos/pdi/pdi.php?pdi=11070
6841;MUÑOZ DE LA PEÑA SEQUEDO;DAVID;http://alojawebapps.us.es/centrosdptos/pdi/pdi.php?pdi=6841
17953;MUÑOZ DEL AGUILA;CRISTINA;http://alojawebapps.us.es/centrosdptos/pdi/pdi.php?pdi=17953
7051;MUÑOZ DEL AMO;AUREA;http://alojawebapps.us.es/centrosdptos/pdi/pdi.php?pdi=7051
14815;MUÑOZ DIAZ;MARIA LUISA;http://alojawebapps.us.es/centrosdptos/pdi/pdi.php?pdi=14815
3316;MUÑOZ FERNANDEZ;PURIFICACION;http://alojawebapps.us.es/centrosdptos/pdi/pdi.php?pdi=3316
12434;MUÑOZ FRANCO;GRANADA;http://alojawebapps.us.es/centrosdptos/pdi/pdi.php?pdi=12434
5194;MUÑOZ GARCIA;JOSE;http://alojawebapps.us.es/centrosdptos/pdi/pdi.php?pdi=5194
15479;MUÑOZ GARCIA;ROCIO;http://alojawebapps.us.es/centrosdptos/pdi/pdi.php?pdi=15479
14920;MUÑOZ GONZALEZ;MACARENA;http://alojawebapps.us.es/centrosdptos/pdi/pdi.php?pdi=14920
4138;MUÑOZ HERAS;MARIA DEL OLVIDO;http://alojawebapps.us.es/centrosdptos/pdi/pdi.php?pdi=4138
9029;MUÑOZ HERNANDEZ;ROCIO;http://alojawebapps.us.es/centrosdptos/pdi/pdi.php?pdi=9029
15402;MUÑOZ JIMENEZ;ALEJANDRO;http://alojawebapps.us.es/centrosdptos/pdi/pdi.php?pdi=15402
15461;MUÑOZ LLERENA;ANTONIO;http://alojawebapps.us.es/centrosdptos/pdi/pdi.php?pdi=15461
14370;MUÑOZ LOPEZ;ALEJANDRO;http://alojawebapps.us.es/centrosdptos/pdi/pdi.php?pdi=14370
10108;MUÑOZ MOLINA;JOSE ROMAN;http://alojawebapps.us.es/centrosdptos/pdi/pdi.php?pdi=10108
7063;MUÑOZ MORENO;SERGIO;http://alojawebapps.us.es/centrosdptos/pdi/pdi.php?pdi=7063
7653;MUÑOZ MUÑOZ;MARIA LOURDES;http://alojawebapps.us.es/centrosdptos/pdi/pdi.php?pdi=7653
13470;MUÑOZ MUÑOZ;NURIA MARIA;http://alojawebapps.us.es/centrosdptos/pdi/pdi.php?pdi=13470
13732;MUÑOZ NIETO;ENRIQUE;http://alojawebapps.us.es/centrosdptos/pdi/pdi.php?pdi=13732
3887;MUÑOZ PAEZ;ADELA;http://alojawebapps.us.es/centrosdptos/pdi/pdi.php?pdi=3887
2569;MUÑOZ PEREZ;MIGUEL ANGEL;http://alojawebapps.us.es/centrosdptos/pdi/pdi.php?pdi=2569
5191;MUÑOZ PICHARDO;JUAN MANUEL;http://alojawebapps.us.es/centrosdptos/pdi/pdi.php?pdi=5191
11900;MUÑOZ PINTO;MARIO FAUSTINO;http://alojawebapps.us.es/centrosdptos/pdi/pdi.php?pdi=11900
4139;MUÑOZ REDONDO;MANUEL;http://alojawebapps.us.es/centrosdptos/pdi/pdi.php?pdi=4139
3624;MUÑOZ REINOSO;JOSE CARLOS;http://alojawebapps.us.es/centrosdptos/pdi/pdi.php?pdi=3624
10483;MUÑOZ REJA MORENO;MARIA DEL MAR;http://alojawebapps.us.es/centrosdptos/pdi/pdi.php?pdi=10483
5188;MUÑOZ REYES;ANA MARIA;http://alojawebapps.us.es/centrosdptos/pdi/pdi.php?pdi=5188
2729;MUÑOZ RUBIO;ANA MARIA;http://alojawebapps.us.es/centrosdptos/pdi/pdi.php?pdi=2729
2850;MUÑOZ RUIZ;ANGEL JOSE;http://alojawebapps.us.es/centrosdptos/pdi/pdi.php?pdi=2850
15741;MUÑOZ SAAVEDRA;LUIS;http://alojawebapps.us.es/centrosdptos/pdi/pdi.php?pdi=15741
5745;MUÑOZ SAN MIGUEL;JESUS;http://alojawebapps.us.es/centrosdptos/pdi/pdi.php?pdi=5745
16944;MUÑOZ TEROL;JOSE MANUEL;http://alojawebapps.us.es/centrosdptos/pdi/pdi.php?pdi=16944
3862;MUÑOZ TINOCO;MARIA VICTORIA;http://alojawebapps.us.es/centrosdptos/pdi/pdi.php?pdi=3862
3627;MUÑOZ USABIAGA;MARIA ARANZAZU;http://alojawebapps.us.es/centrosdptos/pdi/pdi.php?pdi=3627
14880;MUÑOZ VALLES;SARA;http://alojawebapps.us.es/centrosdptos/pdi/pdi.php?pdi=14880
14292;MUNTANE RELAT;JORDI;http://alojawebapps.us.es/centrosdptos/pdi/pdi.php?pdi=14292
4981;MUNUERA MARTINEZ;PEDRO VICENTE;http://alojawebapps.us.es/centrosdptos/pdi/pdi.php?pdi=4981
5104;MUÑUZURI SANZ;JESUS;http://alojawebapps.us.es/centrosdptos/pdi/pdi.php?pdi=5104
7219;MURCIA SERRANO;INMACULADA;http://alojawebapps.us.es/centrosdptos/pdi/pdi.php?pdi=7219
9942;MURCIANO ROSADO;JUAN;http://alojawebapps.us.es/centrosdptos/pdi/pdi.php?pdi=9942
6479;MURDOCH;PIEDAD DEL SOCORRO;http://alojawebapps.us.es/centrosdptos/pdi/pdi.php?pdi=6479
11311;MURGA FERNANDEZ;JUAN PABLO;http://alojawebapps.us.es/centrosdptos/pdi/pdi.php?pdi=11311
4602;MURILLO DEL CASTILLO;MARIA CONCEPCION;http://alojawebapps.us.es/centrosdptos/pdi/pdi.php?pdi=4602
4872;MURILLO FUENTES;JUAN JOSE;http://alojawebapps.us.es/centrosdptos/pdi/pdi.php?pdi=4872
7103;MURO JIMENEZ;FERNANDO;http://alojawebapps.us.es/centrosdptos/pdi/pdi.php?pdi=7103
10082;NARANJO FERRARI;JOSE;http://alojawebapps.us.es/centrosdptos/pdi/pdi.php?pdi=10082
9245;NARANJO HERNANDEZ;DAVID;http://alojawebapps.us.es/centrosdptos/pdi/pdi.php?pdi=9245
14579;NARANJO PEREZ;JAVIER;http://alojawebapps.us.es/centrosdptos/pdi/pdi.php?pdi=14579
12357;NARANJO RIO-MIRANDA;BELEN;http://alojawebapps.us.es/centrosdptos/pdi/pdi.php?pdi=12357
11290;NARANJO ROMAN;MARIA ROSARIO;http://alojawebapps.us.es/centrosdptos/pdi/pdi.php?pdi=11290
4831;NARBONA REINA;GLADYS;http://alojawebapps.us.es/centrosdptos/pdi/pdi.php?pdi=4831
4479;NARVAEZ MACARRO;LUIS;http://alojawebapps.us.es/centrosdptos/pdi/pdi.php?pdi=4479
5005;NARVAEZ RODRIGUEZ;ROBERTO;http://alojawebapps.us.es/centrosdptos/pdi/pdi.php?pdi=5005
16510;NAVA ARQUILLO;BEGOÑA;http://alojawebapps.us.es/centrosdptos/pdi/pdi.php?pdi=16510
4887;NAVARRETE CARDERO;JOSE LUIS;http://alojawebapps.us.es/centrosdptos/pdi/pdi.php?pdi=4887
3973;NAVARRETE FRANCO;RICARDO;http://alojawebapps.us.es/centrosdptos/pdi/pdi.php?pdi=3973
3628;NAVARRETE RUBIA;BENITO;http://alojawebapps.us.es/centrosdptos/pdi/pdi.php?pdi=3628
7712;NAVARRETE-GALIANO RODRIGUEZ;RAMON;http://alojawebapps.us.es/centrosdptos/pdi/pdi.php?pdi=7712
5873;NAVARRO AMARO;SALVADOR;http://alojawebapps.us.es/centrosdptos/pdi/pdi.php?pdi=5873
11318;NAVARRO BARRANCO;CARLOS;http://alojawebapps.us.es/centrosdptos/pdi/pdi.php?pdi=11318
18081;NAVARRO CASTRO;MIGUEL;http://alojawebapps.us.es/centrosdptos/pdi/pdi.php?pdi=18081
12556;NAVARRO DE LA FUENTE;SANTIAGO;http://alojawebapps.us.es/centrosdptos/pdi/pdi.php?pdi=12556
14158;NAVARRO DE PABLOS;FRANCISCO JAVIER;http://alojawebapps.us.es/centrosdptos/pdi/pdi.php?pdi=14158
16624;NAVARRO FRANCO;IRENE;http://alojawebapps.us.es/centrosdptos/pdi/pdi.php?pdi=16624
2570;NAVARRO GARCIA;ANTONIO;http://alojawebapps.us.es/centrosdptos/pdi/pdi.php?pdi=2570
15926;NAVARRO GARCIA;MARIA VIRTUDES;http://alojawebapps.us.es/centrosdptos/pdi/pdi.php?pdi=15926
11631;NAVARRO GONZALEZ;EDUARDO;http://alojawebapps.us.es/centrosdptos/pdi/pdi.php?pdi=11631
16953;NAVARRO GONZALEZ;PAULA;http://alojawebapps.us.es/centrosdptos/pdi/pdi.php?pdi=16953
13733;NAVARRO GRANADOS;MARIA DEL CARMEN;http://alojawebapps.us.es/centrosdptos/pdi/pdi.php?pdi=13733
5744;NAVARRO LUNA;JAVIER;http://alojawebapps.us.es/centrosdptos/pdi/pdi.php?pdi=5744
12391;NAVARRO MEDINA;ELISA;http://alojawebapps.us.es/centrosdptos/pdi/pdi.php?pdi=12391
5050;NAVARRO MONTAÑO;MARIA JOSEFA;http://alojawebapps.us.es/centrosdptos/pdi/pdi.php?pdi=5050
4645;NAVARRO MORENO;JOSE ANTONIO;http://alojawebapps.us.es/centrosdptos/pdi/pdi.php?pdi=4645
18012;NAVARRO MORENO;NOELIA;http://alojawebapps.us.es/centrosdptos/pdi/pdi.php?pdi=18012
4968;NAVARRO PABLO;MACARENA;http://alojawebapps.us.es/centrosdptos/pdi/pdi.php?pdi=4968
3835;NAVARRO PANTOJO;SANTIAGO;http://alojawebapps.us.es/centrosdptos/pdi/pdi.php?pdi=3835
15080;NAVARRO PEREZ;CARMEN FLORES;http://alojawebapps.us.es/centrosdptos/pdi/pdi.php?pdi=15080
2790;NAVARRO PINTADO;CARLOS;http://alojawebapps.us.es/centrosdptos/pdi/pdi.php?pdi=2790
6304;NAVARRO REYES;JESUS;http://alojawebapps.us.es/centrosdptos/pdi/pdi.php?pdi=6304
5375;NAVARRO ROBLES;ALFREDO DE JESUS;http://alojawebapps.us.es/centrosdptos/pdi/pdi.php?pdi=5375
18025;NAVARRO TORRES;ANTONIO MATIAS;http://alojawebapps.us.es/centrosdptos/pdi/pdi.php?pdi=18025
13172;NAVAS HERRERA;SERGIO JESÚS;http://alojawebapps.us.es/centrosdptos/pdi/pdi.php?pdi=13172
10892;NECULA;IOANA GABRIELA;http://alojawebapps.us.es/centrosdptos/pdi/pdi.php?pdi=10892
7736;NEIRA AYUSO;PABLO;http://alojawebapps.us.es/centrosdptos/pdi/pdi.php?pdi=7736
6986;NEPOMUCENO CHAMORRO;ISABEL DE LOS ANGELES;http://alojawebapps.us.es/centrosdptos/pdi/pdi.php?pdi=6986
7667;NEPOMUCENO CHAMORRO;JUAN ANTONIO;http://alojawebapps.us.es/centrosdptos/pdi/pdi.php?pdi=7667
18060;NETH;OLAF WERNER;http://alojawebapps.us.es/centrosdptos/pdi/pdi.php?pdi=18060
10669;NICASIO JARAMILLO;MARIA CARMEN;http://alojawebapps.us.es/centrosdptos/pdi/pdi.php?pdi=10669
17297;NIETO CANTERO;JUAN;http://alojawebapps.us.es/centrosdptos/pdi/pdi.php?pdi=17297
14904;NIETO DIAZ DE LOS BERNARDOS;MARIA ISABEL;http://alojawebapps.us.es/centrosdptos/pdi/pdi.php?pdi=14904
11183;NIETO GONZALEZ;JOSE LUIS;http://alojawebapps.us.es/centrosdptos/pdi/pdi.php?pdi=11183
5389;NIETO GUTIERREZ;JOAQUIN JOSE;http://alojawebapps.us.es/centrosdptos/pdi/pdi.php?pdi=5389
4142;NIETO JULIAN;JUAN ENRIQUE;http://alojawebapps.us.es/centrosdptos/pdi/pdi.php?pdi=4142
15837;NIETO MARTIN;M DOLORES;http://alojawebapps.us.es/centrosdptos/pdi/pdi.php?pdi=15837
2922;NIETO NUÑO;MIGUEL;http://alojawebapps.us.es/centrosdptos/pdi/pdi.php?pdi=2922
5876;NIETO RUBIO;MARIA DEL PILAR;http://alojawebapps.us.es/centrosdptos/pdi/pdi.php?pdi=5876
3119;NIEVES PAVON;FRANCISCO JOSE;http://alojawebapps.us.es/centrosdptos/pdi/pdi.php?pdi=3119
9945;NILSSON;SUSANNA LOUISE;http://alojawebapps.us.es/centrosdptos/pdi/pdi.php?pdi=9945
18364;NISA AVILA;JAVIER ANTONIO;http://alojawebapps.us.es/centrosdptos/pdi/pdi.php?pdi=18364
10504;NOGALEDO GOMEZ;LAURA;http://alojawebapps.us.es/centrosdptos/pdi/pdi.php?pdi=10504
8545;NOGALES BUENO;FATIMA;http://alojawebapps.us.es/centrosdptos/pdi/pdi.php?pdi=8545
12853;NOGALES BUENO;JULIO;http://alojawebapps.us.es/centrosdptos/pdi/pdi.php?pdi=12853
5094;NOGALES CASTILLA;EVARISTO;http://alojawebapps.us.es/centrosdptos/pdi/pdi.php?pdi=5094
2688;NOGALES MUÑOZ;ANGEL LUIS;http://alojawebapps.us.es/centrosdptos/pdi/pdi.php?pdi=2688
17595;NOVOA HOYOS;AMALIA;http://alojawebapps.us.es/centrosdptos/pdi/pdi.php?pdi=17595
4642;NUÑEZ ABADES;PEDRO ANTONIO;http://alojawebapps.us.es/centrosdptos/pdi/pdi.php?pdi=4642
16300;NUÑEZ BAILA;MARIA DE LOS ANGELES;http://alojawebapps.us.es/centrosdptos/pdi/pdi.php?pdi=16300
2564;NUÑEZ CASTAÑO;ELENA;http://alojawebapps.us.es/centrosdptos/pdi/pdi.php?pdi=2564
10369;NUÑEZ DELGADO;ESTANISLAO;http://alojawebapps.us.es/centrosdptos/pdi/pdi.php?pdi=10369
3854;NUÑEZ DOMINGUEZ;TRINIDAD;http://alojawebapps.us.es/centrosdptos/pdi/pdi.php?pdi=3854
4940;NUÑEZ GAITAN;MARIA DEL CARMEN;http://alojawebapps.us.es/centrosdptos/pdi/pdi.php?pdi=4940
18415;NUÑEZ GARCIA;BEATRIZ;http://alojawebapps.us.es/centrosdptos/pdi/pdi.php?pdi=18415
2411;NUÑEZ GARCIA;CARMEN;http://alojawebapps.us.es/centrosdptos/pdi/pdi.php?pdi=2411
17970;NUÑEZ GARCIA;SARA;http://alojawebapps.us.es/centrosdptos/pdi/pdi.php?pdi=17970
12929;NUÑEZ GARCIA;VICTOR MANUEL;http://alojawebapps.us.es/centrosdptos/pdi/pdi.php?pdi=12929
16870;NUÑEZ GONZALEZ;MARIA;http://alojawebapps.us.es/centrosdptos/pdi/pdi.php?pdi=16870
3829;NUÑEZ HERNANDEZ;FERNANDO;http://alojawebapps.us.es/centrosdptos/pdi/pdi.php?pdi=3829
16914;NUÑEZ MARQUEZ;ENRIQUE;http://alojawebapps.us.es/centrosdptos/pdi/pdi.php?pdi=16914
6981;NUÑEZ REYES;AMPARO;http://alojawebapps.us.es/centrosdptos/pdi/pdi.php?pdi=6981
18265;NUÑEZ RIVERA;CLAUDIA;http://alojawebapps.us.es/centrosdptos/pdi/pdi.php?pdi=18265
7134;NUÑEZ ROMAN;FRANCISCO;http://alojawebapps.us.es/centrosdptos/pdi/pdi.php?pdi=7134
17628;NUÑEZ SANCHEZ;JUAN LUIS;http://alojawebapps.us.es/centrosdptos/pdi/pdi.php?pdi=17628
18396;NUÑEZ TAVORA;LUISA;http://alojawebapps.us.es/centrosdptos/pdi/pdi.php?pdi=18396
5861;NUÑEZ TORRADO;MIRIAM;http://alojawebapps.us.es/centrosdptos/pdi/pdi.php?pdi=5861
6578;OCAÑA CAMPOS;FRANCISCO MANUEL;http://alojawebapps.us.es/centrosdptos/pdi/pdi.php?pdi=6578
14202;OCAÑA ESCOLAR;LUIS;http://alojawebapps.us.es/centrosdptos/pdi/pdi.php?pdi=14202
4840;OCAÑA GONZALEZ;JUAN ANTONIO;http://alojawebapps.us.es/centrosdptos/pdi/pdi.php?pdi=4840
14917;OCETE PEREZ;RAFAEL FELIX;http://alojawebapps.us.es/centrosdptos/pdi/pdi.php?pdi=14917
11108;OCHOA CASTELEIRO;ANA;http://alojawebapps.us.es/centrosdptos/pdi/pdi.php?pdi=11108
2566;OCHOA DE RETANA GOMEZ URIBARRI;ANTONIO;http://alojawebapps.us.es/centrosdptos/pdi/pdi.php?pdi=2566
5365;ODRIOZOLA GORDON;JOSE ANTONIO;http://alojawebapps.us.es/centrosdptos/pdi/pdi.php?pdi=5365
11831;ODRIOZOLA LLORET;CARLOS PATRICIO;http://alojawebapps.us.es/centrosdptos/pdi/pdi.php?pdi=11831
10173;OJEDA GRANJA;JOAQUIN;http://alojawebapps.us.es/centrosdptos/pdi/pdi.php?pdi=10173
7093;OJEDA MURILLO;M LUISA;http://alojawebapps.us.es/centrosdptos/pdi/pdi.php?pdi=7093
13656;OJEDA PEREZ;MONICA;http://alojawebapps.us.es/centrosdptos/pdi/pdi.php?pdi=13656
12959;OJEDA SERVIAN;VALLE;http://alojawebapps.us.es/centrosdptos/pdi/pdi.php?pdi=12959
5383;OJEDA ZUJAR;JOSE;http://alojawebapps.us.es/centrosdptos/pdi/pdi.php?pdi=5383
41;OKITA;AYAMI;http://alojawebapps.us.es/centrosdptos/pdi/pdi.php?pdi=41
2565;OLALLA ACOSTA;MIGUEL ANGEL;http://alojawebapps.us.es/centrosdptos/pdi/pdi.php?pdi=2565
16679;OLBRICH;PETER;http://alojawebapps.us.es/centrosdptos/pdi/pdi.php?pdi=16679
13599;OLIVA CONTERO;JULIO;http://alojawebapps.us.es/centrosdptos/pdi/pdi.php?pdi=13599
6636;OLIVA HERRER;HIPOLITO RAFAEL;http://alojawebapps.us.es/centrosdptos/pdi/pdi.php?pdi=6636
8269;OLIVA PASCUAL-VACA;ANGEL;http://alojawebapps.us.es/centrosdptos/pdi/pdi.php?pdi=8269
12234;OLIVA PASCUAL-VACA;JESUS;http://alojawebapps.us.es/centrosdptos/pdi/pdi.php?pdi=12234
16213;OLIVA RAMIREZ;MANUEL;http://alojawebapps.us.es/centrosdptos/pdi/pdi.php?pdi=16213
16453;OLIVA RODRIGUEZ;LAURA;http://alojawebapps.us.es/centrosdptos/pdi/pdi.php?pdi=16453
13825;OLIVARES BAEZ;JULIO;http://alojawebapps.us.es/centrosdptos/pdi/pdi.php?pdi=13825
11956;OLIVARES GARCIA;FRANCISCO JOSE;http://alojawebapps.us.es/centrosdptos/pdi/pdi.php?pdi=11956
2920;OLIVER ALFONSO;MARIA DOLORES;http://alojawebapps.us.es/centrosdptos/pdi/pdi.php?pdi=2920
11816;OLIVER CORONADO;JUAN FRANCISCO;http://alojawebapps.us.es/centrosdptos/pdi/pdi.php?pdi=11816
10384;OLIVER ROMERO;MARIA;http://alojawebapps.us.es/centrosdptos/pdi/pdi.php?pdi=10384
3621;OLIVERES RIBAS;FERNANDO;http://alojawebapps.us.es/centrosdptos/pdi/pdi.php?pdi=3621
3622;OLIVERES RIBAS;JULIO;http://alojawebapps.us.es/centrosdptos/pdi/pdi.php?pdi=3622
14695;OLIVERO GONZALEZ;MIGUEL ANGEL;http://alojawebapps.us.es/centrosdptos/pdi/pdi.php?pdi=14695
9454;OLIVERO GUIDOBONO;SANDRA FABIANA;http://alojawebapps.us.es/centrosdptos/pdi/pdi.php?pdi=9454
2568;OLLERO MARQUEZ;FRANCISCO JAVIER;http://alojawebapps.us.es/centrosdptos/pdi/pdi.php?pdi=2568
8845;OLLOQUI SARIEGO;JOSE LUIS;http://alojawebapps.us.es/centrosdptos/pdi/pdi.php?pdi=8845
5878;OLMEDO FERNANDEZ;ELENA;http://alojawebapps.us.es/centrosdptos/pdi/pdi.php?pdi=5878
6758;OLMEDO LOPEZ;MARIA;http://alojawebapps.us.es/centrosdptos/pdi/pdi.php?pdi=6758
12888;OLMEDO OSUNA;LUCAS;http://alojawebapps.us.es/centrosdptos/pdi/pdi.php?pdi=12888
11603;OLMO FERNANDEZ;ALBERTO;http://alojawebapps.us.es/centrosdptos/pdi/pdi.php?pdi=11603
3965;ONIEVA GIMENEZ;LUIS GERARDO;http://alojawebapps.us.es/centrosdptos/pdi/pdi.php?pdi=3965
15510;OÑORBE BERNIS;JOSE;http://alojawebapps.us.es/centrosdptos/pdi/pdi.php?pdi=15510
17797;OPRESCU POPESCU;ANDREEA MADALINA;http://alojawebapps.us.es/centrosdptos/pdi/pdi.php?pdi=17797
2921;ORDOÑEZ AGULLA;SALVADOR;http://alojawebapps.us.es/centrosdptos/pdi/pdi.php?pdi=2921
3620;ORDOÑEZ GARCIA;JOSE;http://alojawebapps.us.es/centrosdptos/pdi/pdi.php?pdi=3620
2735;ORDOÑEZ MARTIN;MANUEL ARTURO;http://alojawebapps.us.es/centrosdptos/pdi/pdi.php?pdi=2735
7929;ORDOÑEZ SANCHEZ;MANUEL;http://alojawebapps.us.es/centrosdptos/pdi/pdi.php?pdi=7929
3346;ORDOÑEZ SIERRA;ROSARIO;http://alojawebapps.us.es/centrosdptos/pdi/pdi.php?pdi=3346
13975;ORELLANA MARTIN;DAVID;http://alojawebapps.us.es/centrosdptos/pdi/pdi.php?pdi=13975
8419;ORIA ORIA;ANA CINTA;http://alojawebapps.us.es/centrosdptos/pdi/pdi.php?pdi=8419
4893;ORIA SEGURA;MARIA DE LAS MERCEDES;http://alojawebapps.us.es/centrosdptos/pdi/pdi.php?pdi=4893
18250;ORNEDO MUÑOZ;MOISES;http://alojawebapps.us.es/centrosdptos/pdi/pdi.php?pdi=18250
10479;OROZCO VARO;ANA;http://alojawebapps.us.es/centrosdptos/pdi/pdi.php?pdi=10479
4137;OROZCO VERA;MARIA JESUS;http://alojawebapps.us.es/centrosdptos/pdi/pdi.php?pdi=4137
7690;ORTA CUEVAS;MARIA DEL MAR;http://alojawebapps.us.es/centrosdptos/pdi/pdi.php?pdi=7690
4486;ORTA PEREZ;MANUEL;http://alojawebapps.us.es/centrosdptos/pdi/pdi.php?pdi=4486
8426;ORTA VAZQUEZ;MANUEL LUIS;http://alojawebapps.us.es/centrosdptos/pdi/pdi.php?pdi=8426
5863;ORTEGA ALMAGRO;AURORA MARIA;http://alojawebapps.us.es/centrosdptos/pdi/pdi.php?pdi=5863
9068;ORTEGA CABALLERO;FERNANDO;http://alojawebapps.us.es/centrosdptos/pdi/pdi.php?pdi=9068
9384;ORTEGA FELIU;INES;http://alojawebapps.us.es/centrosdptos/pdi/pdi.php?pdi=9384
5865;ORTEGA GOMEZ;GUILLERMO;http://alojawebapps.us.es/centrosdptos/pdi/pdi.php?pdi=5865
2750;ORTEGA GUTIERREZ;JAIME;http://alojawebapps.us.es/centrosdptos/pdi/pdi.php?pdi=2750
4643;ORTEGA IRIZO;FRANCISCO JAVIER;http://alojawebapps.us.es/centrosdptos/pdi/pdi.php?pdi=4643
4379;ORTEGA LINARES;MANUEL GIL;http://alojawebapps.us.es/centrosdptos/pdi/pdi.php?pdi=4379
18302;ORTEGA MAÑEZ;MARIA JACINTA;http://alojawebapps.us.es/centrosdptos/pdi/pdi.php?pdi=18302
5393;ORTEGA RAMIREZ;JUAN ANTONIO;http://alojawebapps.us.es/centrosdptos/pdi/pdi.php?pdi=5393
3075;ORTEGA RIEJOS;FRANCISCO ALONSO;http://alojawebapps.us.es/centrosdptos/pdi/pdi.php?pdi=3075
3251;ORTEGA RIVERA;FRANCISCO JAVIER;http://alojawebapps.us.es/centrosdptos/pdi/pdi.php?pdi=3251
5394;ORTEGA RODAS;AMALIA;http://alojawebapps.us.es/centrosdptos/pdi/pdi.php?pdi=5394
7809;ORTEGA RODRIGUEZ;FRANCISCO JAVIER;http://alojawebapps.us.es/centrosdptos/pdi/pdi.php?pdi=7809
5867;ORTEGA RODRIGUEZ;JOSE MARIA;http://alojawebapps.us.es/centrosdptos/pdi/pdi.php?pdi=5867
4830;ORTEGA SAENZ;GRACIA PATRICIA;http://alojawebapps.us.es/centrosdptos/pdi/pdi.php?pdi=4830
2412;ORTI GONZALEZ;ANA MARIA;http://alojawebapps.us.es/centrosdptos/pdi/pdi.php?pdi=2412
17304;ORTIGOSA PEÑA;ANDRES;http://alojawebapps.us.es/centrosdptos/pdi/pdi.php?pdi=17304
2567;ORTIGUEIRA SANCHEZ;MANUEL;http://alojawebapps.us.es/centrosdptos/pdi/pdi.php?pdi=2567
2923;ORTIZ BALLESTEROS;PEDRO LUIS;http://alojawebapps.us.es/centrosdptos/pdi/pdi.php?pdi=2923
18385;ORTIZ CERDA;TAMARA;http://alojawebapps.us.es/centrosdptos/pdi/pdi.php?pdi=18385
3451;ORTIZ DE TENA;MARIA CARMEN;http://alojawebapps.us.es/centrosdptos/pdi/pdi.php?pdi=3451
3629;ORTIZ DE VILLATE ASTILLERO;CARLOS;http://alojawebapps.us.es/centrosdptos/pdi/pdi.php?pdi=3629
18258;ORTIZ DE VILLATE FERNANDEZ;CARLA;http://alojawebapps.us.es/centrosdptos/pdi/pdi.php?pdi=18258
15196;ORTIZ GARCIA;IVAN;http://alojawebapps.us.es/centrosdptos/pdi/pdi.php?pdi=15196
15007;ORTIZ GOMEZ;MARTA;http://alojawebapps.us.es/centrosdptos/pdi/pdi.php?pdi=15007
8041;ORTIZ HERRERA;MARIA ANGELES;http://alojawebapps.us.es/centrosdptos/pdi/pdi.php?pdi=8041
4668;ORTIZ MARIN;RAFAEL;http://alojawebapps.us.es/centrosdptos/pdi/pdi.php?pdi=4668
17037;ORTIZ MARTINEZ DE CARNERO;RAFAEL;http://alojawebapps.us.es/centrosdptos/pdi/pdi.php?pdi=17037
2405;ORTIZ MELLET;MARIA DEL CARMEN;http://alojawebapps.us.es/centrosdptos/pdi/pdi.php?pdi=2405
18363;ORTIZ MORALES;SAMUEL;http://alojawebapps.us.es/centrosdptos/pdi/pdi.php?pdi=18363
14682;ORTIZ ROMERO;MERCEDES;http://alojawebapps.us.es/centrosdptos/pdi/pdi.php?pdi=14682
16668;ORTIZ SANCHEZ;JOSE ANTONIO;http://alojawebapps.us.es/centrosdptos/pdi/pdi.php?pdi=16668
12160;OSTOS CALIANI;LORENA;http://alojawebapps.us.es/centrosdptos/pdi/pdi.php?pdi=12160
13377;OSTOS MARCOS;FRANCISCO JOSE;http://alojawebapps.us.es/centrosdptos/pdi/pdi.php?pdi=13377
5960;OSTOS PEREZ;NURIA;http://alojawebapps.us.es/centrosdptos/pdi/pdi.php?pdi=5960
5386;OSTOS SALCEDO;MARIA PILAR;http://alojawebapps.us.es/centrosdptos/pdi/pdi.php?pdi=5386
6316;OSTUA ARANGUENA;ENRIQUE;http://alojawebapps.us.es/centrosdptos/pdi/pdi.php?pdi=6316
7069;OSUNA CABEZAS;MARÍA JOSE;http://alojawebapps.us.es/centrosdptos/pdi/pdi.php?pdi=7069
2896;OSUNA GOMEZ;RAFAELA;http://alojawebapps.us.es/centrosdptos/pdi/pdi.php?pdi=2896
5370;OSUNA LUCENA;AMPARO;http://alojawebapps.us.es/centrosdptos/pdi/pdi.php?pdi=5370
3144;OTAL SALAVERRI;EMILIA;http://alojawebapps.us.es/centrosdptos/pdi/pdi.php?pdi=3144
13603;OTERO CANDELERA;REMEDIOS;http://alojawebapps.us.es/centrosdptos/pdi/pdi.php?pdi=13603
2246;OTERO TERRON;JOSE IGNACIO;http://alojawebapps.us.es/centrosdptos/pdi/pdi.php?pdi=2246
14891;OVIEDO CARO;MIGUEL ANGEL;http://alojawebapps.us.es/centrosdptos/pdi/pdi.php?pdi=14891
2404;OVIEDO GARCIA;MARIA DE LOS ANGELES;http://alojawebapps.us.es/centrosdptos/pdi/pdi.php?pdi=2404
5044;OVIEDO LOPEZ;JAIME;http://alojawebapps.us.es/centrosdptos/pdi/pdi.php?pdi=5044
10610;OVIEDO MORAL;ELENA MARIA;http://alojawebapps.us.es/centrosdptos/pdi/pdi.php?pdi=10610
5034;PABLO-ROMERO GIL-DELGADO;MARIA DEL POPULO;http://alojawebapps.us.es/centrosdptos/pdi/pdi.php?pdi=5034
7020;PABLO-ROMERO GIL-DELGADO;MARIA ROSARIO FATIMA;http://alojawebapps.us.es/centrosdptos/pdi/pdi.php?pdi=7020
17787;PABON CARRASCO;DANIEL;http://alojawebapps.us.es/centrosdptos/pdi/pdi.php?pdi=17787
14648;PABON CARRASCO;MANUEL;http://alojawebapps.us.es/centrosdptos/pdi/pdi.php?pdi=14648
11149;PACHECO CABALLERO;MARIA JESUS;http://alojawebapps.us.es/centrosdptos/pdi/pdi.php?pdi=11149
5095;PACHECO CAÑETE;MATILDE;http://alojawebapps.us.es/centrosdptos/pdi/pdi.php?pdi=5095
4296;PACHECO COSTA;ALEJANDRA;http://alojawebapps.us.es/centrosdptos/pdi/pdi.php?pdi=4296
17716;PACHECO JIMENEZ;LAURA;http://alojawebapps.us.es/centrosdptos/pdi/pdi.php?pdi=17716
16439;PACHECO RAMOS;GUILLERMO;http://alojawebapps.us.es/centrosdptos/pdi/pdi.php?pdi=16439
3143;PADILLA CARMONA;MARIA TERESA;http://alojawebapps.us.es/centrosdptos/pdi/pdi.php?pdi=3143
4267;PADILLA CRUZ;MANUEL;http://alojawebapps.us.es/centrosdptos/pdi/pdi.php?pdi=4267
13478;PADILLA HERRADA;MARIA SOLEDAD;http://alojawebapps.us.es/centrosdptos/pdi/pdi.php?pdi=13478
2595;PADILLA MUÑOZ;EVA MARIA;http://alojawebapps.us.es/centrosdptos/pdi/pdi.php?pdi=2595
14749;PADILLO EGUIA;ANDRES;http://alojawebapps.us.es/centrosdptos/pdi/pdi.php?pdi=14749
10193;PADILLO RUIZ;FRANCISCO JAVIER;http://alojawebapps.us.es/centrosdptos/pdi/pdi.php?pdi=10193
15445;PAEZ PAREJA;JOSE RAMON;http://alojawebapps.us.es/centrosdptos/pdi/pdi.php?pdi=15445
17616;PAILLACHO BOLAÑOS;LISBETH CATHIANA;http://alojawebapps.us.es/centrosdptos/pdi/pdi.php?pdi=17616
5183;PAJARES RUIZ;ANTONIO;http://alojawebapps.us.es/centrosdptos/pdi/pdi.php?pdi=5183
14222;PAJON LEYRA;IRENE;http://alojawebapps.us.es/centrosdptos/pdi/pdi.php?pdi=14222
6445;PAJUELO DOMINGUEZ;ELOISA;http://alojawebapps.us.es/centrosdptos/pdi/pdi.php?pdi=6445
12522;PAJUELO GALLEGO;ANTONIO;http://alojawebapps.us.es/centrosdptos/pdi/pdi.php?pdi=12522
2347;PALACIN SANCHEZ;MARIA JOSE;http://alojawebapps.us.es/centrosdptos/pdi/pdi.php?pdi=2347
15144;PALACIOS DIAZ;RAFAEL;http://alojawebapps.us.es/centrosdptos/pdi/pdi.php?pdi=15144
15008;PALACIOS RODRIGUEZ;ANTONIO DE PADUA;http://alojawebapps.us.es/centrosdptos/pdi/pdi.php?pdi=15008
12448;PALACIOS RODRIGUEZ;FATIMA;http://alojawebapps.us.es/centrosdptos/pdi/pdi.php?pdi=12448
17895;PALANCO CARDENAS;CARLOS;http://alojawebapps.us.es/centrosdptos/pdi/pdi.php?pdi=17895
18374;PALAZON CASCALES;BARTOLOME;http://alojawebapps.us.es/centrosdptos/pdi/pdi.php?pdi=18374
2346;PALENQUE SANCHEZ;MARTA;http://alojawebapps.us.es/centrosdptos/pdi/pdi.php?pdi=2346
5954;PALMA CEBALLOS;MIRIAM;http://alojawebapps.us.es/centrosdptos/pdi/pdi.php?pdi=5954
13359;PALMA CHAZARRA;LUHE;http://alojawebapps.us.es/centrosdptos/pdi/pdi.php?pdi=13359
2846;PALMA MARTOS;LUIS ANTONIO;http://alojawebapps.us.es/centrosdptos/pdi/pdi.php?pdi=2846
5167;PALMA MARTOS;MARIA LUISA;http://alojawebapps.us.es/centrosdptos/pdi/pdi.php?pdi=5167
2344;PALMERO ACEBEDO;FAUSTINO;http://alojawebapps.us.es/centrosdptos/pdi/pdi.php?pdi=2344
18157;PALMERO DELGADO;MARIO;http://alojawebapps.us.es/centrosdptos/pdi/pdi.php?pdi=18157
9071;PALOMA CASTRO;VIRGINIA;http://alojawebapps.us.es/centrosdptos/pdi/pdi.php?pdi=9071
18314;PALOMARES BRAVO;JESUS;http://alojawebapps.us.es/centrosdptos/pdi/pdi.php?pdi=18314
2280;PALOMINO GONZALEZ;FELIPE;http://alojawebapps.us.es/centrosdptos/pdi/pdi.php?pdi=2280
15591;PALOMO AMORES;TERESA ROCIO;http://alojawebapps.us.es/centrosdptos/pdi/pdi.php?pdi=15591
18297;PALOMO OSUNA;JENIFER;http://alojawebapps.us.es/centrosdptos/pdi/pdi.php?pdi=18297
4999;PALOMO PINTO;FRANCISCO ROGELIO;http://alojawebapps.us.es/centrosdptos/pdi/pdi.php?pdi=4999
3142;PALOMO REINA;JUAN ANTONIO;http://alojawebapps.us.es/centrosdptos/pdi/pdi.php?pdi=3142
5090;PALOMO TOUCEDO;INMACULADA CONCEPCION;http://alojawebapps.us.es/centrosdptos/pdi/pdi.php?pdi=5090
7027;PALOMO VAZQUEZ;BERNARDO;http://alojawebapps.us.es/centrosdptos/pdi/pdi.php?pdi=7027
14675;PALOS SANCHEZ;PEDRO RAMIRO;http://alojawebapps.us.es/centrosdptos/pdi/pdi.php?pdi=14675
17816;PANEA FERNANDEZ;JOSE LUIS;http://alojawebapps.us.es/centrosdptos/pdi/pdi.php?pdi=17816
5952;PANEA MARQUEZ;JOSE MANUEL;http://alojawebapps.us.es/centrosdptos/pdi/pdi.php?pdi=5952
18450;PANEQUE CARMONA;MARINA CONCEPCION;http://alojawebapps.us.es/centrosdptos/pdi/pdi.php?pdi=18450
4665;PANEQUE MACIAS;CARLOS MANUEL;http://alojawebapps.us.es/centrosdptos/pdi/pdi.php?pdi=4665
5951;PANEQUE MACIAS;PATRICIA ISABEL;http://alojawebapps.us.es/centrosdptos/pdi/pdi.php?pdi=5951
14268;PANEQUE SANCHEZ-TOSCANO;INMACULADA;http://alojawebapps.us.es/centrosdptos/pdi/pdi.php?pdi=14268
9856;PANERA RICO;ENRIQUE;http://alojawebapps.us.es/centrosdptos/pdi/pdi.php?pdi=9856
12855;PANIAGUA INFANTES;CARMEN ELISA;http://alojawebapps.us.es/centrosdptos/pdi/pdi.php?pdi=12855
15548;PANIAGUA MONROBEL;MARIA MERCEDES;http://alojawebapps.us.es/centrosdptos/pdi/pdi.php?pdi=15548
14098;PARAMO BALSA;PAULA;http://alojawebapps.us.es/centrosdptos/pdi/pdi.php?pdi=14098
16630;PARASIO SOBREIRA DE SOUZA;DANIEL;http://alojawebapps.us.es/centrosdptos/pdi/pdi.php?pdi=16630
6685;PARDAL REDONDO;RICARDO;http://alojawebapps.us.es/centrosdptos/pdi/pdi.php?pdi=6685
18284;PAREDES PARRILLA;ANGEL;http://alojawebapps.us.es/centrosdptos/pdi/pdi.php?pdi=18284
14330;PAREJA CIURO;FELIPE;http://alojawebapps.us.es/centrosdptos/pdi/pdi.php?pdi=14330
17583;PAREJA PAREJA;GERMAN;http://alojawebapps.us.es/centrosdptos/pdi/pdi.php?pdi=17583
8897;PAREJO FERNANDEZ;JOSE ANTONIO;http://alojawebapps.us.es/centrosdptos/pdi/pdi.php?pdi=8897
8875;PAREJO MAESTRE;JOSÉ ANTONIO;http://alojawebapps.us.es/centrosdptos/pdi/pdi.php?pdi=8875
13273;PAREJO MATOS;ANTONIO;http://alojawebapps.us.es/centrosdptos/pdi/pdi.php?pdi=13273
5950;PARRA BAÑON;JOSE JOAQUIN;http://alojawebapps.us.es/centrosdptos/pdi/pdi.php?pdi=5950
5160;PARRA FERNANDEZ;MARIA DEL PILAR;http://alojawebapps.us.es/centrosdptos/pdi/pdi.php?pdi=5160
2277;PARRA JIMENEZ;AGUEDA;http://alojawebapps.us.es/centrosdptos/pdi/pdi.php?pdi=2277
4347;PARRA MARTIN;RAQUEL;http://alojawebapps.us.es/centrosdptos/pdi/pdi.php?pdi=4347
10468;PARRA MEMBRIVES;PABLO;http://alojawebapps.us.es/centrosdptos/pdi/pdi.php?pdi=10468
13148;PARRA RUIZ;GINES MIGUEL;http://alojawebapps.us.es/centrosdptos/pdi/pdi.php?pdi=13148
5026;PARRADO RUBIO;JUAN;http://alojawebapps.us.es/centrosdptos/pdi/pdi.php?pdi=5026
15212;PARTIDO NAVADIJO;MANUEL;http://alojawebapps.us.es/centrosdptos/pdi/pdi.php?pdi=15212
9002;PASCUAL DE LA PISA;BEATRIZ;http://alojawebapps.us.es/centrosdptos/pdi/pdi.php?pdi=9002
5157;PASCUAL HERNANDEZ;ALVARO;http://alojawebapps.us.es/centrosdptos/pdi/pdi.php?pdi=5157
17758;PASCUAL MARTIN;MARIA ISABEL;http://alojawebapps.us.es/centrosdptos/pdi/pdi.php?pdi=17758
16886;PASCUAL SANCHEZ;JOSE ANTONIO;http://alojawebapps.us.es/centrosdptos/pdi/pdi.php?pdi=16886
4804;PASTOR CARRILLO;NURIA MARIA;http://alojawebapps.us.es/centrosdptos/pdi/pdi.php?pdi=4804
17668;PASTOR DORADO;FRANCISCO;http://alojawebapps.us.es/centrosdptos/pdi/pdi.php?pdi=17668
5948;PASTOR LORO;ANGEL MANUEL;http://alojawebapps.us.es/centrosdptos/pdi/pdi.php?pdi=5948
4361;PASTOR NAVARRO;ANTONIO;http://alojawebapps.us.es/centrosdptos/pdi/pdi.php?pdi=4361
2593;PASTOR PEREZ;MIGUEL ANTONIO;http://alojawebapps.us.es/centrosdptos/pdi/pdi.php?pdi=2593
2591;PATIÑO RODRIGUEZ;DAVID;http://alojawebapps.us.es/centrosdptos/pdi/pdi.php?pdi=2591
9265;PATON BORJA;ALICIA;http://alojawebapps.us.es/centrosdptos/pdi/pdi.php?pdi=9265
17980;PATROCINIO POLO;HUGO;http://alojawebapps.us.es/centrosdptos/pdi/pdi.php?pdi=17980
8442;PAUL ESCOLANO;ANTONIO GABRIEL;http://alojawebapps.us.es/centrosdptos/pdi/pdi.php?pdi=8442
4398;PAUL ESCOLANO;PEDRO JOSE;http://alojawebapps.us.es/centrosdptos/pdi/pdi.php?pdi=4398
7355;PAVON GONZALEZ;ESPERANZA;http://alojawebapps.us.es/centrosdptos/pdi/pdi.php?pdi=7355
5040;PAVON TORREJON;GUILLERMO;http://alojawebapps.us.es/centrosdptos/pdi/pdi.php?pdi=5040
9066;PAVON TORREJON;PILAR;http://alojawebapps.us.es/centrosdptos/pdi/pdi.php?pdi=9066
5168;PAYAN SOMET;FRANCISCO JAVIER;http://alojawebapps.us.es/centrosdptos/pdi/pdi.php?pdi=5168
13369;PAZ AMERIGO;MARIA DE;http://alojawebapps.us.es/centrosdptos/pdi/pdi.php?pdi=13369
3278;PAZ VICENTE;RAFAEL;http://alojawebapps.us.es/centrosdptos/pdi/pdi.php?pdi=3278
2590;PAZOS CASADO;MANUEL LUIS;http://alojawebapps.us.es/centrosdptos/pdi/pdi.php?pdi=2590
18329;PECELLIN MARCHENA;ROBERTO CARLOS;http://alojawebapps.us.es/centrosdptos/pdi/pdi.php?pdi=18329
5949;PEDREGAL MATEOS;BELEN;http://alojawebapps.us.es/centrosdptos/pdi/pdi.php?pdi=5949
13227;PEDROSA GONZALEZ;JUAN;http://alojawebapps.us.es/centrosdptos/pdi/pdi.php?pdi=13227
16631;PEGADO BARDAYO;ANA;http://alojawebapps.us.es/centrosdptos/pdi/pdi.php?pdi=16631
2720;PEINADO ELLIOT;CARLOS FERNANDO;http://alojawebapps.us.es/centrosdptos/pdi/pdi.php?pdi=2720
8340;PELAEZ ROMERO;GUILLERMO;http://alojawebapps.us.es/centrosdptos/pdi/pdi.php?pdi=8340
8383;PELEGRIN RODRIGUEZ;MARTA;http://alojawebapps.us.es/centrosdptos/pdi/pdi.php?pdi=8383
10063;PELOSO;RICCARDO;http://alojawebapps.us.es/centrosdptos/pdi/pdi.php?pdi=10063
4263;PEÑA ALGABA;CAROLINA;http://alojawebapps.us.es/centrosdptos/pdi/pdi.php?pdi=4263
4340;PEÑA CACERES;MARIA INMACULADA;http://alojawebapps.us.es/centrosdptos/pdi/pdi.php?pdi=4340
10696;PEÑA SALINAS;MARTA;http://alojawebapps.us.es/centrosdptos/pdi/pdi.php?pdi=10696
3819;PEÑA SILES;JOAQUIN;http://alojawebapps.us.es/centrosdptos/pdi/pdi.php?pdi=3819
11810;PEÑA VINCES;JESUS DEL CARMEN;http://alojawebapps.us.es/centrosdptos/pdi/pdi.php?pdi=11810
11378;PEÑATE SALAS;XENIA;http://alojawebapps.us.es/centrosdptos/pdi/pdi.php?pdi=11378
8964;PENKOVA;ANNA DIMITROVA;http://alojawebapps.us.es/centrosdptos/pdi/pdi.php?pdi=8964
9746;PERAL GUTIERREZ-CEBALLOS;ENRIQUE;http://alojawebapps.us.es/centrosdptos/pdi/pdi.php?pdi=9746
3339;PERAL LOPEZ;JOSE FRANCISCO;http://alojawebapps.us.es/centrosdptos/pdi/pdi.php?pdi=3339
4164;PERAL PERAL;BEGOÑA;http://alojawebapps.us.es/centrosdptos/pdi/pdi.php?pdi=4164
3139;PERAL RUBIO;MARIA JOSE;http://alojawebapps.us.es/centrosdptos/pdi/pdi.php?pdi=3139
3584;PERALES ESTEVE;MANUEL ANGEL;http://alojawebapps.us.es/centrosdptos/pdi/pdi.php?pdi=3584
11809;PERALTA ALVAREZ;MARIA ESTELA;http://alojawebapps.us.es/centrosdptos/pdi/pdi.php?pdi=11809
16632;PERALTA CALVILLO;JAVIER;http://alojawebapps.us.es/centrosdptos/pdi/pdi.php?pdi=16632
13743;PERALTA LOPEZ;EULALIA;http://alojawebapps.us.es/centrosdptos/pdi/pdi.php?pdi=13743
9647;PERDIGONES SANCHEZ;FRANCISCO ANTONIO;http://alojawebapps.us.es/centrosdptos/pdi/pdi.php?pdi=9647
17508;PEREA GONZALEZ;MARIA ISABEL;http://alojawebapps.us.es/centrosdptos/pdi/pdi.php?pdi=17508
8836;PEREA ORTEGA;ANTONIO JOSE;http://alojawebapps.us.es/centrosdptos/pdi/pdi.php?pdi=8836
10710;PEREA ORTEGA;MARIA DE LOS ANGELES;http://alojawebapps.us.es/centrosdptos/pdi/pdi.php?pdi=10710
3771;PEREA ROJAS-MARCOS;FEDERICO;http://alojawebapps.us.es/centrosdptos/pdi/pdi.php?pdi=3771
4879;PEREA TORRES;FRANCISCO;http://alojawebapps.us.es/centrosdptos/pdi/pdi.php?pdi=4879
14922;PEREIRA CUNILL;JOSÉ LUIS;http://alojawebapps.us.es/centrosdptos/pdi/pdi.php?pdi=14922
11036;PEREIRA DELGADO;ERNESTO;http://alojawebapps.us.es/centrosdptos/pdi/pdi.php?pdi=11036
13027;PEREJON PAZO;ANTONIO;http://alojawebapps.us.es/centrosdptos/pdi/pdi.php?pdi=13027
8553;PEREÑIGUEZ RODRIGUEZ;ROSA MARIA;http://alojawebapps.us.es/centrosdptos/pdi/pdi.php?pdi=8553
9512;PERERA RODRIGUEZ;VICTOR HUGO;http://alojawebapps.us.es/centrosdptos/pdi/pdi.php?pdi=9512
15852;PEREYRA RODRIGUEZ;JOSE JUAN;http://alojawebapps.us.es/centrosdptos/pdi/pdi.php?pdi=15852
5942;PEREZ ANDRES;ANTONIO ALFONSO;http://alojawebapps.us.es/centrosdptos/pdi/pdi.php?pdi=5942
10954;PEREZ ANDRES;ELOISA;http://alojawebapps.us.es/centrosdptos/pdi/pdi.php?pdi=10954
13152;PEREZ BELLOSO;ANA JUANA;http://alojawebapps.us.es/centrosdptos/pdi/pdi.php?pdi=13152
4909;PEREZ BERNAL;JUAN LUIS;http://alojawebapps.us.es/centrosdptos/pdi/pdi.php?pdi=4909
18200;PEREZ BLANCO;FRANCISCO JAVIER;http://alojawebapps.us.es/centrosdptos/pdi/pdi.php?pdi=18200
12375;PEREZ CABELLO;ANA MARIA;http://alojawebapps.us.es/centrosdptos/pdi/pdi.php?pdi=12375
18350;PEREZ CALAÑAS;CINTA;http://alojawebapps.us.es/centrosdptos/pdi/pdi.php?pdi=18350
2862;PEREZ CANO;MARIA TERESA;http://alojawebapps.us.es/centrosdptos/pdi/pdi.php?pdi=2862
11293;PEREZ CARRASCO;JOSE ANTONIO;http://alojawebapps.us.es/centrosdptos/pdi/pdi.php?pdi=11293
2588;PEREZ CASTELLANOS;JOSE ANTONIO;http://alojawebapps.us.es/centrosdptos/pdi/pdi.php?pdi=2588
4943;PEREZ CASTIÑEIRA;JOSE ROMAN;http://alojawebapps.us.es/centrosdptos/pdi/pdi.php?pdi=4943
3891;PEREZ CORDOBA;EUGENIO ANTONIO;http://alojawebapps.us.es/centrosdptos/pdi/pdi.php?pdi=3891
8380;PEREZ CURIEL;CONCEPCION;http://alojawebapps.us.es/centrosdptos/pdi/pdi.php?pdi=8380
12544;PEREZ DE ALGABA CHICANO;CRISTINA;http://alojawebapps.us.es/centrosdptos/pdi/pdi.php?pdi=12544
13183;PEREZ DE LEON SERRANO;JOSE ANTONIO;http://alojawebapps.us.es/centrosdptos/pdi/pdi.php?pdi=13183
5933;PEREZ DEL PRADO;MERCEDES;http://alojawebapps.us.es/centrosdptos/pdi/pdi.php?pdi=5933
8487;PEREZ FERNANDEZ;PEDRO;http://alojawebapps.us.es/centrosdptos/pdi/pdi.php?pdi=8487
17990;PEREZ GALERA;SALVADOR IGNACIO;http://alojawebapps.us.es/centrosdptos/pdi/pdi.php?pdi=17990
3649;PEREZ GALVEZ;FILOMENA;http://alojawebapps.us.es/centrosdptos/pdi/pdi.php?pdi=3649
4419;PEREZ GARCIA;FRANCISCO;http://alojawebapps.us.es/centrosdptos/pdi/pdi.php?pdi=4419
16347;PEREZ GARCIA;LUCIA;http://alojawebapps.us.es/centrosdptos/pdi/pdi.php?pdi=16347
4092;PEREZ GARCIA;MARIA DEL ROSARIO;http://alojawebapps.us.es/centrosdptos/pdi/pdi.php?pdi=4092
12932;PEREZ GARCIA;PABLO;http://alojawebapps.us.es/centrosdptos/pdi/pdi.php?pdi=12932
8884;PEREZ GARCIA;RAFAEL MAURICIO;http://alojawebapps.us.es/centrosdptos/pdi/pdi.php?pdi=8884
4339;PEREZ GIL;AMALIA;http://alojawebapps.us.es/centrosdptos/pdi/pdi.php?pdi=4339
10805;PEREZ GOMEZ;MIGUEL ANGEL;http://alojawebapps.us.es/centrosdptos/pdi/pdi.php?pdi=10805
17948;PEREZ GONZALEZ;LUZ MARIA;http://alojawebapps.us.es/centrosdptos/pdi/pdi.php?pdi=17948
9178;PEREZ GONZALEZ;PAZ;http://alojawebapps.us.es/centrosdptos/pdi/pdi.php?pdi=9178
16488;PEREZ GONZALVEZ;CESAR;http://alojawebapps.us.es/centrosdptos/pdi/pdi.php?pdi=16488
14455;PEREZ GORDILLO;MARIA EUGENIA;http://alojawebapps.us.es/centrosdptos/pdi/pdi.php?pdi=14455
5072;PEREZ GUERRERO;MARIA CONCEPCION;http://alojawebapps.us.es/centrosdptos/pdi/pdi.php?pdi=5072
12162;PEREZ GUERRERO;VICENTE MIGUEL;http://alojawebapps.us.es/centrosdptos/pdi/pdi.php?pdi=12162
8847;PEREZ GUTIERREZ;JOSE RAMON;http://alojawebapps.us.es/centrosdptos/pdi/pdi.php?pdi=8847
4663;PEREZ HIDALGO;MARIA DOLORES;http://alojawebapps.us.es/centrosdptos/pdi/pdi.php?pdi=4663
8887;PEREZ HURTADO DE MENDOZA;IGNACIO;http://alojawebapps.us.es/centrosdptos/pdi/pdi.php?pdi=8887
5209;PEREZ IZQUIERDO;ALBERTO TOMAS;http://alojawebapps.us.es/centrosdptos/pdi/pdi.php?pdi=5209
17084;PEREZ JARA;JAVIER;http://alojawebapps.us.es/centrosdptos/pdi/pdi.php?pdi=17084
8709;PEREZ JAUREGUI;MARIA JESUS;http://alojawebapps.us.es/centrosdptos/pdi/pdi.php?pdi=8709
15835;PEREZ JIMENEZ;JOSE MIGUEL;http://alojawebapps.us.es/centrosdptos/pdi/pdi.php?pdi=15835
17729;PEREZ LEON;VICTOR ERNESTO;http://alojawebapps.us.es/centrosdptos/pdi/pdi.php?pdi=17729
2261;PEREZ LOPEZ;AURORA VIRGINIA;http://alojawebapps.us.es/centrosdptos/pdi/pdi.php?pdi=2261
5937;PEREZ LOPEZ;JOSE ANGEL;http://alojawebapps.us.es/centrosdptos/pdi/pdi.php?pdi=5937
3135;PEREZ LOPEZ;MARIA DEL CARMEN;http://alojawebapps.us.es/centrosdptos/pdi/pdi.php?pdi=3135
17667;PEREZ MARCOS;MOISES;http://alojawebapps.us.es/centrosdptos/pdi/pdi.php?pdi=17667
5936;PEREZ MARIN;MARIA ANGELES;http://alojawebapps.us.es/centrosdptos/pdi/pdi.php?pdi=5936
2290;PEREZ MARTINEZ;JOSE IGNACIO;http://alojawebapps.us.es/centrosdptos/pdi/pdi.php?pdi=2290
16554;PEREZ MARTINEZ;MARTA;http://alojawebapps.us.es/centrosdptos/pdi/pdi.php?pdi=16554
12374;PEREZ MIRA;VENTURA;http://alojawebapps.us.es/centrosdptos/pdi/pdi.php?pdi=12374
8485;PEREZ MONTAÑO;FRANCISCO DE ASIS;http://alojawebapps.us.es/centrosdptos/pdi/pdi.php?pdi=8485
16633;PEREZ MORENO;JUAN JOSE;http://alojawebapps.us.es/centrosdptos/pdi/pdi.php?pdi=16633
16532;PEREZ MUÑOZ;ANA MARIA;http://alojawebapps.us.es/centrosdptos/pdi/pdi.php?pdi=16532
4368;PEREZ MUÑOZ;JOSE MANUEL;http://alojawebapps.us.es/centrosdptos/pdi/pdi.php?pdi=4368
17991;PEREZ PASTOR;ANGELES;http://alojawebapps.us.es/centrosdptos/pdi/pdi.php?pdi=17991
5935;PEREZ PEDRAZA;JUAN CARLOS;http://alojawebapps.us.es/centrosdptos/pdi/pdi.php?pdi=5935
17604;PEREZ PEÑA;ANTONIO MANUEL;http://alojawebapps.us.es/centrosdptos/pdi/pdi.php?pdi=17604
18315;PEREZ PERDOMO;EDUARDO;http://alojawebapps.us.es/centrosdptos/pdi/pdi.php?pdi=18315
10401;PEREZ PEREZ;ANTONIO;http://alojawebapps.us.es/centrosdptos/pdi/pdi.php?pdi=10401
5133;PEREZ PEREZ;CONCEPCION;http://alojawebapps.us.es/centrosdptos/pdi/pdi.php?pdi=5133
15359;PEREZ PEREZ;M TERESA;http://alojawebapps.us.es/centrosdptos/pdi/pdi.php?pdi=15359
18286;PEREZ PEREZ;MANUEL;http://alojawebapps.us.es/centrosdptos/pdi/pdi.php?pdi=18286
11801;PEREZ PICON;MARIA;http://alojawebapps.us.es/centrosdptos/pdi/pdi.php?pdi=11801
15623;PEREZ PIÑA;SALVADOR;http://alojawebapps.us.es/centrosdptos/pdi/pdi.php?pdi=15623
13378;PEREZ PUYANA;VICTOR MANUEL;http://alojawebapps.us.es/centrosdptos/pdi/pdi.php?pdi=13378
5932;PEREZ RAMIREZ;BARTOLOME;http://alojawebapps.us.es/centrosdptos/pdi/pdi.php?pdi=5932
18155;PEREZ RODRIGUEZ;FERNANDO;http://alojawebapps.us.es/centrosdptos/pdi/pdi.php?pdi=18155
8218;PEREZ RODRIGUEZ;JUAN NICOLAS;http://alojawebapps.us.es/centrosdptos/pdi/pdi.php?pdi=8218
14103;PEREZ RODRIGUEZ;NOELIA;http://alojawebapps.us.es/centrosdptos/pdi/pdi.php?pdi=14103
3357;PEREZ ROMERO;ANTONIO MIGUEL;http://alojawebapps.us.es/centrosdptos/pdi/pdi.php?pdi=3357
9301;PEREZ ROMERO;LUIS FELIPE;http://alojawebapps.us.es/centrosdptos/pdi/pdi.php?pdi=9301
11796;PEREZ RUIZ;JUAN MANUEL;http://alojawebapps.us.es/centrosdptos/pdi/pdi.php?pdi=11796
8233;PEREZ RUIZ;MANUEL;http://alojawebapps.us.es/centrosdptos/pdi/pdi.php?pdi=8233
3134;PEREZ SABORID SANCHEZ  PASTOR;MIGUEL;http://alojawebapps.us.es/centrosdptos/pdi/pdi.php?pdi=3134
18346;PEREZ SALGADO;MARIA;http://alojawebapps.us.es/centrosdptos/pdi/pdi.php?pdi=18346
5931;PEREZ SAN GREGORIO;MARIA DE LOS ANGELES;http://alojawebapps.us.es/centrosdptos/pdi/pdi.php?pdi=5931
12568;PEREZ SIMON;JOSE ANTONIO;http://alojawebapps.us.es/centrosdptos/pdi/pdi.php?pdi=12568
10325;PEREZ SORIANO;EVA MARIA;http://alojawebapps.us.es/centrosdptos/pdi/pdi.php?pdi=10325
12696;PEREZ SUAREZ;MACARENA;http://alojawebapps.us.es/centrosdptos/pdi/pdi.php?pdi=12696
16722;PEREZ TEMPRANO;JAVIER;http://alojawebapps.us.es/centrosdptos/pdi/pdi.php?pdi=16722
8088;PEREZ URRESTARAZU;LUIS;http://alojawebapps.us.es/centrosdptos/pdi/pdi.php?pdi=8088
14946;PEREZ VALDIVIA;MIGUEL ANGEL;http://alojawebapps.us.es/centrosdptos/pdi/pdi.php?pdi=14946
5008;PEREZ VEGA-LEAL;ALFREDO;http://alojawebapps.us.es/centrosdptos/pdi/pdi.php?pdi=5008
13722;PEREZ-CEREZAL MORENO;MANUEL;http://alojawebapps.us.es/centrosdptos/pdi/pdi.php?pdi=13722
4939;PEREZ-LOMBARD MARTIN DE OLIVA;LUIS;http://alojawebapps.us.es/centrosdptos/pdi/pdi.php?pdi=4939
11054;PEREZ-LUÑO ROBLEDO;ENRIQUE CESAR;http://alojawebapps.us.es/centrosdptos/pdi/pdi.php?pdi=11054
12707;PERIAÑEZ BOLAÑO;IVAN;http://alojawebapps.us.es/centrosdptos/pdi/pdi.php?pdi=12707
3648;PERIAÑEZ RODRIGUEZ;RAUL;http://alojawebapps.us.es/centrosdptos/pdi/pdi.php?pdi=3648
13413;PERNIA LEAL;MANUEL;http://alojawebapps.us.es/centrosdptos/pdi/pdi.php?pdi=13413
10823;PERSONAL VAZQUEZ;ENRIQUE;http://alojawebapps.us.es/centrosdptos/pdi/pdi.php?pdi=10823
4329;PERTEGAL VEGA;MIGUEL ANGEL;http://alojawebapps.us.es/centrosdptos/pdi/pdi.php?pdi=4329
16712;PERTIÑEZ DIAZ;MARIA DEL CARMEN;http://alojawebapps.us.es/centrosdptos/pdi/pdi.php?pdi=16712
3647;PETIT DE GABRIEL;EULALIA W;http://alojawebapps.us.es/centrosdptos/pdi/pdi.php?pdi=3647
9644;PETIT-BREUILH SEPULVEDA;MARÍA EUGENIA;http://alojawebapps.us.es/centrosdptos/pdi/pdi.php?pdi=9644
8572;PFEILSTETTER;RICHARD;http://alojawebapps.us.es/centrosdptos/pdi/pdi.php?pdi=8572
13549;PICARDO PEREZ;ALBERTO;http://alojawebapps.us.es/centrosdptos/pdi/pdi.php?pdi=13549
11857;PICH PONCE;EVA;http://alojawebapps.us.es/centrosdptos/pdi/pdi.php?pdi=11857
4272;PICHARDO SANCHEZ;SILVIA;http://alojawebapps.us.es/centrosdptos/pdi/pdi.php?pdi=4272
3576;PICO VALIMAÑA;RAMON ANTONIO;http://alojawebapps.us.es/centrosdptos/pdi/pdi.php?pdi=3576
3811;PICON BERJOYO;ARACELI;http://alojawebapps.us.es/centrosdptos/pdi/pdi.php?pdi=3811
13306;PICON TAGUA;JOSE MANUEL;http://alojawebapps.us.es/centrosdptos/pdi/pdi.php?pdi=13306
8478;PIEDRA DE LA CUADRA;JOAQUIN;http://alojawebapps.us.es/centrosdptos/pdi/pdi.php?pdi=8478
14105;PIEDRA DE LA CUADRA;RAMON;http://alojawebapps.us.es/centrosdptos/pdi/pdi.php?pdi=14105
14692;PIÑA POZO;FERNANDO;http://alojawebapps.us.es/centrosdptos/pdi/pdi.php?pdi=14692
17316;PINAR;MEHMET;http://alojawebapps.us.es/centrosdptos/pdi/pdi.php?pdi=17316
10672;PINEDA ALFONSO;JOSE ANTONIO;http://alojawebapps.us.es/centrosdptos/pdi/pdi.php?pdi=10672
6326;PINEDA CACHERO;ANTONIO;http://alojawebapps.us.es/centrosdptos/pdi/pdi.php?pdi=6326
15229;PINEDA MARTOS;ROCIO;http://alojawebapps.us.es/centrosdptos/pdi/pdi.php?pdi=15229
3275;PINEDA PALOMO;PALOMA;http://alojawebapps.us.es/centrosdptos/pdi/pdi.php?pdi=3275
15945;PINEDA SANCHEZ;JOSE IGNACIO;http://alojawebapps.us.es/centrosdptos/pdi/pdi.php?pdi=15945
9581;PIÑERO PINTO;ELENA;http://alojawebapps.us.es/centrosdptos/pdi/pdi.php?pdi=9581
12817;PIÑERO RODRIGUEZ;ANA MARIA;http://alojawebapps.us.es/centrosdptos/pdi/pdi.php?pdi=12817
11577;PIÑERO VIRUE;ROCIO PRIMITIVA;http://alojawebapps.us.es/centrosdptos/pdi/pdi.php?pdi=11577
4161;PIÑEYRO PUEYO;JUAN;http://alojawebapps.us.es/centrosdptos/pdi/pdi.php?pdi=4161
6773;PINO LOPEZ;JUAN CARLOS DEL;http://alojawebapps.us.es/centrosdptos/pdi/pdi.php?pdi=6773
6931;PINO LUCENA;FRANCISCO JAVIER;http://alojawebapps.us.es/centrosdptos/pdi/pdi.php?pdi=6931
2351;PINO MEJIAS;JOSE LUIS;http://alojawebapps.us.es/centrosdptos/pdi/pdi.php?pdi=2351
12128;PINO MEJIAS;MIGUEL ANGEL;http://alojawebapps.us.es/centrosdptos/pdi/pdi.php?pdi=12128
4415;PINO MEJIAS;RAFAEL;http://alojawebapps.us.es/centrosdptos/pdi/pdi.php?pdi=4415
17759;PINO MONTESINOS;JOSE IGNACIO DEL;http://alojawebapps.us.es/centrosdptos/pdi/pdi.php?pdi=17759
3070;PINTO PUERTO;FRANCISCO;http://alojawebapps.us.es/centrosdptos/pdi/pdi.php?pdi=3070
15632;PINZON AYALA;DANIEL;http://alojawebapps.us.es/centrosdptos/pdi/pdi.php?pdi=15632
14945;PIZARRO MORENO;ANGELES;http://alojawebapps.us.es/centrosdptos/pdi/pdi.php?pdi=14945
9176;PIZONES RUIZ-HENESTROSA;VICTOR MANUEL;http://alojawebapps.us.es/centrosdptos/pdi/pdi.php?pdi=9176
18083;PLANAS HERNANDEZ;FRANCISCO JOSE;http://alojawebapps.us.es/centrosdptos/pdi/pdi.php?pdi=18083
2704;PLATA BRITO;JOSE ANTONIO;http://alojawebapps.us.es/centrosdptos/pdi/pdi.php?pdi=2704
13170;PLATA RAMOS;CARLOS ALBERTO;http://alojawebapps.us.es/centrosdptos/pdi/pdi.php?pdi=13170
9831;PLATA RAMOS;JOSE JAVIER;http://alojawebapps.us.es/centrosdptos/pdi/pdi.php?pdi=9831
8651;PLATERO LUENGO;AIDA;http://alojawebapps.us.es/centrosdptos/pdi/pdi.php?pdi=8651
18518;PLAZA MARTIN;TOMAS JESUS;http://alojawebapps.us.es/centrosdptos/pdi/pdi.php?pdi=18518
13384;PLAZA MORILLO;CARLOS;http://alojawebapps.us.es/centrosdptos/pdi/pdi.php?pdi=13384
13245;PLAZA ORELLANA;ROCIO;http://alojawebapps.us.es/centrosdptos/pdi/pdi.php?pdi=13245
3396;PLAZA VALTUEÑA;GONZALO;http://alojawebapps.us.es/centrosdptos/pdi/pdi.php?pdi=3396
15586;PLIEGO VAZQUEZ;RUTH MARIA;http://alojawebapps.us.es/centrosdptos/pdi/pdi.php?pdi=15586
9207;POLAINO ORTS;MIGUEL;http://alojawebapps.us.es/centrosdptos/pdi/pdi.php?pdi=9207
5189;POLO PADILLO;JUAN;http://alojawebapps.us.es/centrosdptos/pdi/pdi.php?pdi=5189
3386;POLO VELASCO;JORGE LUIS;http://alojawebapps.us.es/centrosdptos/pdi/pdi.php?pdi=3386
4331;PONCE ALBERCA;JULIO;http://alojawebapps.us.es/centrosdptos/pdi/pdi.php?pdi=4331
11667;PONCE BLANDON;JOSE ANTONIO;http://alojawebapps.us.es/centrosdptos/pdi/pdi.php?pdi=11667
11934;PONCE LOPEZ;DIEGO;http://alojawebapps.us.es/centrosdptos/pdi/pdi.php?pdi=11934
3368;PONCE NUÑEZ;ENRIQUE;http://alojawebapps.us.es/centrosdptos/pdi/pdi.php?pdi=3368
4159;PONCE ORTIZ DE INSAGURBE;MARIA MERCEDES;http://alojawebapps.us.es/centrosdptos/pdi/pdi.php?pdi=4159
2585;PONS PONS;JERONIA;http://alojawebapps.us.es/centrosdptos/pdi/pdi.php?pdi=2585
3770;PONS RODRIGUEZ;MARIA DOLORES;http://alojawebapps.us.es/centrosdptos/pdi/pdi.php?pdi=3770
7036;PONTES BALANZA;BEATRIZ;http://alojawebapps.us.es/centrosdptos/pdi/pdi.php?pdi=7036
5175;PONTIGA ROMERO;FRANCISCO DE PAULA;http://alojawebapps.us.es/centrosdptos/pdi/pdi.php?pdi=5175
15176;POOLE TORRES;MIGUEL;http://alojawebapps.us.es/centrosdptos/pdi/pdi.php?pdi=15176
16534;PORCEL DE SOTO;JAVIER;http://alojawebapps.us.es/centrosdptos/pdi/pdi.php?pdi=16534
9863;PORCEL GALVEZ;ANA MARIA;http://alojawebapps.us.es/centrosdptos/pdi/pdi.php?pdi=9863
3645;PORCEL GARCIA;MARIA ISABEL;http://alojawebapps.us.es/centrosdptos/pdi/pdi.php?pdi=3645
4411;PORFIRIO CARPIO;LEOPOLDO JOSE;http://alojawebapps.us.es/centrosdptos/pdi/pdi.php?pdi=4411
17737;PORTALES TRUEBA;CRISTINA;http://alojawebapps.us.es/centrosdptos/pdi/pdi.php?pdi=17737
5731;PORTAVELLA GARCIA;MANUEL;http://alojawebapps.us.es/centrosdptos/pdi/pdi.php?pdi=5731
10985;PORTILLA DE JUAN;FERNANDO DE LA;http://alojawebapps.us.es/centrosdptos/pdi/pdi.php?pdi=10985
11480;PORTILLO ESTEVEZ;ESMERALDA;http://alojawebapps.us.es/centrosdptos/pdi/pdi.php?pdi=11480
3888;PORTILLO FERNANDEZ;JOSE RAMON;http://alojawebapps.us.es/centrosdptos/pdi/pdi.php?pdi=3888
3250;PORTILLO GUISADO;RAMON CARLOS;http://alojawebapps.us.es/centrosdptos/pdi/pdi.php?pdi=3250
15881;POSADA PEREZ;JOSE ANTONIO;http://alojawebapps.us.es/centrosdptos/pdi/pdi.php?pdi=15881
3137;POSADA SIMEON;JOSE CARLOS;http://alojawebapps.us.es/centrosdptos/pdi/pdi.php?pdi=3137
14589;POSTIGO RUIZ;MARIA DEL ROCIO;http://alojawebapps.us.es/centrosdptos/pdi/pdi.php?pdi=14589
12968;POTESTAD ORDOÑEZ;FRANCISCO EUGENIO;http://alojawebapps.us.es/centrosdptos/pdi/pdi.php?pdi=12968
14176;POYATOS JIMENEZ;FERNANDO JAVIER;http://alojawebapps.us.es/centrosdptos/pdi/pdi.php?pdi=14176
5940;POZAS ESCOBAR;JOSE ANTONIO;http://alojawebapps.us.es/centrosdptos/pdi/pdi.php?pdi=5940
4595;POZO BARAJAS;RAFAEL DEL;http://alojawebapps.us.es/centrosdptos/pdi/pdi.php?pdi=4595
17842;POZO BERNAL;MELINA;http://alojawebapps.us.es/centrosdptos/pdi/pdi.php?pdi=17842
11673;POZO CRUZ;JESUS DEL;http://alojawebapps.us.es/centrosdptos/pdi/pdi.php?pdi=11673
16273;POZO CUEVAS;FEDERICO;http://alojawebapps.us.es/centrosdptos/pdi/pdi.php?pdi=16273
8606;POZO MONTAÑO;MIGUEL ANGEL;http://alojawebapps.us.es/centrosdptos/pdi/pdi.php?pdi=8606
6295;POZO MORALES;LAURA CONCEPCION;http://alojawebapps.us.es/centrosdptos/pdi/pdi.php?pdi=6295
4366;POZO PEREZ;DAVID;http://alojawebapps.us.es/centrosdptos/pdi/pdi.php?pdi=4366
2864;PRADA ELENA;FRANCISCO ANDRES;http://alojawebapps.us.es/centrosdptos/pdi/pdi.php?pdi=2864
14590;PRADA MACHUCA;MANUEL ALEJANDRO;http://alojawebapps.us.es/centrosdptos/pdi/pdi.php?pdi=14590
18282;PRADA RIZOTO;MARINA;http://alojawebapps.us.es/centrosdptos/pdi/pdi.php?pdi=18282
7317;PRADO BASSAS;JOSE ANTONIO;http://alojawebapps.us.es/centrosdptos/pdi/pdi.php?pdi=7317
11693;PRADO CAMPOS;BEATRIZ;http://alojawebapps.us.es/centrosdptos/pdi/pdi.php?pdi=11693
2793;PRADO GOTOR;RAFAEL;http://alojawebapps.us.es/centrosdptos/pdi/pdi.php?pdi=2793
9842;PRADO VELASCO;MANUEL;http://alojawebapps.us.es/centrosdptos/pdi/pdi.php?pdi=9842
6918;PRADOS GALLARDO;MARIA DEL MAR;http://alojawebapps.us.es/centrosdptos/pdi/pdi.php?pdi=6918
4101;PRADOS MONTAÑO;ANTONIO;http://alojawebapps.us.es/centrosdptos/pdi/pdi.php?pdi=4101
2531;PRADOS VELASCO;MARIA JOSE;http://alojawebapps.us.es/centrosdptos/pdi/pdi.php?pdi=2531
17613;PRIETO CARDENAS;MARIA AUXILIADORA;http://alojawebapps.us.es/centrosdptos/pdi/pdi.php?pdi=17613
4885;PRIETO DAPENA;FRANCISCO;http://alojawebapps.us.es/centrosdptos/pdi/pdi.php?pdi=4885
12722;PRIETO DOMINGUEZ;MIGUEL;http://alojawebapps.us.es/centrosdptos/pdi/pdi.php?pdi=12722
18481;PRIETO HAMES;PABLO;http://alojawebapps.us.es/centrosdptos/pdi/pdi.php?pdi=18481
7918;PRIETO ORTEGA;ANA ISABEL;http://alojawebapps.us.es/centrosdptos/pdi/pdi.php?pdi=7918
2361;PRIETO PABLOS;JUAN ANTONIO;http://alojawebapps.us.es/centrosdptos/pdi/pdi.php?pdi=2361
5939;PRIETO PEINADO;MARIA;http://alojawebapps.us.es/centrosdptos/pdi/pdi.php?pdi=5939
14296;PRIETO RIOS;CRISTINA;http://alojawebapps.us.es/centrosdptos/pdi/pdi.php?pdi=14296
12922;PRIETO RODRIGUEZ;MANUELA;http://alojawebapps.us.es/centrosdptos/pdi/pdi.php?pdi=12922
3328;PRIETO THOMAS;ANA MERCEDES;http://alojawebapps.us.es/centrosdptos/pdi/pdi.php?pdi=3328
15038;PRIETO VALIENTE;LAURA;http://alojawebapps.us.es/centrosdptos/pdi/pdi.php?pdi=15038
14278;PRIOR VENEGAS;ROCIO;http://alojawebapps.us.es/centrosdptos/pdi/pdi.php?pdi=14278
16495;PRO MARTIN;JOSE LUIS;http://alojawebapps.us.es/centrosdptos/pdi/pdi.php?pdi=16495
12708;PUCHE RUIZ;MARIA DEL CARMEN;http://alojawebapps.us.es/centrosdptos/pdi/pdi.php?pdi=12708
18424;PUENTE ASUERO;RAUL;http://alojawebapps.us.es/centrosdptos/pdi/pdi.php?pdi=18424
18473;PUERTA MORENO;SILVIA MARIA;http://alojawebapps.us.es/centrosdptos/pdi/pdi.php?pdi=18473
3140;PUERTA VAZQUEZ-ZAFRA;ROCIO DE LA;http://alojawebapps.us.es/centrosdptos/pdi/pdi.php?pdi=3140
5174;PUERTO ALBANDOZ;JUSTO;http://alojawebapps.us.es/centrosdptos/pdi/pdi.php?pdi=5174
10189;PUERTO RODRIGUEZ;MARIA;http://alojawebapps.us.es/centrosdptos/pdi/pdi.php?pdi=10189
18327;PUGA MARTINEZ;DANIEL;http://alojawebapps.us.es/centrosdptos/pdi/pdi.php?pdi=18327
18256;PUIG CABRERA;MIGUEL;http://alojawebapps.us.es/centrosdptos/pdi/pdi.php?pdi=18256
14668;PUIG GUISADO;JAIME;http://alojawebapps.us.es/centrosdptos/pdi/pdi.php?pdi=14668
7682;PUIG GUTIERREZ;MARIA;http://alojawebapps.us.es/centrosdptos/pdi/pdi.php?pdi=7682
12000;PULIDO PAVON;NOEMI;http://alojawebapps.us.es/centrosdptos/pdi/pdi.php?pdi=12000
10598;PULIDO POLO;MARTA;http://alojawebapps.us.es/centrosdptos/pdi/pdi.php?pdi=10598
15307;PULIDO TOLEDANO;MARINA ROSA;http://alojawebapps.us.es/centrosdptos/pdi/pdi.php?pdi=15307
9288;QUEIRO QUIJADA;RAMON;http://alojawebapps.us.es/centrosdptos/pdi/pdi.php?pdi=9288
4439;QUERO REBOUL;JOSE MANUEL;http://alojawebapps.us.es/centrosdptos/pdi/pdi.php?pdi=4439
3078;QUESADA GARCIA;SANTIAGO;http://alojawebapps.us.es/centrosdptos/pdi/pdi.php?pdi=3078
4437;QUESADA MOLINA;JOSE MANUEL;http://alojawebapps.us.es/centrosdptos/pdi/pdi.php?pdi=4437
2812;QUESADA MORENO;JOSE FRANCISCO;http://alojawebapps.us.es/centrosdptos/pdi/pdi.php?pdi=2812
17989;QUEVEDO ROJAS;CARLOS JOSE;http://alojawebapps.us.es/centrosdptos/pdi/pdi.php?pdi=17989
10019;QUIJANO LOSADA;IGNACIO;http://alojawebapps.us.es/centrosdptos/pdi/pdi.php?pdi=10019
12323;QUILEZ GUERRERO;ANA MARIA;http://alojawebapps.us.es/centrosdptos/pdi/pdi.php?pdi=12323
8219;QUIÑONES RODRIGUEZ;MARIA ROCIO;http://alojawebapps.us.es/centrosdptos/pdi/pdi.php?pdi=8219
10968;QUINTANA MONTERO;JUAN RAMON;http://alojawebapps.us.es/centrosdptos/pdi/pdi.php?pdi=10968
5252;QUINTANA TOLEDO;JOSE MARIA;http://alojawebapps.us.es/centrosdptos/pdi/pdi.php?pdi=5252
3587;QUINTERO ARIZA;JOSE MANUEL;http://alojawebapps.us.es/centrosdptos/pdi/pdi.php?pdi=3587
16540;QUINTERO FLOREZ;ANGELICA;http://alojawebapps.us.es/centrosdptos/pdi/pdi.php?pdi=16540
17832;QUINTERO GALEANO;FRANCISCO JAVIER;http://alojawebapps.us.es/centrosdptos/pdi/pdi.php?pdi=17832
9346;QUINTERO SANCHEZ;ESPERANZA;http://alojawebapps.us.es/centrosdptos/pdi/pdi.php?pdi=9346
4433;QUINTERO TOSCANO;ANTONIO RAFAEL;http://alojawebapps.us.es/centrosdptos/pdi/pdi.php?pdi=4433
15387;QUINTERO VERA;BLANCA;http://alojawebapps.us.es/centrosdptos/pdi/pdi.php?pdi=15387
4438;QUIROS TOMAS;FRANCISCO JAVIER;http://alojawebapps.us.es/centrosdptos/pdi/pdi.php?pdi=4438
2882;RABASCO ALVAREZ;ANTONIO MARIA;http://alojawebapps.us.es/centrosdptos/pdi/pdi.php?pdi=2882
4357;RACERO MORENO;JESUS;http://alojawebapps.us.es/centrosdptos/pdi/pdi.php?pdi=4357
11737;RAFII EL IDRISSI BENHNIA;MOHAMMED;http://alojawebapps.us.es/centrosdptos/pdi/pdi.php?pdi=11737
17327;RAGEL BONILLA;JUAN CARLOS;http://alojawebapps.us.es/centrosdptos/pdi/pdi.php?pdi=17327
3826;RALLO MORILLO;PILAR;http://alojawebapps.us.es/centrosdptos/pdi/pdi.php?pdi=3826
3329;RAMIREZ BENDALA;MARIA DOLORES;http://alojawebapps.us.es/centrosdptos/pdi/pdi.php?pdi=3329
3416;RAMIREZ DE ARELLANO LOPEZ;ANTONIO;http://alojawebapps.us.es/centrosdptos/pdi/pdi.php?pdi=3416
16553;RAMIREZ DE ARELLANO MARRERO;ANTONIO;http://alojawebapps.us.es/centrosdptos/pdi/pdi.php?pdi=16553
9193;RAMIREZ DEL AMO;PABLO;http://alojawebapps.us.es/centrosdptos/pdi/pdi.php?pdi=9193
18422;RAMIREZ DELGADO;NIEVES;http://alojawebapps.us.es/centrosdptos/pdi/pdi.php?pdi=18422
5741;RAMIREZ GALVEZ;MARIA BELEN;http://alojawebapps.us.es/centrosdptos/pdi/pdi.php?pdi=5741
15039;RAMIREZ GARCIA;ESMERALDA;http://alojawebapps.us.es/centrosdptos/pdi/pdi.php?pdi=15039
17949;RAMIREZ GARCIA;FRANCISCO JAVIER;http://alojawebapps.us.es/centrosdptos/pdi/pdi.php?pdi=17949
2879;RAMIREZ GOMEZ;MARIA CARMEN;http://alojawebapps.us.es/centrosdptos/pdi/pdi.php?pdi=2879
11645;RAMIREZ HERRERA;LUIS MIGUEL;http://alojawebapps.us.es/centrosdptos/pdi/pdi.php?pdi=11645
13402;RAMIREZ IZAGA;JORGE LUIS;http://alojawebapps.us.es/centrosdptos/pdi/pdi.php?pdi=13402
4878;RAMIREZ JUIDIAS;EMILIO;http://alojawebapps.us.es/centrosdptos/pdi/pdi.php?pdi=4878
12324;RAMIREZ LORCA;MARIA REPOSO;http://alojawebapps.us.es/centrosdptos/pdi/pdi.php?pdi=12324
8264;RAMIREZ MACIAS;GONZALO;http://alojawebapps.us.es/centrosdptos/pdi/pdi.php?pdi=8264
15724;RAMIREZ REINA;TOMAS;http://alojawebapps.us.es/centrosdptos/pdi/pdi.php?pdi=15724
7166;RAMIREZ RICO;JOAQUIN;http://alojawebapps.us.es/centrosdptos/pdi/pdi.php?pdi=7166
9990;RAMIREZ ZAMBRANA;CRISTINA;http://alojawebapps.us.es/centrosdptos/pdi/pdi.php?pdi=9990
17986;RAMOS BALLESTEROS;SANDRA MARIA;http://alojawebapps.us.es/centrosdptos/pdi/pdi.php?pdi=17986
5956;RAMOS CARRANZA;AMADEO;http://alojawebapps.us.es/centrosdptos/pdi/pdi.php?pdi=5956
4966;RAMOS CARRILLO;ANTONIO;http://alojawebapps.us.es/centrosdptos/pdi/pdi.php?pdi=4966
17768;RAMOS CONTIOSO;ADELA;http://alojawebapps.us.es/centrosdptos/pdi/pdi.php?pdi=17768
11300;RAMOS FEBRER;VIRGINIA;http://alojawebapps.us.es/centrosdptos/pdi/pdi.php?pdi=11300
17745;RAMOS GARCIA;ALICIA;http://alojawebapps.us.es/centrosdptos/pdi/pdi.php?pdi=17745
15023;RAMOS GUTIERREZ;BELEN;http://alojawebapps.us.es/centrosdptos/pdi/pdi.php?pdi=15023
3653;RAMOS HIDALGO;MARIA ENCARNACION;http://alojawebapps.us.es/centrosdptos/pdi/pdi.php?pdi=3653
6454;RAMOS MORALES;FRANCISCO;http://alojawebapps.us.es/centrosdptos/pdi/pdi.php?pdi=6454
8830;RAMOS ORTEGA;JAVIER;http://alojawebapps.us.es/centrosdptos/pdi/pdi.php?pdi=8830
17715;RAMOS PARDILLO;NATALIA;http://alojawebapps.us.es/centrosdptos/pdi/pdi.php?pdi=17715
10107;RAMOS PAYAN;MARIA DOLORES;http://alojawebapps.us.es/centrosdptos/pdi/pdi.php?pdi=10107
5971;RAMOS REYES;ANTONIO;http://alojawebapps.us.es/centrosdptos/pdi/pdi.php?pdi=5971
10662;RAMOS SANCHEZ;FRANCISCO JESUS;http://alojawebapps.us.es/centrosdptos/pdi/pdi.php?pdi=10662
6359;RAMOS SERRANO;MARINA;http://alojawebapps.us.es/centrosdptos/pdi/pdi.php?pdi=6359
3918;RAMOS SOSA;RAFAEL;http://alojawebapps.us.es/centrosdptos/pdi/pdi.php?pdi=3918
13026;RAMOS SUAREZ;MANUEL ANTONIO;http://alojawebapps.us.es/centrosdptos/pdi/pdi.php?pdi=13026
4377;RAMOS ULGAR;MIGUEL ANGEL;http://alojawebapps.us.es/centrosdptos/pdi/pdi.php?pdi=4377
8947;RAMOS VALVERDE;M PILAR;http://alojawebapps.us.es/centrosdptos/pdi/pdi.php?pdi=8947
13653;RAMOS VIDAL;IGNACIO;http://alojawebapps.us.es/centrosdptos/pdi/pdi.php?pdi=13653
7337;RANDO CASERMEIRO;PABLO;http://alojawebapps.us.es/centrosdptos/pdi/pdi.php?pdi=7337
12894;RAPALLO PORTA;AMPARO;http://alojawebapps.us.es/centrosdptos/pdi/pdi.php?pdi=12894
12538;RAYA BRAVO;IRENE;http://alojawebapps.us.es/centrosdptos/pdi/pdi.php?pdi=12538
3262;RAYO ROSADO;RAFAEL;http://alojawebapps.us.es/centrosdptos/pdi/pdi.php?pdi=3262
5264;REAL JURADO;PEDRO;http://alojawebapps.us.es/centrosdptos/pdi/pdi.php?pdi=5264
17552;REAL NAVARRETE;LUIS MIGUEL;http://alojawebapps.us.es/centrosdptos/pdi/pdi.php?pdi=17552
14974;REALES PEREZ;FRANCISCO JAVIER;http://alojawebapps.us.es/centrosdptos/pdi/pdi.php?pdi=14974
4670;REBOLLO CATALAN;MARIA ANGELES;http://alojawebapps.us.es/centrosdptos/pdi/pdi.php?pdi=4670
18462;REBOLLO PALLARES;BEATRIZ;http://alojawebapps.us.es/centrosdptos/pdi/pdi.php?pdi=18462
2599;REBOLLO SALAS;MANUEL;http://alojawebapps.us.es/centrosdptos/pdi/pdi.php?pdi=2599
11897;RECENA GARRIDO;RAMIRO;http://alojawebapps.us.es/centrosdptos/pdi/pdi.php?pdi=11897
18245;RECIO DONCEL;ANA;http://alojawebapps.us.es/centrosdptos/pdi/pdi.php?pdi=18245
8718;RECIO JIMENEZ;ROCIO;http://alojawebapps.us.es/centrosdptos/pdi/pdi.php?pdi=8718
4172;RECIO MIR;ALVARO;http://alojawebapps.us.es/centrosdptos/pdi/pdi.php?pdi=4172
15378;REDAELLI;GAIA ANGELICA;http://alojawebapps.us.es/centrosdptos/pdi/pdi.php?pdi=15378
7199;REDONDO GOMEZ;SUSANA;http://alojawebapps.us.es/centrosdptos/pdi/pdi.php?pdi=7199
8989;REDONDO REDONDO;MIGUEL;http://alojawebapps.us.es/centrosdptos/pdi/pdi.php?pdi=8989
3152;REGIDOR JIMENEZ;MARIA ISABEL;http://alojawebapps.us.es/centrosdptos/pdi/pdi.php?pdi=3152
9645;REGUERA ALVARADO;NURIA;http://alojawebapps.us.es/centrosdptos/pdi/pdi.php?pdi=9645
16943;REGUERA RODRIGUEZ;MANUEL;http://alojawebapps.us.es/centrosdptos/pdi/pdi.php?pdi=16943
2372;REIG GARCIA;RAMON;http://alojawebapps.us.es/centrosdptos/pdi/pdi.php?pdi=2372
8542;REIGADA OLAIZOLA;ALICIA;http://alojawebapps.us.es/centrosdptos/pdi/pdi.php?pdi=8542
6780;REINA BUENO;MARIA;http://alojawebapps.us.es/centrosdptos/pdi/pdi.php?pdi=6780
2598;REINA FERNANDEZ-TRUJILLO;FRANCISCO JESUS;http://alojawebapps.us.es/centrosdptos/pdi/pdi.php?pdi=2598
2776;REINA FLORES;MARIA DEL CARMEN;http://alojawebapps.us.es/centrosdptos/pdi/pdi.php?pdi=2776
4317;REINA QUINTERO;ANTONIA MARIA;http://alojawebapps.us.es/centrosdptos/pdi/pdi.php?pdi=4317
8401;REINA ROMO;MARIA ESTHER;http://alojawebapps.us.es/centrosdptos/pdi/pdi.php?pdi=8401
4611;REINA TOSINA;LUIS JAVIER;http://alojawebapps.us.es/centrosdptos/pdi/pdi.php?pdi=4611
9047;REINOSO CUEVAS;JOSE ANTONIO;http://alojawebapps.us.es/centrosdptos/pdi/pdi.php?pdi=9047
18444;REN;ZHONGDE;http://alojawebapps.us.es/centrosdptos/pdi/pdi.php?pdi=18444
7079;RENDON MARQUEZ;NURIA;http://alojawebapps.us.es/centrosdptos/pdi/pdi.php?pdi=7079
14115;RENDON ROMERO;SARA ISABEL;http://alojawebapps.us.es/centrosdptos/pdi/pdi.php?pdi=14115
15418;RENGEL LOPEZ;JULIO;http://alojawebapps.us.es/centrosdptos/pdi/pdi.php?pdi=15418
4170;REQUEJO CONDE;CARMEN;http://alojawebapps.us.es/centrosdptos/pdi/pdi.php?pdi=4170
14317;REQUENA GARCIA DE LA CRUZ;MARIA VICTORIA;http://alojawebapps.us.es/centrosdptos/pdi/pdi.php?pdi=14317
8247;RESINAS ARIAS DE REYNA;MANUEL;http://alojawebapps.us.es/centrosdptos/pdi/pdi.php?pdi=8247
4440;RESPALDIZA GALISTEO;MIGUEL ANGEL;http://alojawebapps.us.es/centrosdptos/pdi/pdi.php?pdi=4440
16032;RETAMAR GENTIL;PILAR;http://alojawebapps.us.es/centrosdptos/pdi/pdi.php?pdi=16032
17654;REVERTE PAGOLA;GONZALO;http://alojawebapps.us.es/centrosdptos/pdi/pdi.php?pdi=17654
3654;REVILLA CAMACHO;MARIA ANGELES;http://alojawebapps.us.es/centrosdptos/pdi/pdi.php?pdi=3654
4169;REVILLA PEREZ;LUIS;http://alojawebapps.us.es/centrosdptos/pdi/pdi.php?pdi=4169
4091;REVUELTA MARCHENA;MARIA PASTORA;http://alojawebapps.us.es/centrosdptos/pdi/pdi.php?pdi=4091
4289;REY ALAMILLO;ROSARIO DEL;http://alojawebapps.us.es/centrosdptos/pdi/pdi.php?pdi=4289
11478;REY MORENO;MANUEL;http://alojawebapps.us.es/centrosdptos/pdi/pdi.php?pdi=11478
13147;REY PEREZ;JULIA;http://alojawebapps.us.es/centrosdptos/pdi/pdi.php?pdi=13147
9931;REY QUESADA;SANTIAGO DEL;http://alojawebapps.us.es/centrosdptos/pdi/pdi.php?pdi=9931
17690;REYES DIAZ;MARIA LUISA;http://alojawebapps.us.es/centrosdptos/pdi/pdi.php?pdi=17690
18448;REYES GARCIA;MARIA EUGENIA;http://alojawebapps.us.es/centrosdptos/pdi/pdi.php?pdi=18448
17710;REYES NUÑEZ;NURIA MARIA;http://alojawebapps.us.es/centrosdptos/pdi/pdi.php?pdi=17710
15483;REYES RASCON;JUAN DE DIOS;http://alojawebapps.us.es/centrosdptos/pdi/pdi.php?pdi=15483
2281;REYES REBOLLO;MIGUEL MARIA;http://alojawebapps.us.es/centrosdptos/pdi/pdi.php?pdi=2281
4951;REYES RODRIGUEZ;MARIA DEL CARMEN;http://alojawebapps.us.es/centrosdptos/pdi/pdi.php?pdi=4951
9003;REYES TORRES;MERCEDES;http://alojawebapps.us.es/centrosdptos/pdi/pdi.php?pdi=9003
14895;REYMUNDO DOMINGUEZ;ISABEL CARLOTA;http://alojawebapps.us.es/centrosdptos/pdi/pdi.php?pdi=14895
4444;RIBAS ALBA;JOSE MARIA;http://alojawebapps.us.es/centrosdptos/pdi/pdi.php?pdi=4444
9064;RIBAS PEREZ;DAVID;http://alojawebapps.us.es/centrosdptos/pdi/pdi.php?pdi=9064
18535;RIBOT VAZQUEZ;ELISSET;http://alojawebapps.us.es/centrosdptos/pdi/pdi.php?pdi=18535
9189;RIBOUX ACHER;GUILLAUME MAURICE;http://alojawebapps.us.es/centrosdptos/pdi/pdi.php?pdi=9189
4836;RICO CORRAL;MIGUEL ANGEL;http://alojawebapps.us.es/centrosdptos/pdi/pdi.php?pdi=4836
6270;RICO DELGADO;FERNANDO;http://alojawebapps.us.es/centrosdptos/pdi/pdi.php?pdi=6270
5969;RICO IGLESIAS;JOSE MIGUEL;http://alojawebapps.us.es/centrosdptos/pdi/pdi.php?pdi=5969
2376;RIDAO CARLINI;MARIA LUISA;http://alojawebapps.us.es/centrosdptos/pdi/pdi.php?pdi=2376
2378;RIDAO CARLINI;MIGUEL ANGEL;http://alojawebapps.us.es/centrosdptos/pdi/pdi.php?pdi=2378
4906;RIDAO CEBALLOS;LUIS;http://alojawebapps.us.es/centrosdptos/pdi/pdi.php?pdi=4906
16902;RIDAO FERNANDEZ;MARIA DEL CARMEN;http://alojawebapps.us.es/centrosdptos/pdi/pdi.php?pdi=16902
6663;RIDAO RAMIREZ;PILAR;http://alojawebapps.us.es/centrosdptos/pdi/pdi.php?pdi=6663
7104;RIDAO SACIE;CRISTINA;http://alojawebapps.us.es/centrosdptos/pdi/pdi.php?pdi=7104
8271;RIES;FRANCIS;http://alojawebapps.us.es/centrosdptos/pdi/pdi.php?pdi=8271
5967;RIESCO CHUECA;PASCUAL;http://alojawebapps.us.es/centrosdptos/pdi/pdi.php?pdi=5967
9263;RIESCO LEAL;LUIS;http://alojawebapps.us.es/centrosdptos/pdi/pdi.php?pdi=9263
8510;RINCON MILLAN;MARIA DOLORES;http://alojawebapps.us.es/centrosdptos/pdi/pdi.php?pdi=8510
4297;RINCON ROMERO;ANA MARIA;http://alojawebapps.us.es/centrosdptos/pdi/pdi.php?pdi=4297
3148;RIO CIDONCHA;MARIA GLORIA DEL;http://alojawebapps.us.es/centrosdptos/pdi/pdi.php?pdi=3148
3822;RIO FERNANDEZ;ROCIO DEL;http://alojawebapps.us.es/centrosdptos/pdi/pdi.php?pdi=3822
9236;RIO ORTEGA;ADELA DEL;http://alojawebapps.us.es/centrosdptos/pdi/pdi.php?pdi=9236
2222;RIO RUIZ;MANUEL ANGEL;http://alojawebapps.us.es/centrosdptos/pdi/pdi.php?pdi=2222
4993;RIOS BERMUDEZ;MOISES;http://alojawebapps.us.es/centrosdptos/pdi/pdi.php?pdi=4993
11316;RIOS CARRASCO;BLANCA;http://alojawebapps.us.es/centrosdptos/pdi/pdi.php?pdi=11316
13201;RIOS HERRANZ;EDUARDO;http://alojawebapps.us.es/centrosdptos/pdi/pdi.php?pdi=13201
13002;RIOS JIMENEZ;JOSE DAVID;http://alojawebapps.us.es/centrosdptos/pdi/pdi.php?pdi=13002
4168;RIOS MARTIN;MIGUEL ANGEL;http://alojawebapps.us.es/centrosdptos/pdi/pdi.php?pdi=4168
15361;RIOS MORENO;PABLO;http://alojawebapps.us.es/centrosdptos/pdi/pdi.php?pdi=15361
12529;RIOS NAVARRO;JOSE ANTONIO;http://alojawebapps.us.es/centrosdptos/pdi/pdi.php?pdi=12529
3421;RIOS SANTOS;JOSE VICENTE;http://alojawebapps.us.es/centrosdptos/pdi/pdi.php?pdi=3421
10673;RIOS VILLEGAS;MARIA JOSE;http://alojawebapps.us.es/centrosdptos/pdi/pdi.php?pdi=10673
17631;RIQUELME DOMINGUEZ;JOSE MIGUEL;http://alojawebapps.us.es/centrosdptos/pdi/pdi.php?pdi=17631
5965;RIQUELME SANTOS;JESUS MANUEL;http://alojawebapps.us.es/centrosdptos/pdi/pdi.php?pdi=5965
5277;RIQUELME SANTOS;JOSE CRISTOBAL;http://alojawebapps.us.es/centrosdptos/pdi/pdi.php?pdi=5277
3925;RISCO DELGADO;RAMON DE JESUS;http://alojawebapps.us.es/centrosdptos/pdi/pdi.php?pdi=3925
7109;RISCOS NUÑEZ;AGUSTIN;http://alojawebapps.us.es/centrosdptos/pdi/pdi.php?pdi=7109
3412;RIVA MORENO;YOLANDA DE LA;http://alojawebapps.us.es/centrosdptos/pdi/pdi.php?pdi=3412
9699;RIVADA WHEELAGHAN;ORESTES;http://alojawebapps.us.es/centrosdptos/pdi/pdi.php?pdi=9699
9134;RIVAS MORENO;FRANCISCO JESUS;http://alojawebapps.us.es/centrosdptos/pdi/pdi.php?pdi=9134
6857;RIVAS PEREZ;MANUEL;http://alojawebapps.us.es/centrosdptos/pdi/pdi.php?pdi=6857
5976;RIVERA BOZA;JUAN ANTONIO;http://alojawebapps.us.es/centrosdptos/pdi/pdi.php?pdi=5976
12501;RIVERA DE LOS SANTOS;FRANCISCO JOSE;http://alojawebapps.us.es/centrosdptos/pdi/pdi.php?pdi=12501
3410;RIVERA FERNANDEZ;MANUEL;http://alojawebapps.us.es/centrosdptos/pdi/pdi.php?pdi=3410
3566;RIVERA GOMEZ;CARLOS ALBERTO;http://alojawebapps.us.es/centrosdptos/pdi/pdi.php?pdi=3566
7756;RIVERA ROMERO;OCTAVIO;http://alojawebapps.us.es/centrosdptos/pdi/pdi.php?pdi=7756
16705;RIVERA SEQUEIROS;ADRIANA;http://alojawebapps.us.es/centrosdptos/pdi/pdi.php?pdi=16705
6860;RIVERO CANALEJO;SABRINA;http://alojawebapps.us.es/centrosdptos/pdi/pdi.php?pdi=6860
15644;RIVERO FERNANDEZ;JULIA;http://alojawebapps.us.es/centrosdptos/pdi/pdi.php?pdi=15644
3149;RIVERO GARCIA;ANA;http://alojawebapps.us.es/centrosdptos/pdi/pdi.php?pdi=3149
8889;RIVERO GOMEZ;MIGUEL ANGEL;http://alojawebapps.us.es/centrosdptos/pdi/pdi.php?pdi=8889
17336;RIVERO IGLESIAS;CARMEN;http://alojawebapps.us.es/centrosdptos/pdi/pdi.php?pdi=17336
2298;ROA FERNANDEZ;JORGE;http://alojawebapps.us.es/centrosdptos/pdi/pdi.php?pdi=2298
18404;ROA TREJO;JOSE JUAN;http://alojawebapps.us.es/centrosdptos/pdi/pdi.php?pdi=18404
3657;ROALES PANIAGUA;ESPERANZA;http://alojawebapps.us.es/centrosdptos/pdi/pdi.php?pdi=3657
4435;ROBADOR GONZALEZ;MARIA DOLORES;http://alojawebapps.us.es/centrosdptos/pdi/pdi.php?pdi=4435
2883;ROBLES ARIAS;RAFAEL;http://alojawebapps.us.es/centrosdptos/pdi/pdi.php?pdi=2883
2865;ROBLES RABAGO;MARIA ELENA;http://alojawebapps.us.es/centrosdptos/pdi/pdi.php?pdi=2865
14118;ROBLES VELASCO;ALICIA;http://alojawebapps.us.es/centrosdptos/pdi/pdi.php?pdi=14118
17730;ROCA RUIZ;LUIS JAVIER;http://alojawebapps.us.es/centrosdptos/pdi/pdi.php?pdi=17730
17575;ROCANDIO MARTINEZ;ANDONI;http://alojawebapps.us.es/centrosdptos/pdi/pdi.php?pdi=17575
13196;ROCHA CASTILLA;JOSE LUIS;http://alojawebapps.us.es/centrosdptos/pdi/pdi.php?pdi=13196
16744;ROCHA DE LOSSADA;CARLOS;http://alojawebapps.us.es/centrosdptos/pdi/pdi.php?pdi=16744
4425;RODA PEÑA;JOSE;http://alojawebapps.us.es/centrosdptos/pdi/pdi.php?pdi=4425
18348;RODADO DOMINGUEZ;ANGELA;http://alojawebapps.us.es/centrosdptos/pdi/pdi.php?pdi=18348
8209;RODRIGUES DE OLIVEIRA;SILVANA;http://alojawebapps.us.es/centrosdptos/pdi/pdi.php?pdi=8209
3659;RODRIGUEZ ALBA;JAVIER;http://alojawebapps.us.es/centrosdptos/pdi/pdi.php?pdi=3659
17829;RODRIGUEZ ALBELO;LUISA MARLENY;http://alojawebapps.us.es/centrosdptos/pdi/pdi.php?pdi=17829
3403;RODRIGUEZ ARCHILLA;JUAN FRANCISCO;http://alojawebapps.us.es/centrosdptos/pdi/pdi.php?pdi=3403
17978;RODRIGUEZ AREVALO;MARIA LUISA;http://alojawebapps.us.es/centrosdptos/pdi/pdi.php?pdi=17978
4902;RODRIGUEZ BAÑO;JESUS;http://alojawebapps.us.es/centrosdptos/pdi/pdi.php?pdi=4902
5977;RODRIGUEZ BARBERAN;FRANCISCO;http://alojawebapps.us.es/centrosdptos/pdi/pdi.php?pdi=5977
4280;RODRIGUEZ BAREA;FRANCISCO JOSE;http://alojawebapps.us.es/centrosdptos/pdi/pdi.php?pdi=4280
4324;RODRIGUEZ BELLIDO;MARIA ANGELES;http://alojawebapps.us.es/centrosdptos/pdi/pdi.php?pdi=4324
7195;RODRIGUEZ BERRAL;RAUL;http://alojawebapps.us.es/centrosdptos/pdi/pdi.php?pdi=7195
7748;RODRIGUEZ BLANCO;CLEOFAS;http://alojawebapps.us.es/centrosdptos/pdi/pdi.php?pdi=7748
3426;RODRIGUEZ BOIX;RAFAEL;http://alojawebapps.us.es/centrosdptos/pdi/pdi.php?pdi=3426
2718;RODRIGUEZ CARVAJAL;MIGUEL ANGEL;http://alojawebapps.us.es/centrosdptos/pdi/pdi.php?pdi=2718
4923;RODRIGUEZ CASTAÑO;ANGEL;http://alojawebapps.us.es/centrosdptos/pdi/pdi.php?pdi=4923
3151;RODRIGUEZ CENTENO;JUAN CARLOS;http://alojawebapps.us.es/centrosdptos/pdi/pdi.php?pdi=3151
15671;RODRIGUEZ CENTENO;ROCIO;http://alojawebapps.us.es/centrosdptos/pdi/pdi.php?pdi=15671
16639;RODRIGUEZ CORRAL;JAVIER PABLO;http://alojawebapps.us.es/centrosdptos/pdi/pdi.php?pdi=16639
12308;RODRIGUEZ CRUZ;MARTA;http://alojawebapps.us.es/centrosdptos/pdi/pdi.php?pdi=12308
9290;RODRIGUEZ CUARESMA;PEDRO NOLASCO;http://alojawebapps.us.es/centrosdptos/pdi/pdi.php?pdi=9290
5729;RODRIGUEZ CUNILL;MARIA INMACULADA;http://alojawebapps.us.es/centrosdptos/pdi/pdi.php?pdi=5729
2600;RODRIGUEZ DE LA CRUZ;ROSA MARIA;http://alojawebapps.us.es/centrosdptos/pdi/pdi.php?pdi=2600
13364;RODRIGUEZ DE LA RUA FRANCH;ENRIQUE;http://alojawebapps.us.es/centrosdptos/pdi/pdi.php?pdi=13364
5286;RODRIGUEZ DE QUIÑONES Y DE TORRES;ALFONSO;http://alojawebapps.us.es/centrosdptos/pdi/pdi.php?pdi=5286
8228;RODRIGUEZ DE TEMBLEQUE SOLANO;LUIS;http://alojawebapps.us.es/centrosdptos/pdi/pdi.php?pdi=8228
15898;RODRIGUEZ DEL NOZAL;ALVARO;http://alojawebapps.us.es/centrosdptos/pdi/pdi.php?pdi=15898
7864;RODRIGUEZ DELGADO;ANTONIO;http://alojawebapps.us.es/centrosdptos/pdi/pdi.php?pdi=7864
17576;RODRIGUEZ DIAZ;CARLOS;http://alojawebapps.us.es/centrosdptos/pdi/pdi.php?pdi=17576
16508;RODRIGUEZ DOMINGUEZ;ROSA MARIA;http://alojawebapps.us.es/centrosdptos/pdi/pdi.php?pdi=16508
18510;RODRIGUEZ DUEÑAS;AITOR;http://alojawebapps.us.es/centrosdptos/pdi/pdi.php?pdi=18510
5981;RODRIGUEZ ESTEVEZ;JUAN CLEMENTE;http://alojawebapps.us.es/centrosdptos/pdi/pdi.php?pdi=5981
5982;RODRIGUEZ FERNANDEZ;FERNANDO;http://alojawebapps.us.es/centrosdptos/pdi/pdi.php?pdi=5982
17649;RODRIGUEZ FERNANDEZ;JUAN CARLOS;http://alojawebapps.us.es/centrosdptos/pdi/pdi.php?pdi=17649
5980;RODRIGUEZ FERNANDEZ;MARIA DEL CARMEN;http://alojawebapps.us.es/centrosdptos/pdi/pdi.php?pdi=5980
18062;RODRIGUEZ FRUTOS;TOMAS RAUL;http://alojawebapps.us.es/centrosdptos/pdi/pdi.php?pdi=18062
10209;RODRIGUEZ GALAN;MONICA;http://alojawebapps.us.es/centrosdptos/pdi/pdi.php?pdi=10209
13033;RODRIGUEZ GALIANO;VICTOR FRANCISCO;http://alojawebapps.us.es/centrosdptos/pdi/pdi.php?pdi=13033
7111;RODRIGUEZ GALLARDO;MANUELA;http://alojawebapps.us.es/centrosdptos/pdi/pdi.php?pdi=7111
2878;RODRIGUEZ GALLEGO;MARGARITA R;http://alojawebapps.us.es/centrosdptos/pdi/pdi.php?pdi=2878
3661;RODRIGUEZ GARCIA;MARIA REYES;http://alojawebapps.us.es/centrosdptos/pdi/pdi.php?pdi=3661
7274;RODRIGUEZ GIL;ALFONSO;http://alojawebapps.us.es/centrosdptos/pdi/pdi.php?pdi=7274
8452;RODRIGUEZ GOMEZ;FEDERICO;http://alojawebapps.us.es/centrosdptos/pdi/pdi.php?pdi=8452
6474;RODRIGUEZ GOMEZ;JOSE ANTONIO;http://alojawebapps.us.es/centrosdptos/pdi/pdi.php?pdi=6474
2890;RODRIGUEZ GONZALEZ;JOSE MANUEL;http://alojawebapps.us.es/centrosdptos/pdi/pdi.php?pdi=2890
18318;RODRIGUEZ GRAGERA;SERGIO;http://alojawebapps.us.es/centrosdptos/pdi/pdi.php?pdi=18318
16309;RODRIGUEZ GUERRERO;MIGUEL;http://alojawebapps.us.es/centrosdptos/pdi/pdi.php?pdi=16309
7923;RODRIGUEZ GUTIERREZ;CRISTINA DEL VALLE;http://alojawebapps.us.es/centrosdptos/pdi/pdi.php?pdi=7923
2603;RODRIGUEZ GUTIERREZ;MARIA JOSE;http://alojawebapps.us.es/centrosdptos/pdi/pdi.php?pdi=2603
18474;RODRIGUEZ GUTIERREZ;MILENA;http://alojawebapps.us.es/centrosdptos/pdi/pdi.php?pdi=18474
14643;RODRIGUEZ GUTIERREZ;NICOMEDES;http://alojawebapps.us.es/centrosdptos/pdi/pdi.php?pdi=14643
6910;RODRIGUEZ GUTIERREZ;OLIVA;http://alojawebapps.us.es/centrosdptos/pdi/pdi.php?pdi=6910
4174;RODRIGUEZ JIMENEZ;CARLOS E;http://alojawebapps.us.es/centrosdptos/pdi/pdi.php?pdi=4174
2767;RODRIGUEZ JODAR;MIGUEL ANGEL;http://alojawebapps.us.es/centrosdptos/pdi/pdi.php?pdi=2767
5295;RODRIGUEZ LEDESMA;MARIA NIEVES;http://alojawebapps.us.es/centrosdptos/pdi/pdi.php?pdi=5295
8864;RODRIGUEZ LEON;MARIA TERESA;http://alojawebapps.us.es/centrosdptos/pdi/pdi.php?pdi=8864
8990;RODRIGUEZ LIZANA;ANTONIO;http://alojawebapps.us.es/centrosdptos/pdi/pdi.php?pdi=8990
2241;RODRIGUEZ LLORENTE;IGNACIO DAVID;http://alojawebapps.us.es/centrosdptos/pdi/pdi.php?pdi=2241
4285;RODRIGUEZ LOPEZ;MANUEL;http://alojawebapps.us.es/centrosdptos/pdi/pdi.php?pdi=4285
14123;RODRIGUEZ LORA;JUAN ANDRES;http://alojawebapps.us.es/centrosdptos/pdi/pdi.php?pdi=14123
17835;RODRIGUEZ LUCENA;DAVID;http://alojawebapps.us.es/centrosdptos/pdi/pdi.php?pdi=17835
5297;RODRIGUEZ LUIS;ALEJANDRO JOSE;http://alojawebapps.us.es/centrosdptos/pdi/pdi.php?pdi=5297
16680;RODRIGUEZ MANZANO;MARTA;http://alojawebapps.us.es/centrosdptos/pdi/pdi.php?pdi=16680
9143;RODRIGUEZ MARIN;FATIMA;http://alojawebapps.us.es/centrosdptos/pdi/pdi.php?pdi=9143
15184;RODRIGUEZ MARISCAL;JOSE DANIEL;http://alojawebapps.us.es/centrosdptos/pdi/pdi.php?pdi=15184
11008;RODRIGUEZ MARTINEZ;ELENA ISABEL;http://alojawebapps.us.es/centrosdptos/pdi/pdi.php?pdi=11008
2605;RODRIGUEZ MARTINEZ;HERMINIA;http://alojawebapps.us.es/centrosdptos/pdi/pdi.php?pdi=2605
7159;RODRIGUEZ MARTINEZ;JOSE MANUEL;http://alojawebapps.us.es/centrosdptos/pdi/pdi.php?pdi=7159
16910;RODRIGUEZ MARTOS;RAMON;http://alojawebapps.us.es/centrosdptos/pdi/pdi.php?pdi=16910
2721;RODRIGUEZ MATARREDONA;ESPERANZA;http://alojawebapps.us.es/centrosdptos/pdi/pdi.php?pdi=2721
3294;RODRIGUEZ MATEOS;JUAN CARLOS;http://alojawebapps.us.es/centrosdptos/pdi/pdi.php?pdi=3294
3755;RODRIGUEZ MAYORGA;MARIA ESPERANZA;http://alojawebapps.us.es/centrosdptos/pdi/pdi.php?pdi=3755
12127;RODRIGUEZ MEDINA;ISABEL CLARA;http://alojawebapps.us.es/centrosdptos/pdi/pdi.php?pdi=12127
15516;RODRIGUEZ MENACHO;DIEGO;http://alojawebapps.us.es/centrosdptos/pdi/pdi.php?pdi=15516
14385;RODRIGUEZ MOLINA;ANTONIO;http://alojawebapps.us.es/centrosdptos/pdi/pdi.php?pdi=14385
9267;RODRIGUEZ MORILLA;FELIPE;http://alojawebapps.us.es/centrosdptos/pdi/pdi.php?pdi=9267
5985;RODRIGUEZ MORILLA;MARIA DEL CARMEN;http://alojawebapps.us.es/centrosdptos/pdi/pdi.php?pdi=5985
6313;RODRIGUEZ MUÑOZ;PEDRO;http://alojawebapps.us.es/centrosdptos/pdi/pdi.php?pdi=6313
2803;RODRIGUEZ ORTIZ;ISABEL DE LOS REYES;http://alojawebapps.us.es/centrosdptos/pdi/pdi.php?pdi=2803
10493;RODRIGUEZ PALERO;MARÍA;http://alojawebapps.us.es/centrosdptos/pdi/pdi.php?pdi=10493
5989;RODRIGUEZ PAPPALARDO;RAFAEL;http://alojawebapps.us.es/centrosdptos/pdi/pdi.php?pdi=5989
17788;RODRIGUEZ PASTOR;DIEGO ANTONIO;http://alojawebapps.us.es/centrosdptos/pdi/pdi.php?pdi=17788
4448;RODRIGUEZ PIAZZA;LUIS;http://alojawebapps.us.es/centrosdptos/pdi/pdi.php?pdi=4448
13253;RODRIGUEZ PIEDRABUENA;SANDRA;http://alojawebapps.us.es/centrosdptos/pdi/pdi.php?pdi=13253
11756;RODRIGUEZ PULIDO;FRANCISCO JOSE;http://alojawebapps.us.es/centrosdptos/pdi/pdi.php?pdi=11756
3284;RODRIGUEZ QUINTERO;NIURKA;http://alojawebapps.us.es/centrosdptos/pdi/pdi.php?pdi=3284
2375;RODRIGUEZ RAD;CARLOS J;http://alojawebapps.us.es/centrosdptos/pdi/pdi.php?pdi=2375
4990;RODRIGUEZ RAMIREZ;DANIEL;http://alojawebapps.us.es/centrosdptos/pdi/pdi.php?pdi=4990
4445;RODRIGUEZ RAMOS;ASUNCION;http://alojawebapps.us.es/centrosdptos/pdi/pdi.php?pdi=4445
5270;RODRIGUEZ RAMOS;MARIA JOSE;http://alojawebapps.us.es/centrosdptos/pdi/pdi.php?pdi=5270
5267;RODRIGUEZ RAMOS;PATROCINIO TERESA;http://alojawebapps.us.es/centrosdptos/pdi/pdi.php?pdi=5267
9873;RODRIGUEZ RIVAS;ALVARO;http://alojawebapps.us.es/centrosdptos/pdi/pdi.php?pdi=9873
4452;RODRIGUEZ RUBIO;FRANCISCO;http://alojawebapps.us.es/centrosdptos/pdi/pdi.php?pdi=4452
5993;RODRIGUEZ RUIZ;AMADORA;http://alojawebapps.us.es/centrosdptos/pdi/pdi.php?pdi=5993
3293;RODRIGUEZ RUIZ;BLANCA;http://alojawebapps.us.es/centrosdptos/pdi/pdi.php?pdi=3293
9076;RODRIGUEZ SANCHEZ;AUGUSTO REMBRANDT;http://alojawebapps.us.es/centrosdptos/pdi/pdi.php?pdi=9076
9526;RODRIGUEZ SANCHEZ;FRANCISCO;http://alojawebapps.us.es/centrosdptos/pdi/pdi.php?pdi=9526
2259;RODRIGUEZ SANTERO;JAVIER;http://alojawebapps.us.es/centrosdptos/pdi/pdi.php?pdi=2259
17804;RODRIGUEZ SEGUEL;ELISA DEL PILAR;http://alojawebapps.us.es/centrosdptos/pdi/pdi.php?pdi=17804
10769;RODRIGUEZ SERRANO;CARMEN;http://alojawebapps.us.es/centrosdptos/pdi/pdi.php?pdi=10769
9654;RODRIGUEZ SERRANO;M DE LOS ANGELES;http://alojawebapps.us.es/centrosdptos/pdi/pdi.php?pdi=9654
16926;RODRIGUEZ SUAREZ;NOELIA;http://alojawebapps.us.es/centrosdptos/pdi/pdi.php?pdi=16926
11726;RODRIGUEZ TELLEZ;MANUEL JOSE;http://alojawebapps.us.es/centrosdptos/pdi/pdi.php?pdi=11726
18333;RODRIGUEZ TENORIO;GUILLERMO;http://alojawebapps.us.es/centrosdptos/pdi/pdi.php?pdi=18333
4674;RODRIGUEZ TESTAL;JUAN FRANCISCO;http://alojawebapps.us.es/centrosdptos/pdi/pdi.php?pdi=4674
4372;RODRIGUEZ TORO;JOSE JAVIER;http://alojawebapps.us.es/centrosdptos/pdi/pdi.php?pdi=4372
3153;RODRIGUEZ VALLS;FRANCISCO PAULA;http://alojawebapps.us.es/centrosdptos/pdi/pdi.php?pdi=3153
2380;RODRIGUEZ VAZQUEZ;ANGEL BENITO;http://alojawebapps.us.es/centrosdptos/pdi/pdi.php?pdi=2380
2311;RODRIGUEZ VAZQUEZ;MARIA ANGELES;http://alojawebapps.us.es/centrosdptos/pdi/pdi.php?pdi=2311
2606;RODRIGUEZ-BOBADA REY;JOAQUINA;http://alojawebapps.us.es/centrosdptos/pdi/pdi.php?pdi=2606
7707;RODRIGUEZ-IZQUIERDO SERRANO;MIRYAM;http://alojawebapps.us.es/centrosdptos/pdi/pdi.php?pdi=7707
2215;RODRIGUEZ-PIÑERO DURAN;MANUEL;http://alojawebapps.us.es/centrosdptos/pdi/pdi.php?pdi=2215
6277;RODRIGUEZ-PIÑERO ROYO;FRANCISCO;http://alojawebapps.us.es/centrosdptos/pdi/pdi.php?pdi=6277
10984;RODRIGUEZ-PIÑERO ROYO;MIGUEL;http://alojawebapps.us.es/centrosdptos/pdi/pdi.php?pdi=10984
6921;RODRIGUEZ-SACRISTAN CASCAJO;ANDRES MANUEL;http://alojawebapps.us.es/centrosdptos/pdi/pdi.php?pdi=6921
9129;ROJAS ALVAREZ;M ANGELES DE;http://alojawebapps.us.es/centrosdptos/pdi/pdi.php?pdi=9129
5995;ROJAS ALVAREZ;MANUEL DE;http://alojawebapps.us.es/centrosdptos/pdi/pdi.php?pdi=5995
13633;ROJAS FERNANDEZ;JUAN MANUEL;http://alojawebapps.us.es/centrosdptos/pdi/pdi.php?pdi=13633
12051;ROJAS GOMEZ;OSCAR ALAN;http://alojawebapps.us.es/centrosdptos/pdi/pdi.php?pdi=12051
8721;ROJAS LEON;ANTONIO;http://alojawebapps.us.es/centrosdptos/pdi/pdi.php?pdi=8721
17345;ROJAS RIOS;PATRICIA;http://alojawebapps.us.es/centrosdptos/pdi/pdi.php?pdi=17345
10695;ROJAS RODRIGUEZ;MIGUEL ANGEL;http://alojawebapps.us.es/centrosdptos/pdi/pdi.php?pdi=10695
9929;ROJAS TORRIJOS;JOSE LUIS;http://alojawebapps.us.es/centrosdptos/pdi/pdi.php?pdi=9929
16293;ROJAS-MARCOS ALBERT;ROCIO DEL PILAR;http://alojawebapps.us.es/centrosdptos/pdi/pdi.php?pdi=16293
10701;ROJAS-MARCOS GONZALEZ;JESUS;http://alojawebapps.us.es/centrosdptos/pdi/pdi.php?pdi=10701
13326;ROLDAN CAÑIZARES;ENRIQUE;http://alojawebapps.us.es/centrosdptos/pdi/pdi.php?pdi=13326
2379;ROLDAN CASTRO;ROSARIO DE FATIMA;http://alojawebapps.us.es/centrosdptos/pdi/pdi.php?pdi=2379
11199;ROLDAN FERNANDEZ;JUAN MANUEL;http://alojawebapps.us.es/centrosdptos/pdi/pdi.php?pdi=11199
18523;ROLDAN GONZALEZ;IRENE;http://alojawebapps.us.es/centrosdptos/pdi/pdi.php?pdi=18523
15156;ROLDAN MELCHOR;NATIVIDAD;http://alojawebapps.us.es/centrosdptos/pdi/pdi.php?pdi=15156
3922;ROLDAN SALGUEIRO;JOSE LUIS;http://alojawebapps.us.es/centrosdptos/pdi/pdi.php?pdi=3922
7724;ROLLON MAYORDOMO;ANGEL;http://alojawebapps.us.es/centrosdptos/pdi/pdi.php?pdi=7724
17091;ROLLON UGALDE;VIRGINIA;http://alojawebapps.us.es/centrosdptos/pdi/pdi.php?pdi=17091
18301;ROMAINE;JAMES BRIAN;http://alojawebapps.us.es/centrosdptos/pdi/pdi.php?pdi=18301
16402;ROMAN CASARES;ENCARNACION;http://alojawebapps.us.es/centrosdptos/pdi/pdi.php?pdi=16402
4336;ROMAN GRAVAN;PEDRO;http://alojawebapps.us.es/centrosdptos/pdi/pdi.php?pdi=4336
3921;ROMAN GUTIERREZ;MARIA ISABEL;http://alojawebapps.us.es/centrosdptos/pdi/pdi.php?pdi=3921
12861;ROMAN HIDALGO;CRISTINA;http://alojawebapps.us.es/centrosdptos/pdi/pdi.php?pdi=12861
11671;ROMAN MARQUEZ;ALEJANDRO;http://alojawebapps.us.es/centrosdptos/pdi/pdi.php?pdi=11671
2301;ROMAN MARTINEZ;ISABEL;http://alojawebapps.us.es/centrosdptos/pdi/pdi.php?pdi=2301
2889;ROMAN ONSALO;MARIA LUISA;http://alojawebapps.us.es/centrosdptos/pdi/pdi.php?pdi=2889
6984;ROMAN RODRIGUEZ;MAITE;http://alojawebapps.us.es/centrosdptos/pdi/pdi.php?pdi=6984
7652;ROMAN SAN MIGUEL;ARANZAZU;http://alojawebapps.us.es/centrosdptos/pdi/pdi.php?pdi=7652
12400;ROMAN SANCHEZ;MARIA DEL CARMEN;http://alojawebapps.us.es/centrosdptos/pdi/pdi.php?pdi=12400
9452;ROMAN VACA;EDUARDO;http://alojawebapps.us.es/centrosdptos/pdi/pdi.php?pdi=9452
9679;ROMERA HINIESTA;FATIMA;http://alojawebapps.us.es/centrosdptos/pdi/pdi.php?pdi=9679
10594;ROMERO ALONSO;ALBERTO ANTONIO;http://alojawebapps.us.es/centrosdptos/pdi/pdi.php?pdi=10594
7377;ROMERO BAENA;ANTONIO;http://alojawebapps.us.es/centrosdptos/pdi/pdi.php?pdi=7377
14320;ROMERO BALESTRA;FERNANDO;http://alojawebapps.us.es/centrosdptos/pdi/pdi.php?pdi=14320
11198;ROMERO CAMPERO;FRANCISCO JOSE;http://alojawebapps.us.es/centrosdptos/pdi/pdi.php?pdi=11198
16940;ROMERO CASTILLO;ROCIO;http://alojawebapps.us.es/centrosdptos/pdi/pdi.php?pdi=16940
7117;ROMERO DOMINGUEZ;LORENA ROSALÍA;http://alojawebapps.us.es/centrosdptos/pdi/pdi.php?pdi=7117
2243;ROMERO ENRIQUE;JOSE MANUEL;http://alojawebapps.us.es/centrosdptos/pdi/pdi.php?pdi=2243
3157;ROMERO FERNANDEZ;JESUS ANTONIO;http://alojawebapps.us.es/centrosdptos/pdi/pdi.php?pdi=3157
18461;ROMERO FLORES;ADRIAN;http://alojawebapps.us.es/centrosdptos/pdi/pdi.php?pdi=18461
8557;ROMERO GARCIA;ALBERTO;http://alojawebapps.us.es/centrosdptos/pdi/pdi.php?pdi=8557
15132;ROMERO GARCIA;CAROLINA;http://alojawebapps.us.es/centrosdptos/pdi/pdi.php?pdi=15132
5740;ROMERO GARCIA;JOSE ENRIQUE;http://alojawebapps.us.es/centrosdptos/pdi/pdi.php?pdi=5740
16641;ROMERO GARCIA;RAFAEL;http://alojawebapps.us.es/centrosdptos/pdi/pdi.php?pdi=16641
9762;ROMERO GOMEZ;MANUEL;http://alojawebapps.us.es/centrosdptos/pdi/pdi.php?pdi=9762
15485;ROMERO GOMEZ;MARIA ISABEL;http://alojawebapps.us.es/centrosdptos/pdi/pdi.php?pdi=15485
10084;ROMERO GONZALEZ;ELADIO MARTIN;http://alojawebapps.us.es/centrosdptos/pdi/pdi.php?pdi=10084
4676;ROMERO HERNANDEZ;ROCIO;http://alojawebapps.us.es/centrosdptos/pdi/pdi.php?pdi=4676
2607;ROMERO JIMENEZ;ALVARO;http://alojawebapps.us.es/centrosdptos/pdi/pdi.php?pdi=2607
3817;ROMERO LANDA;FRANCISCO JAVIER;http://alojawebapps.us.es/centrosdptos/pdi/pdi.php?pdi=3817
3158;ROMERO LANDA;LUIS BENJAMIN;http://alojawebapps.us.es/centrosdptos/pdi/pdi.php?pdi=3158
3159;ROMERO LUNA;ISIDORO;http://alojawebapps.us.es/centrosdptos/pdi/pdi.php?pdi=3159
13543;ROMERO LUNA;MARTA;http://alojawebapps.us.es/centrosdptos/pdi/pdi.php?pdi=13543
5998;ROMERO MARTINEZ-CAÑAVATE;JAVIER;http://alojawebapps.us.es/centrosdptos/pdi/pdi.php?pdi=5998
3665;ROMERO MORENO;MARIA DEL CARMEN;http://alojawebapps.us.es/centrosdptos/pdi/pdi.php?pdi=3665
14262;ROMERO NEVADO;CARMEN;http://alojawebapps.us.es/centrosdptos/pdi/pdi.php?pdi=14262
11479;ROMERO NOGUERA;JULIO;http://alojawebapps.us.es/centrosdptos/pdi/pdi.php?pdi=11479
8618;ROMERO ORDOÑEZ;ANTONIO;http://alojawebapps.us.es/centrosdptos/pdi/pdi.php?pdi=8618
16003;ROMERO ORGANVIDEZ;DAVID;http://alojawebapps.us.es/centrosdptos/pdi/pdi.php?pdi=16003
6821;ROMERO PEREZ;CLARA;http://alojawebapps.us.es/centrosdptos/pdi/pdi.php?pdi=6821
10030;ROMERO PEREZ;LUIS MIGUEL;http://alojawebapps.us.es/centrosdptos/pdi/pdi.php?pdi=10030
6467;ROMERO PORTILLO;FRANCISCO;http://alojawebapps.us.es/centrosdptos/pdi/pdi.php?pdi=6467
4446;ROMERO PRADAS;MARIA ISABEL;http://alojawebapps.us.es/centrosdptos/pdi/pdi.php?pdi=4446
5999;ROMERO RAMOS;ESTHER;http://alojawebapps.us.es/centrosdptos/pdi/pdi.php?pdi=5999
5279;ROMERO RODRIGUEZ;JOSE MARIA;http://alojawebapps.us.es/centrosdptos/pdi/pdi.php?pdi=5279
13602;ROMERO RODRIGUEZ;NIEVES;http://alojawebapps.us.es/centrosdptos/pdi/pdi.php?pdi=13602
4678;ROMERO RODRIGUEZ;SOLEDAD;http://alojawebapps.us.es/centrosdptos/pdi/pdi.php?pdi=4678
16957;ROMERO ROMERO;LUIS RAMON;http://alojawebapps.us.es/centrosdptos/pdi/pdi.php?pdi=16957
5281;ROMERO ROMERO;MANUEL;http://alojawebapps.us.es/centrosdptos/pdi/pdi.php?pdi=5281
2371;ROMERO ROMERO;MARIA GLORIA;http://alojawebapps.us.es/centrosdptos/pdi/pdi.php?pdi=2371
8828;ROMERO RUEDA;EMILIO;http://alojawebapps.us.es/centrosdptos/pdi/pdi.php?pdi=8828
13666;ROMERO RUIZ;FRANCISCO;http://alojawebapps.us.es/centrosdptos/pdi/pdi.php?pdi=13666
14599;ROMERO SANCHEZ;EMILIO;http://alojawebapps.us.es/centrosdptos/pdi/pdi.php?pdi=14599
7964;ROMERO SARRIA;FRANCISCA;http://alojawebapps.us.es/centrosdptos/pdi/pdi.php?pdi=7964
5278;ROMERO SOLIS;EDUARDO;http://alojawebapps.us.es/centrosdptos/pdi/pdi.php?pdi=5278
5081;ROMERO TENA;ROSALIA;http://alojawebapps.us.es/centrosdptos/pdi/pdi.php?pdi=5081
2745;ROMERO TERNERO;MARIA DEL CARMEN;http://alojawebapps.us.es/centrosdptos/pdi/pdi.php?pdi=2745
14822;ROMERO VERA;DIEGO;http://alojawebapps.us.es/centrosdptos/pdi/pdi.php?pdi=14822
6000;RONCEL GIL;MERCEDES;http://alojawebapps.us.es/centrosdptos/pdi/pdi.php?pdi=6000
13806;RONDA GALVEZ;ALICIA;http://alojawebapps.us.es/centrosdptos/pdi/pdi.php?pdi=13806
8230;RONDA IGLESIAS;JAVIER;http://alojawebapps.us.es/centrosdptos/pdi/pdi.php?pdi=8230
5007;RONDAN CATALUÑA;FRANCISCO JAVIER;http://alojawebapps.us.es/centrosdptos/pdi/pdi.php?pdi=5007
17913;RONDON ROMERO;JOSE LUIS;http://alojawebapps.us.es/centrosdptos/pdi/pdi.php?pdi=17913
14731;ROODVELDT;CINTIA;http://alojawebapps.us.es/centrosdptos/pdi/pdi.php?pdi=14731
6559;ROPERO RODRIGUEZ;JORGE;http://alojawebapps.us.es/centrosdptos/pdi/pdi.php?pdi=6559
18469;ROS CASES;LAURA;http://alojawebapps.us.es/centrosdptos/pdi/pdi.php?pdi=18469
10677;ROS CLEMENTE;MACARENA;http://alojawebapps.us.es/centrosdptos/pdi/pdi.php?pdi=10677
4291;ROS GONZALEZ;FRANCISCO;http://alojawebapps.us.es/centrosdptos/pdi/pdi.php?pdi=4291
6002;ROS PADILLA;FRANCISCO JAVIER;http://alojawebapps.us.es/centrosdptos/pdi/pdi.php?pdi=6002
3668;ROS PADILLA;MANUEL;http://alojawebapps.us.es/centrosdptos/pdi/pdi.php?pdi=3668
2881;ROSA ACOSTA;MIGUEL ANGEL DE LA;http://alojawebapps.us.es/centrosdptos/pdi/pdi.php?pdi=2881
2880;ROSA DIAZ;ISABEL MARIA;http://alojawebapps.us.es/centrosdptos/pdi/pdi.php?pdi=2880
6269;ROSA IGLESIAS;MANUEL FELIPE;http://alojawebapps.us.es/centrosdptos/pdi/pdi.php?pdi=6269
14600;ROSA SAINZ;ANA;http://alojawebapps.us.es/centrosdptos/pdi/pdi.php?pdi=14600
4873;ROSA TROYANO;FRANCISCO FERNANDO DE LA;http://alojawebapps.us.es/centrosdptos/pdi/pdi.php?pdi=4873
5011;ROSA UTRERA;JOSE MANUEL DE LA;http://alojawebapps.us.es/centrosdptos/pdi/pdi.php?pdi=5011
17554;ROSADO ALCARRIA;DANIEL JESUS;http://alojawebapps.us.es/centrosdptos/pdi/pdi.php?pdi=17554
11184;ROSADO GARCES;MIGUEL PABLO;http://alojawebapps.us.es/centrosdptos/pdi/pdi.php?pdi=11184
13773;ROSALES BECERRA;ANGELA MARIA;http://alojawebapps.us.es/centrosdptos/pdi/pdi.php?pdi=13773
12725;ROSALES MARTINEZ;ANTONIO;http://alojawebapps.us.es/centrosdptos/pdi/pdi.php?pdi=12725
16442;ROSALES TRISTANCHO;ABEL;http://alojawebapps.us.es/centrosdptos/pdi/pdi.php?pdi=16442
7933;ROSAS CELIS;MERCEDES HELENA;http://alojawebapps.us.es/centrosdptos/pdi/pdi.php?pdi=7933
5959;ROSENDO MACIAS;JOSE ANTONIO;http://alojawebapps.us.es/centrosdptos/pdi/pdi.php?pdi=5959
11898;ROSILLO RAMIREZ;MARIA DE LOS ANGELES;http://alojawebapps.us.es/centrosdptos/pdi/pdi.php?pdi=11898
2726;ROSSINI OLIVA;SABINA;http://alojawebapps.us.es/centrosdptos/pdi/pdi.php?pdi=2726
17024;ROUCO ZUFIAURRE;CARLOS;http://alojawebapps.us.es/centrosdptos/pdi/pdi.php?pdi=17024
14291;ROVIRA GUTIERREZ;MANUEL;http://alojawebapps.us.es/centrosdptos/pdi/pdi.php?pdi=14291
8526;ROYO NARANJO;MARIA LOURDES;http://alojawebapps.us.es/centrosdptos/pdi/pdi.php?pdi=8526
6455;RUANO CABALLERO;DIEGO;http://alojawebapps.us.es/centrosdptos/pdi/pdi.php?pdi=6455
2387;RUBIALES CABALLERO;FRANCISCA VICTORIANA;http://alojawebapps.us.es/centrosdptos/pdi/pdi.php?pdi=2387
4973;RUBIÑO CHACON;LUIS FRANCISCO;http://alojawebapps.us.es/centrosdptos/pdi/pdi.php?pdi=4973
11249;RUBINO;SAMUELE;http://alojawebapps.us.es/centrosdptos/pdi/pdi.php?pdi=11249
11679;RUBIO BELLIDO;CARLOS;http://alojawebapps.us.es/centrosdptos/pdi/pdi.php?pdi=11679
4869;RUBIO CALVO;AMALIA MACARENA;http://alojawebapps.us.es/centrosdptos/pdi/pdi.php?pdi=4869
7788;RUBIO CASAL;ALFREDO E;http://alojawebapps.us.es/centrosdptos/pdi/pdi.php?pdi=7788
4175;RUBIO DE HITA;PALOMA;http://alojawebapps.us.es/centrosdptos/pdi/pdi.php?pdi=4175
8524;RUBIO ESCUDERO;CRISTINA;http://alojawebapps.us.es/centrosdptos/pdi/pdi.php?pdi=8524
3933;RUBIO GARRIDO;TOMAS;http://alojawebapps.us.es/centrosdptos/pdi/pdi.php?pdi=3933
11109;RUBIO HERNANDEZ;MARIA DEL MAR;http://alojawebapps.us.es/centrosdptos/pdi/pdi.php?pdi=11109
5994;RUBIO MARIN;RUTH;http://alojawebapps.us.es/centrosdptos/pdi/pdi.php?pdi=5994
18283;RUBIO MARTIN;JUAN LUIS;http://alojawebapps.us.es/centrosdptos/pdi/pdi.php?pdi=18283
5312;RUBIO MAYORAL;JUAN LUIS;http://alojawebapps.us.es/centrosdptos/pdi/pdi.php?pdi=5312
17810;RUBIO ORTIZ;MARIA;http://alojawebapps.us.es/centrosdptos/pdi/pdi.php?pdi=17810
17905;RUBIO PLATERO;MARIA LILIANA;http://alojawebapps.us.es/centrosdptos/pdi/pdi.php?pdi=17905
13703;RUBIO ROMERO;RAFAEL;http://alojawebapps.us.es/centrosdptos/pdi/pdi.php?pdi=13703
5992;RUEDA FERNANDEZ;CASILDA;http://alojawebapps.us.es/centrosdptos/pdi/pdi.php?pdi=5992
15665;RUEDA GARCIA;MARTA;http://alojawebapps.us.es/centrosdptos/pdi/pdi.php?pdi=15665
3268;RUEDA MENDEZ;SAMUEL;http://alojawebapps.us.es/centrosdptos/pdi/pdi.php?pdi=3268
6323;RUEDA TORRES;JUAN ANTONIO;http://alojawebapps.us.es/centrosdptos/pdi/pdi.php?pdi=6323
5325;RUFIAN LIZANA;ANTONIO;http://alojawebapps.us.es/centrosdptos/pdi/pdi.php?pdi=5325
4463;RUFINO RUS;JOSE IGNACIO;http://alojawebapps.us.es/centrosdptos/pdi/pdi.php?pdi=4463
3154;RUIZ ACOSTA;MARIA JOSE;http://alojawebapps.us.es/centrosdptos/pdi/pdi.php?pdi=3154
3664;RUIZ ALBERT;IGNACIO;http://alojawebapps.us.es/centrosdptos/pdi/pdi.php?pdi=3664
13120;RUIZ ALTABA;ROCIO;http://alojawebapps.us.es/centrosdptos/pdi/pdi.php?pdi=13120
16541;RUIZ ALVAREZ;VICTOR;http://alojawebapps.us.es/centrosdptos/pdi/pdi.php?pdi=16541
5326;RUIZ ARAHAL;MANUEL;http://alojawebapps.us.es/centrosdptos/pdi/pdi.php?pdi=5326
5721;RUIZ CORTES;ANTONIO;http://alojawebapps.us.es/centrosdptos/pdi/pdi.php?pdi=5721
2303;RUIZ CORTES;DAVID;http://alojawebapps.us.es/centrosdptos/pdi/pdi.php?pdi=2303
5014;RUIZ DE CLAVIJO VAZQUEZ;PAULINO;http://alojawebapps.us.es/centrosdptos/pdi/pdi.php?pdi=5014
8440;RUIZ DE LA HABA;RAFAEL;http://alojawebapps.us.es/centrosdptos/pdi/pdi.php?pdi=8440
3415;RUIZ DE LACANAL RUIZ-MATEOS;MARIA DOLORES;http://alojawebapps.us.es/centrosdptos/pdi/pdi.php?pdi=3415
3422;RUIZ DEL CASTILLO;JOSE CARLOS;http://alojawebapps.us.es/centrosdptos/pdi/pdi.php?pdi=3422
3666;RUIZ DOMINGUEZ;MANUELA SEBASTIANA;http://alojawebapps.us.es/centrosdptos/pdi/pdi.php?pdi=3666
16462;RUIZ FERNANDEZ;MANUEL;http://alojawebapps.us.es/centrosdptos/pdi/pdi.php?pdi=16462
11587;RUIZ FERRON;MARIA CECILIA;http://alojawebapps.us.es/centrosdptos/pdi/pdi.php?pdi=11587
8832;RUIZ GANDARA;AFRICA;http://alojawebapps.us.es/centrosdptos/pdi/pdi.php?pdi=8832
17811;RUIZ GARCIA;DAVID;http://alojawebapps.us.es/centrosdptos/pdi/pdi.php?pdi=17811
6328;RUIZ GARCIA;MARIA TERESA;http://alojawebapps.us.es/centrosdptos/pdi/pdi.php?pdi=6328
13363;RUIZ GOMEZ;MANUELA;http://alojawebapps.us.es/centrosdptos/pdi/pdi.php?pdi=13363
2892;RUIZ JIMENEZ;ANTONIO;http://alojawebapps.us.es/centrosdptos/pdi/pdi.php?pdi=2892
8706;RUIZ LAZA;ROCIO;http://alojawebapps.us.es/centrosdptos/pdi/pdi.php?pdi=8706
4862;RUIZ LEON;CONSOLACION;http://alojawebapps.us.es/centrosdptos/pdi/pdi.php?pdi=4862
14901;RUIZ LUQUE;VIRGILIO;http://alojawebapps.us.es/centrosdptos/pdi/pdi.php?pdi=14901
2893;RUIZ MENDEZ;MAURO;http://alojawebapps.us.es/centrosdptos/pdi/pdi.php?pdi=2893
16984;RUIZ MONTESINO;MARIA DOLORES;http://alojawebapps.us.es/centrosdptos/pdi/pdi.php?pdi=16984
6956;RUIZ MORALES;JORGE;http://alojawebapps.us.es/centrosdptos/pdi/pdi.php?pdi=6956
4935;RUIZ MORENO;CAROLINA;http://alojawebapps.us.es/centrosdptos/pdi/pdi.php?pdi=4935
18516;RUIZ MORENO;SARA;http://alojawebapps.us.es/centrosdptos/pdi/pdi.php?pdi=18516
17618;RUIZ MUÑOZ;MANUEL JESUS;http://alojawebapps.us.es/centrosdptos/pdi/pdi.php?pdi=17618
15864;RUIZ NARBONA;ESAUL;http://alojawebapps.us.es/centrosdptos/pdi/pdi.php?pdi=15864
12973;RUIZ OLMO;IRENE MARIA;http://alojawebapps.us.es/centrosdptos/pdi/pdi.php?pdi=12973
3876;RUIZ ORTIZ;GABRIEL;http://alojawebapps.us.es/centrosdptos/pdi/pdi.php?pdi=3876
6754;RUIZ PEREZ;JOSE FRANCISCO;http://alojawebapps.us.es/centrosdptos/pdi/pdi.php?pdi=6754
17712;RUIZ PEREZ;MARIA DEL ROCIO;http://alojawebapps.us.es/centrosdptos/pdi/pdi.php?pdi=17712
12376;RUIZ REINA;ANTONIO RAFAEL;http://alojawebapps.us.es/centrosdptos/pdi/pdi.php?pdi=12376
4177;RUIZ REINA;JOSE LUIS;http://alojawebapps.us.es/centrosdptos/pdi/pdi.php?pdi=4177
6005;RUIZ RODRIGUEZ;FRANCISCA;http://alojawebapps.us.es/centrosdptos/pdi/pdi.php?pdi=6005
18440;RUIZ RODRIGUEZ;IVAN DE LOS REYES;http://alojawebapps.us.es/centrosdptos/pdi/pdi.php?pdi=18440
18151;RUIZ ROMERA;DANIEL;http://alojawebapps.us.es/centrosdptos/pdi/pdi.php?pdi=18151
12419;RUIZ ROMERO;FRANCISCO;http://alojawebapps.us.es/centrosdptos/pdi/pdi.php?pdi=12419
18354;RUIZ ROMERO;ZARA MARIA;http://alojawebapps.us.es/centrosdptos/pdi/pdi.php?pdi=18354
3408;RUIZ SANCHEZ;JOSE LEONARDO;http://alojawebapps.us.es/centrosdptos/pdi/pdi.php?pdi=3408
15771;RUIZ SOLA;MARIA DEL AGUILA;http://alojawebapps.us.es/centrosdptos/pdi/pdi.php?pdi=15771
14307;RUIZ VEGUILLA;MIGUEL;http://alojawebapps.us.es/centrosdptos/pdi/pdi.php?pdi=14307
12735;RUIZ VIOLA;MARÍA CAMELIA;http://alojawebapps.us.es/centrosdptos/pdi/pdi.php?pdi=12735
5245;RUIZ YAMUZA;EMILIA REYES;http://alojawebapps.us.es/centrosdptos/pdi/pdi.php?pdi=5245
8353;SAAVEDRA MACIAS;FRANCISCO JAVIER;http://alojawebapps.us.es/centrosdptos/pdi/pdi.php?pdi=8353
15726;SABARIEGO GOMEZ;MANUEL JESUS;http://alojawebapps.us.es/centrosdptos/pdi/pdi.php?pdi=15726
15921;SABATER NAVARRO;GREGORIO;http://alojawebapps.us.es/centrosdptos/pdi/pdi.php?pdi=15921
2550;SABUCO CANTO;ASSUMPTA;http://alojawebapps.us.es/centrosdptos/pdi/pdi.php?pdi=2550
3099;SACRISTAN DIAZ;MACARENA;http://alojawebapps.us.es/centrosdptos/pdi/pdi.php?pdi=3099
4434;SAEZ AGULLO;CARMEN;http://alojawebapps.us.es/centrosdptos/pdi/pdi.php?pdi=4434
15083;SAEZ ORTEGA;MARIA LORETO;http://alojawebapps.us.es/centrosdptos/pdi/pdi.php?pdi=15083
2551;SAEZ PEREZ;ANDRES;http://alojawebapps.us.es/centrosdptos/pdi/pdi.php?pdi=2551
9736;SAEZ PRADAS;FERNANDO;http://alojawebapps.us.es/centrosdptos/pdi/pdi.php?pdi=9736
13337;SAEZ ROMERO;ANTONIO MANUEL;http://alojawebapps.us.es/centrosdptos/pdi/pdi.php?pdi=13337
8715;SAINZ BUENO;JOSE ANTONIO;http://alojawebapps.us.es/centrosdptos/pdi/pdi.php?pdi=8715
5096;SAINZ GUTIERREZ;VICTORIANO;http://alojawebapps.us.es/centrosdptos/pdi/pdi.php?pdi=5096
5250;SAINZ LERCHUNDI;MARIA ASUNCION;http://alojawebapps.us.es/centrosdptos/pdi/pdi.php?pdi=5250
14925;SALAMANCA BAUTISTA;MARIA DEL PRADO;http://alojawebapps.us.es/centrosdptos/pdi/pdi.php?pdi=14925
3863;SALAMANCA MIÑO;BEGOÑA;http://alojawebapps.us.es/centrosdptos/pdi/pdi.php?pdi=3863
16295;SALAMANCA RIVERA;CELIA;http://alojawebapps.us.es/centrosdptos/pdi/pdi.php?pdi=16295
7226;SALAS ACOSTA;LUZ MARINA;http://alojawebapps.us.es/centrosdptos/pdi/pdi.php?pdi=7226
15653;SALAS AZCONA;MARIA DEL ROSARIO;http://alojawebapps.us.es/centrosdptos/pdi/pdi.php?pdi=15653
2872;SALAS GARCIA;COSME;http://alojawebapps.us.es/centrosdptos/pdi/pdi.php?pdi=2872
3489;SALAS GOMEZ;FRANCISCO;http://alojawebapps.us.es/centrosdptos/pdi/pdi.php?pdi=3489
17675;SALAS RUIZ;SANDRA;http://alojawebapps.us.es/centrosdptos/pdi/pdi.php?pdi=17675
15116;SALCES RODRIGO;MARIA TERESA;http://alojawebapps.us.es/centrosdptos/pdi/pdi.php?pdi=15116
14710;SALDAÑA FERNANDEZ;JOSE;http://alojawebapps.us.es/centrosdptos/pdi/pdi.php?pdi=14710
4122;SALDAÑA SAGE;DAVID;http://alojawebapps.us.es/centrosdptos/pdi/pdi.php?pdi=4122
18316;SALERNO;DANIELE;http://alojawebapps.us.es/centrosdptos/pdi/pdi.php?pdi=18316
14941;SALGUEIRA LAZO;MERCEDES;http://alojawebapps.us.es/centrosdptos/pdi/pdi.php?pdi=14941
2873;SALGUERO LAMILLAR;FRANCISCO JOSE;http://alojawebapps.us.es/centrosdptos/pdi/pdi.php?pdi=2873
12655;SALINERO GONZALEZ;JESUS;http://alojawebapps.us.es/centrosdptos/pdi/pdi.php?pdi=12655
3260;SALMERON LISSEN;JOSE MANUEL;http://alojawebapps.us.es/centrosdptos/pdi/pdi.php?pdi=3260
8225;SALMERON MEDINA;FRANCISCO;http://alojawebapps.us.es/centrosdptos/pdi/pdi.php?pdi=8225
3607;SALVADOR BELLO;MARIA MERCEDES;http://alojawebapps.us.es/centrosdptos/pdi/pdi.php?pdi=3607
17010;SALVADOR CANUTO;MARTA;http://alojawebapps.us.es/centrosdptos/pdi/pdi.php?pdi=17010
11578;SAMPEDRO SANCHEZ;DAVID;http://alojawebapps.us.es/centrosdptos/pdi/pdi.php?pdi=11578
5298;SAN BERNARDINO CORONIL;JESUS;http://alojawebapps.us.es/centrosdptos/pdi/pdi.php?pdi=5298
3108;SAN JOSE ARANGO;MARIA DEL CARMEN;http://alojawebapps.us.es/centrosdptos/pdi/pdi.php?pdi=3108
14250;SANABRIA DELGADO;DAVID;http://alojawebapps.us.es/centrosdptos/pdi/pdi.php?pdi=14250
10592;SANCHA NAVARRO;JESUS MANUEL DE;http://alojawebapps.us.es/centrosdptos/pdi/pdi.php?pdi=10592
8506;SANCHEZ ACEVEDO;ANA ISABEL;http://alojawebapps.us.es/centrosdptos/pdi/pdi.php?pdi=8506
11685;SANCHEZ ALEX;FERNANDO;http://alojawebapps.us.es/centrosdptos/pdi/pdi.php?pdi=11685
17936;SANCHEZ ALMENDRO;ANTONIO JOSE;http://alojawebapps.us.es/centrosdptos/pdi/pdi.php?pdi=17936
12920;SANCHEZ ANDUJAR;VERONICA OLGA;http://alojawebapps.us.es/centrosdptos/pdi/pdi.php?pdi=12920
5069;SANCHEZ ANTON;GEMMA;http://alojawebapps.us.es/centrosdptos/pdi/pdi.php?pdi=5069
15035;SANCHEZ ARREDONDO;ENRIQUE;http://alojawebapps.us.es/centrosdptos/pdi/pdi.php?pdi=15035
13136;SANCHEZ BENITEZ;DAVID;http://alojawebapps.us.es/centrosdptos/pdi/pdi.php?pdi=13136
6461;SANCHEZ BERNIER;INMACULADA;http://alojawebapps.us.es/centrosdptos/pdi/pdi.php?pdi=6461
4124;SANCHEZ BRAVO;ALVARO AVELINO;http://alojawebapps.us.es/centrosdptos/pdi/pdi.php?pdi=4124
7230;SANCHEZ BRAZA;ANTONIO;http://alojawebapps.us.es/centrosdptos/pdi/pdi.php?pdi=7230
4752;SANCHEZ BURGOS;MARCO ANTONIO;http://alojawebapps.us.es/centrosdptos/pdi/pdi.php?pdi=4752
8381;SANCHEZ CABALLOS;GONZALO;http://alojawebapps.us.es/centrosdptos/pdi/pdi.php?pdi=8381
10497;SANCHEZ CANALES;VANESA;http://alojawebapps.us.es/centrosdptos/pdi/pdi.php?pdi=10497
15511;SANCHEZ CARMONA;SERAFIN;http://alojawebapps.us.es/centrosdptos/pdi/pdi.php?pdi=15511
8068;SANCHEZ CORONILLA;ANTONIO;http://alojawebapps.us.es/centrosdptos/pdi/pdi.php?pdi=8068
16938;SANCHEZ COTA;ARIANA;http://alojawebapps.us.es/centrosdptos/pdi/pdi.php?pdi=16938
7821;SANCHEZ DE ARMAS;MARIA ROCIO;http://alojawebapps.us.es/centrosdptos/pdi/pdi.php?pdi=7821
3611;SANCHEZ DEL RIO VAZQUEZ;MARIA ELENA;http://alojawebapps.us.es/centrosdptos/pdi/pdi.php?pdi=3611
2895;SANCHEZ DOBLADO;FRANCISCO;http://alojawebapps.us.es/centrosdptos/pdi/pdi.php?pdi=2895
8342;SANCHEZ ESPILLAQUE;JESSICA;http://alojawebapps.us.es/centrosdptos/pdi/pdi.php?pdi=8342
10793;SANCHEZ FERNANDEZ;ELENA MATILDE;http://alojawebapps.us.es/centrosdptos/pdi/pdi.php?pdi=10793
18142;SANCHEZ FERNANDEZ;LUIS;http://alojawebapps.us.es/centrosdptos/pdi/pdi.php?pdi=18142
7986;SANCHEZ FIDALGO;SUSANA;http://alojawebapps.us.es/centrosdptos/pdi/pdi.php?pdi=7986
2305;SANCHEZ FORNELINO;PILAR;http://alojawebapps.us.es/centrosdptos/pdi/pdi.php?pdi=2305
5832;SANCHEZ FRANCO;MANUEL JESUS;http://alojawebapps.us.es/centrosdptos/pdi/pdi.php?pdi=5832
4125;SANCHEZ FUENTES;DOMINGO;http://alojawebapps.us.es/centrosdptos/pdi/pdi.php?pdi=4125
18498;SANCHEZ GARCIA;JOSE LUIS;http://alojawebapps.us.es/centrosdptos/pdi/pdi.php?pdi=18498
16708;SANCHEZ GARCIA;MARIA DEL CARMEN;http://alojawebapps.us.es/centrosdptos/pdi/pdi.php?pdi=16708
15400;SANCHEZ GARCIA;MARIA ESTHER;http://alojawebapps.us.es/centrosdptos/pdi/pdi.php?pdi=15400
17946;SANCHEZ GEY VALENZUELA;NURIA CRISTINA;http://alojawebapps.us.es/centrosdptos/pdi/pdi.php?pdi=17946
3409;SANCHEZ GOMEZ;ANA BEATRIZ;http://alojawebapps.us.es/centrosdptos/pdi/pdi.php?pdi=3409
12814;SANCHEZ GOMEZ;NICOLAS;http://alojawebapps.us.es/centrosdptos/pdi/pdi.php?pdi=12814
6911;SANCHEZ GOMEZ;SERAFIN;http://alojawebapps.us.es/centrosdptos/pdi/pdi.php?pdi=6911
11323;SANCHEZ GONZALES;HADA;http://alojawebapps.us.es/centrosdptos/pdi/pdi.php?pdi=11323
13361;SANCHEZ GONZALEZ;JOSE MARÍA;http://alojawebapps.us.es/centrosdptos/pdi/pdi.php?pdi=13361
12720;SANCHEZ GONZALEZ;MARIA DEL CARMEN;http://alojawebapps.us.es/centrosdptos/pdi/pdi.php?pdi=12720
2553;SANCHEZ GONZALEZ;NATIVIDAD;http://alojawebapps.us.es/centrosdptos/pdi/pdi.php?pdi=2553
17846;SANCHEZ GUTIERREZ;BIANCA;http://alojawebapps.us.es/centrosdptos/pdi/pdi.php?pdi=17846
2223;SANCHEZ HERGUEDAS;ANTONIO JESUS;http://alojawebapps.us.es/centrosdptos/pdi/pdi.php?pdi=2223
2366;SANCHEZ HERNANDEZ;JULIO;http://alojawebapps.us.es/centrosdptos/pdi/pdi.php?pdi=2366
16081;SANCHEZ HEVIA;TRIANA;http://alojawebapps.us.es/centrosdptos/pdi/pdi.php?pdi=16081
5025;SANCHEZ HIDALGO;JOSE;http://alojawebapps.us.es/centrosdptos/pdi/pdi.php?pdi=5025
8079;SANCHEZ HIDALGO;MARINA;http://alojawebapps.us.es/centrosdptos/pdi/pdi.php?pdi=8079
8940;SANCHEZ JEREZ;ANA BELEN;http://alojawebapps.us.es/centrosdptos/pdi/pdi.php?pdi=8940
5833;SANCHEZ JIMENEZ;ENRIQUE;http://alojawebapps.us.es/centrosdptos/pdi/pdi.php?pdi=5833
4126;SANCHEZ JIMENEZ;FRANCISCO JAVIER;http://alojawebapps.us.es/centrosdptos/pdi/pdi.php?pdi=4126
13192;SANCHEZ JIMENEZ;MARIA TERESA;http://alojawebapps.us.es/centrosdptos/pdi/pdi.php?pdi=13192
4813;SANCHEZ JIMENEZ;VIRGINIA;http://alojawebapps.us.es/centrosdptos/pdi/pdi.php?pdi=4813
16489;SANCHEZ KARHUNEN;FRANCISCO EDUARDO;http://alojawebapps.us.es/centrosdptos/pdi/pdi.php?pdi=16489
5031;SANCHEZ LISSEN;ENCARNACION;http://alojawebapps.us.es/centrosdptos/pdi/pdi.php?pdi=5031
3427;SANCHEZ LISSEN;ROCIO;http://alojawebapps.us.es/centrosdptos/pdi/pdi.php?pdi=3427
17969;SANCHEZ LOPEZ;FRANCISCO MANUEL;http://alojawebapps.us.es/centrosdptos/pdi/pdi.php?pdi=17969
17364;SANCHEZ LOPEZ;JOSE ENRIQUE;http://alojawebapps.us.es/centrosdptos/pdi/pdi.php?pdi=17364
8458;SANCHEZ LOPEZ;PABLO FELIPE;http://alojawebapps.us.es/centrosdptos/pdi/pdi.php?pdi=8458
17071;SANCHEZ MAQUEDA;CRISTINA;http://alojawebapps.us.es/centrosdptos/pdi/pdi.php?pdi=17071
2386;SANCHEZ MARCOS;ENRIQUE;http://alojawebapps.us.es/centrosdptos/pdi/pdi.php?pdi=2386
2783;SANCHEZ MARGALET;VICTOR;http://alojawebapps.us.es/centrosdptos/pdi/pdi.php?pdi=2783
12414;SANCHEZ MARTIN;INMACULADA;http://alojawebapps.us.es/centrosdptos/pdi/pdi.php?pdi=12414
3261;SANCHEZ MARTINEZ;DAVID TOMAS;http://alojawebapps.us.es/centrosdptos/pdi/pdi.php?pdi=3261
14347;SANCHEZ MARTINEZ;GONZALO;http://alojawebapps.us.es/centrosdptos/pdi/pdi.php?pdi=14347
17732;SANCHEZ MARTOS;MAXIMILIANO;http://alojawebapps.us.es/centrosdptos/pdi/pdi.php?pdi=17732
18467;SANCHEZ MERINO;CLARA;http://alojawebapps.us.es/centrosdptos/pdi/pdi.php?pdi=18467
13864;SANCHEZ MERINO;JULIO CESAR;http://alojawebapps.us.es/centrosdptos/pdi/pdi.php?pdi=13864
16912;SANCHEZ MORENO;ENRIQUE;http://alojawebapps.us.es/centrosdptos/pdi/pdi.php?pdi=16912
3407;SANCHEZ MORENO;MARIA RITA;http://alojawebapps.us.es/centrosdptos/pdi/pdi.php?pdi=3407
14890;SANCHEZ MORENO;MIGUEL;http://alojawebapps.us.es/centrosdptos/pdi/pdi.php?pdi=14890
16696;SANCHEZ MORGADO;CELIA;http://alojawebapps.us.es/centrosdptos/pdi/pdi.php?pdi=16696
9166;SANCHEZ MOSQUERA;MARCIAL;http://alojawebapps.us.es/centrosdptos/pdi/pdi.php?pdi=9166
4949;SANCHEZ MOYANO;JUAN EMILIO;http://alojawebapps.us.es/centrosdptos/pdi/pdi.php?pdi=4949
5836;SANCHEZ MUÑOZ;ISABEL MARIA;http://alojawebapps.us.es/centrosdptos/pdi/pdi.php?pdi=5836
2295;SANCHEZ NARIO;MARCELINO;http://alojawebapps.us.es/centrosdptos/pdi/pdi.php?pdi=2295
17728;SANCHEZ NAVARRO;CARMEN CAYETANA;http://alojawebapps.us.es/centrosdptos/pdi/pdi.php?pdi=17728
3568;SANCHEZ OLIVEIRA;ENRIQUE JOSE;http://alojawebapps.us.es/centrosdptos/pdi/pdi.php?pdi=3568
12882;SANCHEZ OLIVER;ANTONIO JESUS;http://alojawebapps.us.es/centrosdptos/pdi/pdi.php?pdi=12882
16227;SANCHEZ PEREZ;CARLOS;http://alojawebapps.us.es/centrosdptos/pdi/pdi.php?pdi=16227
10870;SANCHEZ QUEIJA;MARIA INMACULADA;http://alojawebapps.us.es/centrosdptos/pdi/pdi.php?pdi=10870
5837;SANCHEZ QUINTANA;FRANCISCO MANUEL;http://alojawebapps.us.es/centrosdptos/pdi/pdi.php?pdi=5837
2715;SANCHEZ QUINTANILLA;MIGUEL ANGEL;http://alojawebapps.us.es/centrosdptos/pdi/pdi.php?pdi=2715
12161;SANCHEZ RAMOS;JOSE;http://alojawebapps.us.es/centrosdptos/pdi/pdi.php?pdi=12161
14605;SANCHEZ RAMOS;MARIA;http://alojawebapps.us.es/centrosdptos/pdi/pdi.php?pdi=14605
5838;SANCHEZ REY;BERNARDO;http://alojawebapps.us.es/centrosdptos/pdi/pdi.php?pdi=5838
18403;SANCHEZ RIVERO;ANA;http://alojawebapps.us.es/centrosdptos/pdi/pdi.php?pdi=18403
5839;SANCHEZ RODRIGUEZ;ESPERANZA;http://alojawebapps.us.es/centrosdptos/pdi/pdi.php?pdi=5839
4861;SANCHEZ ROJAS;ANTONIO MIGUEL;http://alojawebapps.us.es/centrosdptos/pdi/pdi.php?pdi=4861
3793;SANCHEZ ROMERO;FRANCISCO;http://alojawebapps.us.es/centrosdptos/pdi/pdi.php?pdi=3793
2781;SANCHEZ ROMERO;MANUEL;http://alojawebapps.us.es/centrosdptos/pdi/pdi.php?pdi=2781
11889;SANCHEZ ROMERO;MARIA ANTONIA;http://alojawebapps.us.es/centrosdptos/pdi/pdi.php?pdi=11889
4630;SANCHEZ RUBIO;DAVID;http://alojawebapps.us.es/centrosdptos/pdi/pdi.php?pdi=4630
15915;SANCHEZ RUBIO;MARIA;http://alojawebapps.us.es/centrosdptos/pdi/pdi.php?pdi=15915
18008;SANCHEZ RUIZ-GRANADOS;ELENA;http://alojawebapps.us.es/centrosdptos/pdi/pdi.php?pdi=18008
17979;SANCHEZ RUIZ;JOSE MANUEL;http://alojawebapps.us.es/centrosdptos/pdi/pdi.php?pdi=17979
4302;SANCHEZ SAEZ;ANTONIO JOSE;http://alojawebapps.us.es/centrosdptos/pdi/pdi.php?pdi=4302
13193;SANCHEZ SANCHEZ;ERNESTO;http://alojawebapps.us.es/centrosdptos/pdi/pdi.php?pdi=13193
5842;SANCHEZ SANCHEZ;JOSE;http://alojawebapps.us.es/centrosdptos/pdi/pdi.php?pdi=5842
5841;SANCHEZ SANCHEZ;JOSE MARIA;http://alojawebapps.us.es/centrosdptos/pdi/pdi.php?pdi=5841
12415;SANCHEZ SANCHEZ;MANUEL;http://alojawebapps.us.es/centrosdptos/pdi/pdi.php?pdi=12415
16676;SANCHEZ SANTOS;JOSE ANTONIO;http://alojawebapps.us.es/centrosdptos/pdi/pdi.php?pdi=16676
4868;SANCHEZ SEGURA;JUAN ANTONIO;http://alojawebapps.us.es/centrosdptos/pdi/pdi.php?pdi=4868
17708;SANCHEZ SUAREZ;JOSE ENRIQUE;http://alojawebapps.us.es/centrosdptos/pdi/pdi.php?pdi=17708
13231;SANCHEZ TORNE;ISADORA;http://alojawebapps.us.es/centrosdptos/pdi/pdi.php?pdi=13231
10768;SANCHEZ TORRES;JORGE;http://alojawebapps.us.es/centrosdptos/pdi/pdi.php?pdi=10768
4632;SANCHEZ TRIGO;SERGIO ALEJANDRO;http://alojawebapps.us.es/centrosdptos/pdi/pdi.php?pdi=4632
12069;SANCHEZ VALLE;MARIA DEL ROSARIO;http://alojawebapps.us.es/centrosdptos/pdi/pdi.php?pdi=12069
12731;SANCHEZ-AGUILERA PRAXEDES;NIEVES;http://alojawebapps.us.es/centrosdptos/pdi/pdi.php?pdi=12731
5835;SANCHEZ-BARRIGA MEDIERO;RICARDO JOSE;http://alojawebapps.us.es/centrosdptos/pdi/pdi.php?pdi=5835
3102;SANCHEZ-CID ENDERIZ;JOSE IGNACIO;http://alojawebapps.us.es/centrosdptos/pdi/pdi.php?pdi=3102
10876;SANCHEZ-MATAMOROS GARCIA;GLORIA;http://alojawebapps.us.es/centrosdptos/pdi/pdi.php?pdi=10876
10576;SANCHEZ-MATAMOROS MARTIN;INMACULADA;http://alojawebapps.us.es/centrosdptos/pdi/pdi.php?pdi=10576
4821;SANCHEZ-MONTAÑES MACIAS;BENITO ALEJANDRO;http://alojawebapps.us.es/centrosdptos/pdi/pdi.php?pdi=4821
4441;SANCHEZ-PALENCIA CARAZO;CAROLINA;http://alojawebapps.us.es/centrosdptos/pdi/pdi.php?pdi=4441
8920;SANCHEZ-PORRO ALVAREZ;CRISTINA;http://alojawebapps.us.es/centrosdptos/pdi/pdi.php?pdi=8920
14254;SANCHEZ-RAMADE CARRASCOSA;EDUARDO EUGENIO;http://alojawebapps.us.es/centrosdptos/pdi/pdi.php?pdi=14254
10404;SANCHEZ-RIVAS GARCIA;JAVIER;http://alojawebapps.us.es/centrosdptos/pdi/pdi.php?pdi=10404
4629;SANCHEZ-RODAS NAVARRO;CRISTINA;http://alojawebapps.us.es/centrosdptos/pdi/pdi.php?pdi=4629
18360;SANCHEZ-SAUS LASERNA;MARTA MARIA;http://alojawebapps.us.es/centrosdptos/pdi/pdi.php?pdi=18360
12105;SANCHIS PEDREGOSA;CARLOS;http://alojawebapps.us.es/centrosdptos/pdi/pdi.php?pdi=12105
18361;SANCHIS PEDREGOSA;IVAN ALBERTO;http://alojawebapps.us.es/centrosdptos/pdi/pdi.php?pdi=18361
4127;SANCHO CAPARRINI;FERNANDO;http://alojawebapps.us.es/centrosdptos/pdi/pdi.php?pdi=4127
6315;SANCHO MEJIAS;MARIA;http://alojawebapps.us.es/centrosdptos/pdi/pdi.php?pdi=6315
13576;SANCLEMENTE IBAÑEZ;FRANCISCO JOSE;http://alojawebapps.us.es/centrosdptos/pdi/pdi.php?pdi=13576
9075;SANDUVETE CHAVES;SUSANA;http://alojawebapps.us.es/centrosdptos/pdi/pdi.php?pdi=9075
18446;SANJUAN RUIZ;ANGEL;http://alojawebapps.us.es/centrosdptos/pdi/pdi.php?pdi=18446
17086;SANMARTIN SIERRA;JOSE DOMINGO;http://alojawebapps.us.es/centrosdptos/pdi/pdi.php?pdi=17086
5244;SANTA MARIA PEREZ;CONSOLACION;http://alojawebapps.us.es/centrosdptos/pdi/pdi.php?pdi=5244
3111;SANTAMARIA SANTIGOSA;ANDRES;http://alojawebapps.us.es/centrosdptos/pdi/pdi.php?pdi=3111
16678;SANTANA BERLANGA;NICIA DEL ROCIO;http://alojawebapps.us.es/centrosdptos/pdi/pdi.php?pdi=16678
2798;SANTANA MARRERO;JUANA JESUS;http://alojawebapps.us.es/centrosdptos/pdi/pdi.php?pdi=2798
10375;SANTIAGO MORENO;ISMAEL;http://alojawebapps.us.es/centrosdptos/pdi/pdi.php?pdi=10375
5261;SANTIAGO PAVON;MARTINIANO;http://alojawebapps.us.es/centrosdptos/pdi/pdi.php?pdi=5261
2224;SANTOLAYA SORIANO;FRANCISCO J;http://alojawebapps.us.es/centrosdptos/pdi/pdi.php?pdi=2224
2560;SANTOS CUMPLIDO;FRANCISCO JAVIER;http://alojawebapps.us.es/centrosdptos/pdi/pdi.php?pdi=2560
11875;SANTOS DE LA ROSA;INMACULADA;http://alojawebapps.us.es/centrosdptos/pdi/pdi.php?pdi=11875
12115;SANTOS GARCIA;ROCIO;http://alojawebapps.us.es/centrosdptos/pdi/pdi.php?pdi=12115
7202;SANTOS GIL;HUGO;http://alojawebapps.us.es/centrosdptos/pdi/pdi.php?pdi=7202
12430;SANTOS LOZANO;JOSE MANUEL;http://alojawebapps.us.es/centrosdptos/pdi/pdi.php?pdi=12430
6686;SANTOS MARQUEZ;ANTONIO JOAQUIN;http://alojawebapps.us.es/centrosdptos/pdi/pdi.php?pdi=6686
9108;SANTOS MORCILLO;JUAN LUIS;http://alojawebapps.us.es/centrosdptos/pdi/pdi.php?pdi=9108
4353;SANTOS PAVON;ENRIQUE LUIS;http://alojawebapps.us.es/centrosdptos/pdi/pdi.php?pdi=4353
9579;SANTOS PINEDA;ALICIA DE LOS;http://alojawebapps.us.es/centrosdptos/pdi/pdi.php?pdi=9579
3932;SANTOS VELEZ;SALVADOR;http://alojawebapps.us.es/centrosdptos/pdi/pdi.php?pdi=3932
7338;SAÑUDO CORRALES;FRANCISCO DE BORJA;http://alojawebapps.us.es/centrosdptos/pdi/pdi.php?pdi=7338
5854;SANZ ALTAMIRA;BORJA;http://alojawebapps.us.es/centrosdptos/pdi/pdi.php?pdi=5854
12390;SANZ DE LUCAS;EDUARDO JOSE;http://alojawebapps.us.es/centrosdptos/pdi/pdi.php?pdi=12390
10090;SANZ DIAZ;MARIA TERESA;http://alojawebapps.us.es/centrosdptos/pdi/pdi.php?pdi=10090
5087;SANZ DOMINGUEZ;CARLOS;http://alojawebapps.us.es/centrosdptos/pdi/pdi.php?pdi=5087
14638;SANZ GOMEZ;SERGIO;http://alojawebapps.us.es/centrosdptos/pdi/pdi.php?pdi=14638
9462;SANZ HERRERA;JOSE ANTONIO;http://alojawebapps.us.es/centrosdptos/pdi/pdi.php?pdi=9462
15114;SANZ JARA;EVA;http://alojawebapps.us.es/centrosdptos/pdi/pdi.php?pdi=15114
6442;SAQUETE CHAMIZO;JOSE CARLOS;http://alojawebapps.us.es/centrosdptos/pdi/pdi.php?pdi=6442
14649;SARMIENTO RODRIGUEZ;OSCAR FERNANDO;http://alojawebapps.us.es/centrosdptos/pdi/pdi.php?pdi=14649
8122;SARMIENTO SOTO;MANUEL;http://alojawebapps.us.es/centrosdptos/pdi/pdi.php?pdi=8122
7753;SARMIENTO VEGA;MARIA AUXILIADORA;http://alojawebapps.us.es/centrosdptos/pdi/pdi.php?pdi=7753
16185;SASTRE GOMEZ;SILVIA;http://alojawebapps.us.es/centrosdptos/pdi/pdi.php?pdi=16185
6305;SAUCO MARQUEZ;JUAN JOSE;http://alojawebapps.us.es/centrosdptos/pdi/pdi.php?pdi=6305
10514;SAZ CARACUEL;MARIA DEL;http://alojawebapps.us.es/centrosdptos/pdi/pdi.php?pdi=10514
13479;SCHMID PORRAS;PAULA ESPERANZA;http://alojawebapps.us.es/centrosdptos/pdi/pdi.php?pdi=13479
13558;SCHMIDT;CHRISTOPHER;http://alojawebapps.us.es/centrosdptos/pdi/pdi.php?pdi=13558
15890;SCURTU TURA;MARIA CLAUDIA;http://alojawebapps.us.es/centrosdptos/pdi/pdi.php?pdi=15890
15129;SECO ALVAREZ;MYRIAM;http://alojawebapps.us.es/centrosdptos/pdi/pdi.php?pdi=15129
2559;SEGURA EGEA;JUAN JOSE;http://alojawebapps.us.es/centrosdptos/pdi/pdi.php?pdi=2559
8117;SEGURA RUEDA;SERGIO;http://alojawebapps.us.es/centrosdptos/pdi/pdi.php?pdi=8117
10692;SELL TRUJILLO;LUCIA;http://alojawebapps.us.es/centrosdptos/pdi/pdi.php?pdi=10692
4461;SENDRA SALAS;JUAN JOSE;http://alojawebapps.us.es/centrosdptos/pdi/pdi.php?pdi=4461
2716;SENHADJI NAVARRO;RAOUF;http://alojawebapps.us.es/centrosdptos/pdi/pdi.php?pdi=2716
12206;SEPULVEDA FERRER;RANIER ENRIQUE;http://alojawebapps.us.es/centrosdptos/pdi/pdi.php?pdi=12206
4133;SEPULVEDA GOMEZ;MARIA;http://alojawebapps.us.es/centrosdptos/pdi/pdi.php?pdi=4133
17962;SERRANO BRAZO;MAURICIO;http://alojawebapps.us.es/centrosdptos/pdi/pdi.php?pdi=17962
3428;SERRANO CANTARIN;RAMON;http://alojawebapps.us.es/centrosdptos/pdi/pdi.php?pdi=3428
5317;SERRANO DELGADO;JOSE MIGUEL;http://alojawebapps.us.es/centrosdptos/pdi/pdi.php?pdi=5317
3616;SERRANO DOMINGUEZ;FRANCISCO;http://alojawebapps.us.es/centrosdptos/pdi/pdi.php?pdi=3616
9276;SERRANO GONZALEZ;JAVIER;http://alojawebapps.us.es/centrosdptos/pdi/pdi.php?pdi=9276
5850;SERRANO GOTARREDONA;MARIA DEL CARMEN;http://alojawebapps.us.es/centrosdptos/pdi/pdi.php?pdi=5850
7869;SERRANO GOTARREDONA;MARIA TERESA;http://alojawebapps.us.es/centrosdptos/pdi/pdi.php?pdi=7869
11725;SERRANO LEON;DAVID;http://alojawebapps.us.es/centrosdptos/pdi/pdi.php?pdi=11725
2561;SERRANO MARTIN;LAURA;http://alojawebapps.us.es/centrosdptos/pdi/pdi.php?pdi=2561
18398;SERRANO MENDOZA;LAURA;http://alojawebapps.us.es/centrosdptos/pdi/pdi.php?pdi=18398
15938;SERRANO MORALES;JOSE MANUEL;http://alojawebapps.us.es/centrosdptos/pdi/pdi.php?pdi=15938
12085;SERRANO OCHOA;M ANGELES;http://alojawebapps.us.es/centrosdptos/pdi/pdi.php?pdi=12085
13005;SERRANO REYES;JAVIER;http://alojawebapps.us.es/centrosdptos/pdi/pdi.php?pdi=13005
4135;SERRANO SANTAMARIA;ANA JULIA;http://alojawebapps.us.es/centrosdptos/pdi/pdi.php?pdi=4135
8869;SERRANO SASETA;RAFAEL;http://alojawebapps.us.es/centrosdptos/pdi/pdi.php?pdi=8869
9145;SERRANO SIERRA;RAFAEL;http://alojawebapps.us.es/centrosdptos/pdi/pdi.php?pdi=9145
17077;SERRANO TAFALLA;RAQUEL;http://alojawebapps.us.es/centrosdptos/pdi/pdi.php?pdi=17077
5855;SERRANO VICENTE;MARTIN;http://alojawebapps.us.es/centrosdptos/pdi/pdi.php?pdi=5855
7249;SERRERA FIGALLO;MARIA ANGELES;http://alojawebapps.us.es/centrosdptos/pdi/pdi.php?pdi=7249
5857;SERVAN REYES;MARIA DEL CARMEN;http://alojawebapps.us.es/centrosdptos/pdi/pdi.php?pdi=5857
14654;SEVA SILVA;NORBERTO;http://alojawebapps.us.es/centrosdptos/pdi/pdi.php?pdi=14654
3936;SEVILLA FERNANDEZ;JOSE MANUEL;http://alojawebapps.us.es/centrosdptos/pdi/pdi.php?pdi=3936
14323;SEVILLANO MONJE;VERONICA;http://alojawebapps.us.es/centrosdptos/pdi/pdi.php?pdi=14323
2389;SEVILLANO RAMOS;JOSE LUIS;http://alojawebapps.us.es/centrosdptos/pdi/pdi.php?pdi=2389
16889;SEVO;SONJA;http://alojawebapps.us.es/centrosdptos/pdi/pdi.php?pdi=16889
3113;SIERRA ALONSO;MARIA;http://alojawebapps.us.es/centrosdptos/pdi/pdi.php?pdi=3113
5858;SIERRA BENITEZ;ESPERANZA M;http://alojawebapps.us.es/centrosdptos/pdi/pdi.php?pdi=5858
2563;SIERRA COLLADO;ANTONIO JESUS;http://alojawebapps.us.es/centrosdptos/pdi/pdi.php?pdi=2563
2278;SILES ROJAS;CARMEN;http://alojawebapps.us.es/centrosdptos/pdi/pdi.php?pdi=2278
13739;SILLERO DENAMIEL;MARIA DE LOS REMEDIOS;http://alojawebapps.us.es/centrosdptos/pdi/pdi.php?pdi=13739
14221;SILVA ARDANUY;FRANCISCO MANUEL;http://alojawebapps.us.es/centrosdptos/pdi/pdi.php?pdi=14221
5324;SILVA GALLARDO;BEATRIZ;http://alojawebapps.us.es/centrosdptos/pdi/pdi.php?pdi=5324
2555;SILVA PEREZ;MANUEL ANTONIO;http://alojawebapps.us.es/centrosdptos/pdi/pdi.php?pdi=2555
5845;SILVA PEREZ;MARIA ROCIO;http://alojawebapps.us.es/centrosdptos/pdi/pdi.php?pdi=5845
8900;SILVA SILVA;GUILLERMO;http://alojawebapps.us.es/centrosdptos/pdi/pdi.php?pdi=8900
14249;SILVA VIGUERA;MARIA DEL CARMEN;http://alojawebapps.us.es/centrosdptos/pdi/pdi.php?pdi=14249
10952;SILVAN ALFARO;JOSE MANUEL;http://alojawebapps.us.es/centrosdptos/pdi/pdi.php?pdi=10952
12517;SILVERO CASANOVA;MARITHANIA;http://alojawebapps.us.es/centrosdptos/pdi/pdi.php?pdi=12517
3109;SILVESTRI;PAOLO;http://alojawebapps.us.es/centrosdptos/pdi/pdi.php?pdi=3109
2779;SIMOIS TIRADO;FRANCISCO JOSE;http://alojawebapps.us.es/centrosdptos/pdi/pdi.php?pdi=2779
10991;SIMON PORCAR;VIOLETA;http://alojawebapps.us.es/centrosdptos/pdi/pdi.php?pdi=10991
16205;SIMON RUIZ;MARIA INMACULADA;http://alojawebapps.us.es/centrosdptos/pdi/pdi.php?pdi=16205
2899;SIMON SEMPERE;VICENTE;http://alojawebapps.us.es/centrosdptos/pdi/pdi.php?pdi=2899
15772;SIMON SORO;AUREA;http://alojawebapps.us.es/centrosdptos/pdi/pdi.php?pdi=15772
13552;SIMON VALLEJO;MARIA DOLORES;http://alojawebapps.us.es/centrosdptos/pdi/pdi.php?pdi=13552
4777;SIVIANES CASTILLO;FRANCISCO;http://alojawebapps.us.es/centrosdptos/pdi/pdi.php?pdi=4777
8712;SMANI HAJAMI;TARIK;http://alojawebapps.us.es/centrosdptos/pdi/pdi.php?pdi=8712
5846;SOBRADOS LEON;MARITZA;http://alojawebapps.us.es/centrosdptos/pdi/pdi.php?pdi=5846
8201;SOBRINO GUIJARRO;IRENE;http://alojawebapps.us.es/centrosdptos/pdi/pdi.php?pdi=8201
3086;SOBRINO TORO;JUAN PABLO;http://alojawebapps.us.es/centrosdptos/pdi/pdi.php?pdi=3086
4128;SOBRINO TORO;MANUEL;http://alojawebapps.us.es/centrosdptos/pdi/pdi.php?pdi=4128
18088;SOCARRAS ALONSO;LUIS;http://alojawebapps.us.es/centrosdptos/pdi/pdi.php?pdi=18088
14289;SOCAS MACIAS;MARIA;http://alojawebapps.us.es/centrosdptos/pdi/pdi.php?pdi=14289
6363;SOLA MARQUEZ;ISABEL MARIA;http://alojawebapps.us.es/centrosdptos/pdi/pdi.php?pdi=6363
14888;SOLA MORALES;SALOME;http://alojawebapps.us.es/centrosdptos/pdi/pdi.php?pdi=14888
5847;SOLANELLAS SOLER;JUAN;http://alojawebapps.us.es/centrosdptos/pdi/pdi.php?pdi=5847
8166;SOLER ARIAS;ENRIQUE;http://alojawebapps.us.es/centrosdptos/pdi/pdi.php?pdi=8166
10773;SOLER GIL;FRANCISCO JOSE;http://alojawebapps.us.es/centrosdptos/pdi/pdi.php?pdi=10773
4634;SOLER MONTIEL;MARTA MARIA;http://alojawebapps.us.es/centrosdptos/pdi/pdi.php?pdi=4634
8074;SOLER TOSCANO;FERNANDO;http://alojawebapps.us.es/centrosdptos/pdi/pdi.php?pdi=8074
5331;SOLIS DE LOS SANTOS;JOSE;http://alojawebapps.us.es/centrosdptos/pdi/pdi.php?pdi=5331
11598;SOLIS ESPALLARGAS;MARIA DEL CARMEN;http://alojawebapps.us.es/centrosdptos/pdi/pdi.php?pdi=11598
6557;SOLIS GUZMAN;JAIME;http://alojawebapps.us.es/centrosdptos/pdi/pdi.php?pdi=6557
5848;SOLIS MARTEL;IGNACIO;http://alojawebapps.us.es/centrosdptos/pdi/pdi.php?pdi=5848
13513;SOLIS MARTIN;DAVID;http://alojawebapps.us.es/centrosdptos/pdi/pdi.php?pdi=13513
6672;SOLIS MUÑIZ;MARIO;http://alojawebapps.us.es/centrosdptos/pdi/pdi.php?pdi=6672
7196;SOLIS PRIETO;CARMEN;http://alojawebapps.us.es/centrosdptos/pdi/pdi.php?pdi=7196
4797;SOLTERO SANCHEZ;VICTOR MANUEL;http://alojawebapps.us.es/centrosdptos/pdi/pdi.php?pdi=4797
18235;SORDI STOCK;BARBARA;http://alojawebapps.us.es/centrosdptos/pdi/pdi.php?pdi=18235
3110;SORIA DEL HOYO;CARLOS;http://alojawebapps.us.es/centrosdptos/pdi/pdi.php?pdi=3110
2558;SORIA IGLESIAS;FRANCISCO JAVIER;http://alojawebapps.us.es/centrosdptos/pdi/pdi.php?pdi=2558
10557;SORIA MORILLO;LUIS MIGUEL;http://alojawebapps.us.es/centrosdptos/pdi/pdi.php?pdi=10557
17696;SORIA VILCHEZ;ALEJANDRO;http://alojawebapps.us.es/centrosdptos/pdi/pdi.php?pdi=17696
3772;SORIANO CUESTA;CRISTINA;http://alojawebapps.us.es/centrosdptos/pdi/pdi.php?pdi=3772
11287;SORIANO LOPEZ;PABLO;http://alojawebapps.us.es/centrosdptos/pdi/pdi.php?pdi=11287
17954;SORIANO MARTIN;ERNESTO;http://alojawebapps.us.es/centrosdptos/pdi/pdi.php?pdi=17954
14140;SORIANO TRIGUEROS;MANUEL;http://alojawebapps.us.es/centrosdptos/pdi/pdi.php?pdi=14140
15848;SOTO MORENO;ALFONSO MANUEL;http://alojawebapps.us.es/centrosdptos/pdi/pdi.php?pdi=15848
3583;SOTO PRIETO;MANUEL JESUS;http://alojawebapps.us.es/centrosdptos/pdi/pdi.php?pdi=3583
4360;SOUSA MARTIN;ARTURO;http://alojawebapps.us.es/centrosdptos/pdi/pdi.php?pdi=4360
3614;SOUSA MARTIN;CAROLINA;http://alojawebapps.us.es/centrosdptos/pdi/pdi.php?pdi=3614
3779;SPINOLA ELIAS;YOLANDA;http://alojawebapps.us.es/centrosdptos/pdi/pdi.php?pdi=3779
18198;STASI;GIANLUCA;http://alojawebapps.us.es/centrosdptos/pdi/pdi.php?pdi=18198
8190;STIEFEL GARCIA-JUNCO;PABLO ENRIQUE;http://alojawebapps.us.es/centrosdptos/pdi/pdi.php?pdi=8190
12623;STINCO SCANAROTTI;CARLA MARIA;http://alojawebapps.us.es/centrosdptos/pdi/pdi.php?pdi=12623
18509;STOPPACHER;DORIS;http://alojawebapps.us.es/centrosdptos/pdi/pdi.php?pdi=18509
14903;SUAREZ ARTACHO;GONZALO;http://alojawebapps.us.es/centrosdptos/pdi/pdi.php?pdi=14903
17733;SUAREZ CACERES;GINA PATRICIA;http://alojawebapps.us.es/centrosdptos/pdi/pdi.php?pdi=17733
8454;SUAREZ CORCHETE;FERNANDO;http://alojawebapps.us.es/centrosdptos/pdi/pdi.php?pdi=8454
12709;SUAREZ FERNANDEZ-MIRANDA;ALEJANDRO;http://alojawebapps.us.es/centrosdptos/pdi/pdi.php?pdi=12709
5849;SUAREZ FERNANDEZ;ANTONIO;http://alojawebapps.us.es/centrosdptos/pdi/pdi.php?pdi=5849
9631;SUAREZ GRAU;FRANCISCO JAVIER;http://alojawebapps.us.es/centrosdptos/pdi/pdi.php?pdi=9631
7710;SUAREZ MARCHENA;CIRA MARIA;http://alojawebapps.us.es/centrosdptos/pdi/pdi.php?pdi=7710
2231;SUAREZ MEDINA;RAFAEL CARLOS;http://alojawebapps.us.es/centrosdptos/pdi/pdi.php?pdi=2231
18466;SUAREZ ORDAZ;DAIANA IVIS;http://alojawebapps.us.es/centrosdptos/pdi/pdi.php?pdi=18466
9783;SUAREZ ORTEGA;MAGDALENA;http://alojawebapps.us.es/centrosdptos/pdi/pdi.php?pdi=9783
15838;SUAREZ REDONDO;EVA MARIA;http://alojawebapps.us.es/centrosdptos/pdi/pdi.php?pdi=15838
2262;SUAREZ SERRANO;CARMEN MARIA;http://alojawebapps.us.es/centrosdptos/pdi/pdi.php?pdi=2262
5852;SUAREZ VILLEGAS;JUAN CARLOS;http://alojawebapps.us.es/centrosdptos/pdi/pdi.php?pdi=5852
11588;SUFFO ABOZA;JOSE ANTONIO;http://alojawebapps.us.es/centrosdptos/pdi/pdi.php?pdi=11588
17815;SZYMYSLIK;ROBERT PIOTR;http://alojawebapps.us.es/centrosdptos/pdi/pdi.php?pdi=17815
5054;TABALES RODRIGUEZ;MIGUEL ANGEL;http://alojawebapps.us.es/centrosdptos/pdi/pdi.php?pdi=5054
3956;TABARES DOMINGUEZ;LUCIA;http://alojawebapps.us.es/centrosdptos/pdi/pdi.php?pdi=3956
17995;TAGUA NAVARRETE;MIGUEL ANGEL;http://alojawebapps.us.es/centrosdptos/pdi/pdi.php?pdi=17995
2774;TALAVERA SERRANO;SEBASTIAN;http://alojawebapps.us.es/centrosdptos/pdi/pdi.php?pdi=2774
9635;TALAVERA SOLIS;MARIA MANUELA;http://alojawebapps.us.es/centrosdptos/pdi/pdi.php?pdi=9635
11218;TALAVERON AGUILOCHO;ROCIO;http://alojawebapps.us.es/centrosdptos/pdi/pdi.php?pdi=11218
5782;TALEGO VAZQUEZ;FELIX;http://alojawebapps.us.es/centrosdptos/pdi/pdi.php?pdi=5782
14812;TALENS FAYOS;CARLA;http://alojawebapps.us.es/centrosdptos/pdi/pdi.php?pdi=14812
8550;TALERO BARRIENTOS;ELENA MARIA;http://alojawebapps.us.es/centrosdptos/pdi/pdi.php?pdi=8550
15101;TALLON AGUILAR;LUIS;http://alojawebapps.us.es/centrosdptos/pdi/pdi.php?pdi=15101
5354;TAMAYO GALLEGO;JUAN A;http://alojawebapps.us.es/centrosdptos/pdi/pdi.php?pdi=5354
10987;TAMAYO LOPEZ;MARIA JESUS;http://alojawebapps.us.es/centrosdptos/pdi/pdi.php?pdi=10987
4113;TAMAYO MORILLO;FRANCISCO JAVIER;http://alojawebapps.us.es/centrosdptos/pdi/pdi.php?pdi=4113
4355;TAPIA MARTIN;CARLOS;http://alojawebapps.us.es/centrosdptos/pdi/pdi.php?pdi=4355
6819;TARILONTE DELGADO;MARIA LUISA;http://alojawebapps.us.es/centrosdptos/pdi/pdi.php?pdi=6819
15194;TARRIÑO CONCEJERO;LORENA;http://alojawebapps.us.es/centrosdptos/pdi/pdi.php?pdi=15194
15152;TATO JIMENEZ;FRANCISCO JOSE;http://alojawebapps.us.es/centrosdptos/pdi/pdi.php?pdi=15152
12236;TAVARA MENDOZA;LUIS ARISTIDES;http://alojawebapps.us.es/centrosdptos/pdi/pdi.php?pdi=12236
16907;TAVARA VIDALON;SANDRA PRISCILA;http://alojawebapps.us.es/centrosdptos/pdi/pdi.php?pdi=16907
17897;TAVORA SERRA;MANUEL JESUS;http://alojawebapps.us.es/centrosdptos/pdi/pdi.php?pdi=17897
18522;TEBA DEL PINO;LUIS;http://alojawebapps.us.es/centrosdptos/pdi/pdi.php?pdi=18522
5357;TEBA FERNANDEZ;JOSE;http://alojawebapps.us.es/centrosdptos/pdi/pdi.php?pdi=5357
3302;TEJADA GONZALEZ;MARIA PILAR;http://alojawebapps.us.es/centrosdptos/pdi/pdi.php?pdi=3302
17819;TEJADA HERNANDEZ;FRANCISCO JOSÉ;http://alojawebapps.us.es/centrosdptos/pdi/pdi.php?pdi=17819
2540;TEJADA MORAL;MANUEL;http://alojawebapps.us.es/centrosdptos/pdi/pdi.php?pdi=2540
5786;TEJEDOR CABRERA;ANTONIO;http://alojawebapps.us.es/centrosdptos/pdi/pdi.php?pdi=5786
5359;TEJEDOR CABRERA;JOSE MARIA;http://alojawebapps.us.es/centrosdptos/pdi/pdi.php?pdi=5359
12420;TEJERO GARCIA;SERGIO;http://alojawebapps.us.es/centrosdptos/pdi/pdi.php?pdi=12420
5784;TEJIDO JIMENEZ;FRANCISCO JAVIER;http://alojawebapps.us.es/centrosdptos/pdi/pdi.php?pdi=5784
17063;TENA DIAZ;FERNANDO;http://alojawebapps.us.es/centrosdptos/pdi/pdi.php?pdi=17063
12530;TENA GARCIA;BEATRIZ;http://alojawebapps.us.es/centrosdptos/pdi/pdi.php?pdi=12530
14940;TENA PAJUELO;NOELIA;http://alojawebapps.us.es/centrosdptos/pdi/pdi.php?pdi=14940
12330;TENA SANCHEZ;ERICA;http://alojawebapps.us.es/centrosdptos/pdi/pdi.php?pdi=12330
13146;TERNERO FERNANDEZ;FATIMA ANGELA;http://alojawebapps.us.es/centrosdptos/pdi/pdi.php?pdi=13146
5788;TERNERO MUÑIZ;JUAN ANTONIO;http://alojawebapps.us.es/centrosdptos/pdi/pdi.php?pdi=5788
10098;TERRAB BENJELLOUN;ANASS;http://alojawebapps.us.es/centrosdptos/pdi/pdi.php?pdi=10098
3088;TERRADOS CEPEDA;FRANCISCO JAVIER;http://alojawebapps.us.es/centrosdptos/pdi/pdi.php?pdi=3088
18343;TERRON QUINTERO;PABLO;http://alojawebapps.us.es/centrosdptos/pdi/pdi.php?pdi=18343
17688;TINOCO GONZALEZ;JOSE;http://alojawebapps.us.es/centrosdptos/pdi/pdi.php?pdi=17688
3590;TINOCO PASTRANA;ANGEL;http://alojawebapps.us.es/centrosdptos/pdi/pdi.php?pdi=3590
5073;TIZON FERRER;MARIA DEL MAR;http://alojawebapps.us.es/centrosdptos/pdi/pdi.php?pdi=5073
3087;TODA IGLESIA;MARIA DE LOS ANGELES;http://alojawebapps.us.es/centrosdptos/pdi/pdi.php?pdi=3087
17072;TODISCO;EMANUELA;http://alojawebapps.us.es/centrosdptos/pdi/pdi.php?pdi=17072
5373;TOLEDO ARAL;JUAN JOSE;http://alojawebapps.us.es/centrosdptos/pdi/pdi.php?pdi=5373
17378;TOMADONI;BARBARA;http://alojawebapps.us.es/centrosdptos/pdi/pdi.php?pdi=17378
17566;TOMAS CAMARDIEL;JOSE LUIS;http://alojawebapps.us.es/centrosdptos/pdi/pdi.php?pdi=17566
9590;TOMAS MEDINA;CARMEN DE;http://alojawebapps.us.es/centrosdptos/pdi/pdi.php?pdi=9590
4358;TORAL MARIN;SERGIO LUIS;http://alojawebapps.us.es/centrosdptos/pdi/pdi.php?pdi=4358
13828;TORIBIO BERNARDEZ;LEONOR MARÍA;http://alojawebapps.us.es/centrosdptos/pdi/pdi.php?pdi=13828
13318;TORIBIO BERNARDEZ;LUIS FERNANDO;http://alojawebapps.us.es/centrosdptos/pdi/pdi.php?pdi=13318
4614;TORNERO SANCHEZ;JOSE MARIA;http://alojawebapps.us.es/centrosdptos/pdi/pdi.php?pdi=4614
3944;TORO BONILLA;JOSE MIGUEL;http://alojawebapps.us.es/centrosdptos/pdi/pdi.php?pdi=3944
5790;TORO CARRILLO DE ALBORNOZ;MARINA DEL;http://alojawebapps.us.es/centrosdptos/pdi/pdi.php?pdi=5790
14257;TORO ESTEVEZ;RAQUEL DEL;http://alojawebapps.us.es/centrosdptos/pdi/pdi.php?pdi=14257
12438;TORO LOPEZ;MARIA DOLORES DEL;http://alojawebapps.us.es/centrosdptos/pdi/pdi.php?pdi=12438
15929;TORRALBA ALBELLA;JUAN;http://alojawebapps.us.es/centrosdptos/pdi/pdi.php?pdi=15929
5372;TORRALBA SILGADO;ANTONIO JESUS;http://alojawebapps.us.es/centrosdptos/pdi/pdi.php?pdi=5372
18254;TORRAS CASAS;ALVARO;http://alojawebapps.us.es/centrosdptos/pdi/pdi.php?pdi=18254
16201;TORRE AMERIGHI;IVAN DE LA;http://alojawebapps.us.es/centrosdptos/pdi/pdi.php?pdi=16201
2542;TORRE GALLEGOS;ANTONIO DE LA;http://alojawebapps.us.es/centrosdptos/pdi/pdi.php?pdi=2542
4386;TORREBLANCA LOPEZ;JOSE;http://alojawebapps.us.es/centrosdptos/pdi/pdi.php?pdi=4386
4750;TORRECILLAS LOZANO;CRISTINA;http://alojawebapps.us.es/centrosdptos/pdi/pdi.php?pdi=4750
15036;TORREJON GUIRADO;MARIA DEL CARMEN;http://alojawebapps.us.es/centrosdptos/pdi/pdi.php?pdi=15036
10981;TORREJON MARTINEZ;JULIO;http://alojawebapps.us.es/centrosdptos/pdi/pdi.php?pdi=10981
16647;TORREJON VALENZUELA;ALBERTO;http://alojawebapps.us.es/centrosdptos/pdi/pdi.php?pdi=16647
13405;TORRES BEGARA;EVA PATRICIA;http://alojawebapps.us.es/centrosdptos/pdi/pdi.php?pdi=13405
14369;TORRES BEGINES;CONCEPCION;http://alojawebapps.us.es/centrosdptos/pdi/pdi.php?pdi=14369
9741;TORRES CALZADA;MARIA KATJIA;http://alojawebapps.us.es/centrosdptos/pdi/pdi.php?pdi=9741
16729;TORRES CARRASCO;MONICA;http://alojawebapps.us.es/centrosdptos/pdi/pdi.php?pdi=16729
10882;TORRES ENAMORADO;DOLORES;http://alojawebapps.us.es/centrosdptos/pdi/pdi.php?pdi=10882
7091;TORRES GARCIA;ANA;http://alojawebapps.us.es/centrosdptos/pdi/pdi.php?pdi=7091
4876;TORRES GARCIA;MIGUEL;http://alojawebapps.us.es/centrosdptos/pdi/pdi.php?pdi=4876
14468;TORRES GONZALEZ;MARTA;http://alojawebapps.us.es/centrosdptos/pdi/pdi.php?pdi=14468
6993;TORRES GORDILLO;JUAN JESUS;http://alojawebapps.us.es/centrosdptos/pdi/pdi.php?pdi=6993
9303;TORRES HERNANDEZ;YADIR;http://alojawebapps.us.es/centrosdptos/pdi/pdi.php?pdi=9303
7328;TORRES LAGARES;DANIEL;http://alojawebapps.us.es/centrosdptos/pdi/pdi.php?pdi=7328
11439;TORRES PEREZ;MARIA INMACULADA;http://alojawebapps.us.es/centrosdptos/pdi/pdi.php?pdi=11439
3434;TORRES RUEDA;ANTONIO ILDEFONSO;http://alojawebapps.us.es/centrosdptos/pdi/pdi.php?pdi=3434
5367;TORRES RUIZ;BLAS;http://alojawebapps.us.es/centrosdptos/pdi/pdi.php?pdi=5367
5794;TORRES SANCHEZ;MARIA JOSE;http://alojawebapps.us.es/centrosdptos/pdi/pdi.php?pdi=5794
8491;TORRES SIMON;FRANCISCO JAVIER;http://alojawebapps.us.es/centrosdptos/pdi/pdi.php?pdi=8491
17725;TORRES TELLEZ;JONATHAN;http://alojawebapps.us.es/centrosdptos/pdi/pdi.php?pdi=17725
2904;TORRES VALDERRAMA;JESUS;http://alojawebapps.us.es/centrosdptos/pdi/pdi.php?pdi=2904
18370;TORRES ZARAGOZA;LUCIA;http://alojawebapps.us.es/centrosdptos/pdi/pdi.php?pdi=18370
3592;TORRONTERAS MUÑOZ;ANTONIO;http://alojawebapps.us.es/centrosdptos/pdi/pdi.php?pdi=3592
11516;TOSCANO BARRAGAN;ROCIO;http://alojawebapps.us.es/centrosdptos/pdi/pdi.php?pdi=11516
18196;TOSCANO BONILLA;MARCOS;http://alojawebapps.us.es/centrosdptos/pdi/pdi.php?pdi=18196
3593;TOSCANO JIMENEZ;MANUEL;http://alojawebapps.us.es/centrosdptos/pdi/pdi.php?pdi=3593
17917;TOUS ROMERO;MARIA DEL CASTILLO;http://alojawebapps.us.es/centrosdptos/pdi/pdi.php?pdi=17917
13151;TOVARUELA CARRION;NATALIA;http://alojawebapps.us.es/centrosdptos/pdi/pdi.php?pdi=13151
2689;TRAPASSI;LEONARDA;http://alojawebapps.us.es/centrosdptos/pdi/pdi.php?pdi=2689
15713;TRAVERSO ARCOS;LUIS MIGUEL;http://alojawebapps.us.es/centrosdptos/pdi/pdi.php?pdi=15713
3445;TRAVERSO CORTES;JOAQUIN;http://alojawebapps.us.es/centrosdptos/pdi/pdi.php?pdi=3445
16479;TREMBLAIS;MATHILDE MARIE;http://alojawebapps.us.es/centrosdptos/pdi/pdi.php?pdi=16479
13834;TRIGO CORDOBA;EMILIANO;http://alojawebapps.us.es/centrosdptos/pdi/pdi.php?pdi=13834
4781;TRIGO GARCIA;ANGEL LUIS;http://alojawebapps.us.es/centrosdptos/pdi/pdi.php?pdi=4781
4115;TRIGO SANCHEZ;MARIA EVA;http://alojawebapps.us.es/centrosdptos/pdi/pdi.php?pdi=4115
3594;TRIGUEROS GORDILLO;MARIA GUADALUPE;http://alojawebapps.us.es/centrosdptos/pdi/pdi.php?pdi=3594
8708;TRILLO MARTINEZ;VALENTIN;http://alojawebapps.us.es/centrosdptos/pdi/pdi.php?pdi=8708
6362;TRINIDAD MARTIN-ARROYO;PABLO;http://alojawebapps.us.es/centrosdptos/pdi/pdi.php?pdi=6362
2398;TRONCOSO GONZALEZ;ANA MARIA;http://alojawebapps.us.es/centrosdptos/pdi/pdi.php?pdi=2398
15396;TRONCOSO PONCE;DAVID;http://alojawebapps.us.es/centrosdptos/pdi/pdi.php?pdi=15396
5306;TROYANO JIMENEZ;JOSE ANTONIO;http://alojawebapps.us.es/centrosdptos/pdi/pdi.php?pdi=5306
3812;TROYANO RODRIGUEZ;YOLANDA;http://alojawebapps.us.es/centrosdptos/pdi/pdi.php?pdi=3812
8851;TRUEBA MUÑOZ;PALOMA;http://alojawebapps.us.es/centrosdptos/pdi/pdi.php?pdi=8851
16456;TRUFFELLI;MARIA BEATRICE;http://alojawebapps.us.es/centrosdptos/pdi/pdi.php?pdi=16456
11049;TRUJILLO CAYADO;LUIS ALFONSO;http://alojawebapps.us.es/centrosdptos/pdi/pdi.php?pdi=11049
6532;TRUJILLO POZO;ISABEL;http://alojawebapps.us.es/centrosdptos/pdi/pdi.php?pdi=6532
11612;TUBINO BLANCO;MERCEDES;http://alojawebapps.us.es/centrosdptos/pdi/pdi.php?pdi=11612
10978;UBEDA AGUILERA;CRISTINA;http://alojawebapps.us.es/centrosdptos/pdi/pdi.php?pdi=10978
16927;UBEDA PEREZ DE HEREDIA;IÑIGO;http://alojawebapps.us.es/centrosdptos/pdi/pdi.php?pdi=16927
5804;UCHA ENRIQUEZ;JOSE MARIA;http://alojawebapps.us.es/centrosdptos/pdi/pdi.php?pdi=5804
17888;URANGA LIMON;ANDRES NICOLAS;http://alojawebapps.us.es/centrosdptos/pdi/pdi.php?pdi=17888
7014;URBAN;PETR;http://alojawebapps.us.es/centrosdptos/pdi/pdi.php?pdi=7014
17996;URBANO FERNANDEZ;VICTOR;http://alojawebapps.us.es/centrosdptos/pdi/pdi.php?pdi=17996
13329;URDA GOMEZ;PEDRO;http://alojawebapps.us.es/centrosdptos/pdi/pdi.php?pdi=13329
10755;UREBA SANCHEZ;ANA MARÍA;http://alojawebapps.us.es/centrosdptos/pdi/pdi.php?pdi=10755
12553;URIAS MARTINEZ;JOAQUIN PABLO;http://alojawebapps.us.es/centrosdptos/pdi/pdi.php?pdi=12553
9045;URUBURU COLSA;JUAN MANUEL;http://alojawebapps.us.es/centrosdptos/pdi/pdi.php?pdi=9045
5344;USERO GARCIA;JOSE;http://alojawebapps.us.es/centrosdptos/pdi/pdi.php?pdi=5344
5810;UTRERA TORREMOCHA;MARIA VICTORIA;http://alojawebapps.us.es/centrosdptos/pdi/pdi.php?pdi=5810
4811;UTRILLA RODRIGUEZ;ELIA MARIA;http://alojawebapps.us.es/centrosdptos/pdi/pdi.php?pdi=4811
7138;VADILLO RODRIGUEZ;MARIA LUISA;http://alojawebapps.us.es/centrosdptos/pdi/pdi.php?pdi=7138
5806;VALDERAS JARAMILLO;JUAN MANUEL;http://alojawebapps.us.es/centrosdptos/pdi/pdi.php?pdi=5806
5341;VALDERRAMA GUAL;FRANCISCO ANDRES;http://alojawebapps.us.es/centrosdptos/pdi/pdi.php?pdi=5341
6947;VALDERRAMA HERNANDEZ;ROCIO;http://alojawebapps.us.es/centrosdptos/pdi/pdi.php?pdi=6947
13299;VALDES CORONEL;MARTA;http://alojawebapps.us.es/centrosdptos/pdi/pdi.php?pdi=13299
5808;VALDES DIAZ;MARIA;http://alojawebapps.us.es/centrosdptos/pdi/pdi.php?pdi=5808
15996;VALDES FLORIDO;ANA;http://alojawebapps.us.es/centrosdptos/pdi/pdi.php?pdi=15996
7042;VALDIVIA GIMENEZ;VICTORIA ESTHER;http://alojawebapps.us.es/centrosdptos/pdi/pdi.php?pdi=7042
12157;VALDIVIA SEVILLA;FRANCISCO ALFONSO;http://alojawebapps.us.es/centrosdptos/pdi/pdi.php?pdi=12157
10909;VALENCIA CABRERA;LUIS;http://alojawebapps.us.es/centrosdptos/pdi/pdi.php?pdi=10909
13547;VALENCIA CANDALIJA;RAFAEL;http://alojawebapps.us.es/centrosdptos/pdi/pdi.php?pdi=13547
16451;VALENCIA MARTIN;JOSE LORENZO;http://alojawebapps.us.es/centrosdptos/pdi/pdi.php?pdi=16451
6888;VALENCIA MARTIN;RAQUEL;http://alojawebapps.us.es/centrosdptos/pdi/pdi.php?pdi=6888
18508;VALENZUELA BARRERO;CARLOS;http://alojawebapps.us.es/centrosdptos/pdi/pdi.php?pdi=18508
2544;VALENZUELA MONTALVO;EVA MARIA;http://alojawebapps.us.es/centrosdptos/pdi/pdi.php?pdi=2544
8902;VALENZUELA ROMERO;ALFONSO;http://alojawebapps.us.es/centrosdptos/pdi/pdi.php?pdi=8902
2220;VALERA CORDOBA;MARIA MERCEDES;http://alojawebapps.us.es/centrosdptos/pdi/pdi.php?pdi=2220
11695;VALERO BLANCO;MARIA LUZ;http://alojawebapps.us.es/centrosdptos/pdi/pdi.php?pdi=11695
14951;VALIDO MORALES;AGUSTIN;http://alojawebapps.us.es/centrosdptos/pdi/pdi.php?pdi=14951
15141;VALIENTE PALMA;LIDIA;http://alojawebapps.us.es/centrosdptos/pdi/pdi.php?pdi=15141
15033;VALLE BENAVIDES;ANA ROCIO DEL;http://alojawebapps.us.es/centrosdptos/pdi/pdi.php?pdi=15033
7082;VALLE RAMOS;CAROLINA DEL;http://alojawebapps.us.es/centrosdptos/pdi/pdi.php?pdi=7082
14209;VALLE ROSADO;IVAN;http://alojawebapps.us.es/centrosdptos/pdi/pdi.php?pdi=14209
5342;VALLE SEVILLANO;CARMELO DEL;http://alojawebapps.us.es/centrosdptos/pdi/pdi.php?pdi=5342
3435;VALLEJO FERNANDEZ DE LA REGUERA;JESUS;http://alojawebapps.us.es/centrosdptos/pdi/pdi.php?pdi=3435
10582;VALLEJO NARANJO;CARMEN;http://alojawebapps.us.es/centrosdptos/pdi/pdi.php?pdi=10582
16650;VALLEJO VAZ;ANTONIO JAVIER;http://alojawebapps.us.es/centrosdptos/pdi/pdi.php?pdi=16650
5816;VALLEJO VILLALTA;LUIS ISMAEL;http://alojawebapps.us.es/centrosdptos/pdi/pdi.php?pdi=5816
5061;VALLELLANO MARTIN;CARPOFORO;http://alojawebapps.us.es/centrosdptos/pdi/pdi.php?pdi=5061
3595;VALVERDE ASENCIO;ANTONIO JOSE;http://alojawebapps.us.es/centrosdptos/pdi/pdi.php?pdi=3595
15186;VALVERDE GARCIA;JUAN SEBASTIAN;http://alojawebapps.us.es/centrosdptos/pdi/pdi.php?pdi=15186
11550;VALVERDE MACIAS;ANDRES;http://alojawebapps.us.es/centrosdptos/pdi/pdi.php?pdi=11550
18252;VALVERDE MAESTRE;AGUEDA;http://alojawebapps.us.es/centrosdptos/pdi/pdi.php?pdi=18252
15737;VALVERDE MARTIN;CARLOS;http://alojawebapps.us.es/centrosdptos/pdi/pdi.php?pdi=15737
3597;VALVERDE MILLAN;JOSE MANUEL;http://alojawebapps.us.es/centrosdptos/pdi/pdi.php?pdi=3597
17669;VALVERDE MORILLAS;FRANCISCO JAVIER;http://alojawebapps.us.es/centrosdptos/pdi/pdi.php?pdi=17669
16492;VAQUERO GARRIDO;AITOR;http://alojawebapps.us.es/centrosdptos/pdi/pdi.php?pdi=16492
17955;VAQUERO RODRIGUEZ;CRISTINA;http://alojawebapps.us.es/centrosdptos/pdi/pdi.php?pdi=17955
7065;VARAS RIVERO;MANUEL;http://alojawebapps.us.es/centrosdptos/pdi/pdi.php?pdi=7065
9600;VARELA VACA;ANGEL JESUS;http://alojawebapps.us.es/centrosdptos/pdi/pdi.php?pdi=9600
2543;VARGAS DE LOS MONTEROS;MARIA TERESA;http://alojawebapps.us.es/centrosdptos/pdi/pdi.php?pdi=2543
11732;VARGAS IGLESIAS;JUAN JOSE;http://alojawebapps.us.es/centrosdptos/pdi/pdi.php?pdi=11732
5798;VARGAS MACIAS;MARIA DEL CARMEN;http://alojawebapps.us.es/centrosdptos/pdi/pdi.php?pdi=5798
14650;VARGAS MARTINEZ;ANA MAGDALENA;http://alojawebapps.us.es/centrosdptos/pdi/pdi.php?pdi=14650
17856;VARGAS PORTILLO;JENNY PATRICIA;http://alojawebapps.us.es/centrosdptos/pdi/pdi.php?pdi=17856
8725;VARGAS ROMERO;JUAN PEDRO;http://alojawebapps.us.es/centrosdptos/pdi/pdi.php?pdi=8725
12935;VARGAS VAZQUEZ;SEBASTIAN JESUS;http://alojawebapps.us.es/centrosdptos/pdi/pdi.php?pdi=12935
2956;VARGAS VILLANUEVA;MANUEL;http://alojawebapps.us.es/centrosdptos/pdi/pdi.php?pdi=2956
16505;VARO MARTIN;CRISTINA;http://alojawebapps.us.es/centrosdptos/pdi/pdi.php?pdi=16505
18084;VARONA GUTIERREZ;PEDRO;http://alojawebapps.us.es/centrosdptos/pdi/pdi.php?pdi=18084
15297;VATTIER LAGARRIGUE;FLORENCIA;http://alojawebapps.us.es/centrosdptos/pdi/pdi.php?pdi=15297
17387;VAZ CORTESAO SILVA;FILIPA ALEXANDRA;http://alojawebapps.us.es/centrosdptos/pdi/pdi.php?pdi=17387
5801;VAZ PARDAL;MARIA DEL ROSARIO;http://alojawebapps.us.es/centrosdptos/pdi/pdi.php?pdi=5801
8703;VAZQUEZ ALONSO;VICTOR JAVIER;http://alojawebapps.us.es/centrosdptos/pdi/pdi.php?pdi=8703
5802;VAZQUEZ AVELLANEDA;JUAN JOSE;http://alojawebapps.us.es/centrosdptos/pdi/pdi.php?pdi=5802
204;VAZQUEZ BAUTISTA;MARIA DEL CARMEN;http://alojawebapps.us.es/centrosdptos/pdi/pdi.php?pdi=204
8757;VAZQUEZ BOZA;MANUEL;http://alojawebapps.us.es/centrosdptos/pdi/pdi.php?pdi=8757
2724;VAZQUEZ CABELLO;JUAN;http://alojawebapps.us.es/centrosdptos/pdi/pdi.php?pdi=2724
9152;VAZQUEZ CARRETERO;MARIA DOLORES;http://alojawebapps.us.es/centrosdptos/pdi/pdi.php?pdi=9152
3837;VAZQUEZ CARRETERO;NARCISO JESUS;http://alojawebapps.us.es/centrosdptos/pdi/pdi.php?pdi=3837
5339;VAZQUEZ CUETO;CARMEN MARIA;http://alojawebapps.us.es/centrosdptos/pdi/pdi.php?pdi=5339
2393;VAZQUEZ CUETO;JOSE CARLOS;http://alojawebapps.us.es/centrosdptos/pdi/pdi.php?pdi=2393
5345;VAZQUEZ CUETO;MARIA JOSEFA;http://alojawebapps.us.es/centrosdptos/pdi/pdi.php?pdi=5345
12737;VAZQUEZ DUARTE;ANDRES MARIA;http://alojawebapps.us.es/centrosdptos/pdi/pdi.php?pdi=12737
5803;VAZQUEZ GAMEZ;MARIA DE LOS ANGELES;http://alojawebapps.us.es/centrosdptos/pdi/pdi.php?pdi=5803
3092;VAZQUEZ GARCIA DE LA VEGA;DIEGO;http://alojawebapps.us.es/centrosdptos/pdi/pdi.php?pdi=3092
12233;VAZQUEZ GONZALEZ;ANTONIA;http://alojawebapps.us.es/centrosdptos/pdi/pdi.php?pdi=12233
15937;VAZQUEZ GONZALEZ;GLORIA;http://alojawebapps.us.es/centrosdptos/pdi/pdi.php?pdi=15937
3093;VAZQUEZ GONZALEZ;PEDRO ANGEL;http://alojawebapps.us.es/centrosdptos/pdi/pdi.php?pdi=3093
11961;VAZQUEZ JIMENEZ;ELENA;http://alojawebapps.us.es/centrosdptos/pdi/pdi.php?pdi=11961
3768;VAZQUEZ LIÑAN;MIGUEL;http://alojawebapps.us.es/centrosdptos/pdi/pdi.php?pdi=3768
12002;VAZQUEZ LOPEZ;EDUARDO;http://alojawebapps.us.es/centrosdptos/pdi/pdi.php?pdi=12002
3319;VAZQUEZ MARIN;FERNANDO;http://alojawebapps.us.es/centrosdptos/pdi/pdi.php?pdi=3319
6872;VAZQUEZ MARRUFO;MANUEL;http://alojawebapps.us.es/centrosdptos/pdi/pdi.php?pdi=6872
9455;VAZQUEZ MEDEL;MANUEL ANGEL;http://alojawebapps.us.es/centrosdptos/pdi/pdi.php?pdi=9455
14900;VAZQUEZ MONCHUL;JORGE MANUEL;http://alojawebapps.us.es/centrosdptos/pdi/pdi.php?pdi=14900
6608;VAZQUEZ PEREZ;SERGIO;http://alojawebapps.us.es/centrosdptos/pdi/pdi.php?pdi=6608
17757;VAZQUEZ REYES;ANTONIO;http://alojawebapps.us.es/centrosdptos/pdi/pdi.php?pdi=17757
10689;VAZQUEZ ROMAN;MARIA VICTORIA;http://alojawebapps.us.es/centrosdptos/pdi/pdi.php?pdi=10689
2397;VAZQUEZ SANCHEZ;ADOLFO ENRIQUE;http://alojawebapps.us.es/centrosdptos/pdi/pdi.php?pdi=2397
14865;VAZQUEZ SANCHEZ;ALFONSO MANUEL;http://alojawebapps.us.es/centrosdptos/pdi/pdi.php?pdi=14865
4117;VAZQUEZ SANTIAGO;MARIA SOLEDAD;http://alojawebapps.us.es/centrosdptos/pdi/pdi.php?pdi=4117
5352;VAZQUEZ TATAY;CARLOS;http://alojawebapps.us.es/centrosdptos/pdi/pdi.php?pdi=5352
8384;VAZQUEZ VALENZUELA;RAFAEL;http://alojawebapps.us.es/centrosdptos/pdi/pdi.php?pdi=8384
8874;VAZQUEZ VALEO;JESUS;http://alojawebapps.us.es/centrosdptos/pdi/pdi.php?pdi=8874
5491;VAZQUEZ VICENTE;ENRIQUE;http://alojawebapps.us.es/centrosdptos/pdi/pdi.php?pdi=5491
14864;VAZQUEZ-MOREJON JIMENEZ;RAQUEL MARINA;http://alojawebapps.us.es/centrosdptos/pdi/pdi.php?pdi=14864
17952;VECINO EJARQUE;CARLOS DARIO;http://alojawebapps.us.es/centrosdptos/pdi/pdi.php?pdi=17952
5338;VECINO GRAVEL;JULIO DARIO;http://alojawebapps.us.es/centrosdptos/pdi/pdi.php?pdi=5338
10021;VEGA BORRERO;FERNANDO;http://alojawebapps.us.es/centrosdptos/pdi/pdi.php?pdi=10021
8735;VEGA CARO;LUISA;http://alojawebapps.us.es/centrosdptos/pdi/pdi.php?pdi=8735
16259;VEGA ESCAÑO;JUAN;http://alojawebapps.us.es/centrosdptos/pdi/pdi.php?pdi=16259
4118;VEGA GUILLEN;JERONIMO;http://alojawebapps.us.es/centrosdptos/pdi/pdi.php?pdi=4118
3762;VEGA HOLM;MARGARITA LUISA;http://alojawebapps.us.es/centrosdptos/pdi/pdi.php?pdi=3762
14837;VEGA MARQUEZ;BELEN;http://alojawebapps.us.es/centrosdptos/pdi/pdi.php?pdi=14837
11622;VEGA MORENO;FRANCISCO MANUEL;http://alojawebapps.us.es/centrosdptos/pdi/pdi.php?pdi=11622
10409;VEGA PASCUAL;MANUELA;http://alojawebapps.us.es/centrosdptos/pdi/pdi.php?pdi=10409
18322;VEGA RAPUN;MARGARITA;http://alojawebapps.us.es/centrosdptos/pdi/pdi.php?pdi=18322
14867;VEGA SANCHEZ;DIEGO DE LA;http://alojawebapps.us.es/centrosdptos/pdi/pdi.php?pdi=14867
5811;VEGA VAZQUEZ;MANUELA;http://alojawebapps.us.es/centrosdptos/pdi/pdi.php?pdi=5811
10358;VELA FELARDO;ELISABET;http://alojawebapps.us.es/centrosdptos/pdi/pdi.php?pdi=10358
4472;VELASCO LOPEZ;ANGEL;http://alojawebapps.us.es/centrosdptos/pdi/pdi.php?pdi=4472
13649;VELASCO LOPEZ;MARIA LUISA;http://alojawebapps.us.es/centrosdptos/pdi/pdi.php?pdi=13649
6880;VELASCO MESA;CUSTODIO;http://alojawebapps.us.es/centrosdptos/pdi/pdi.php?pdi=6880
14151;VELASCO MONTERO;DELIA;http://alojawebapps.us.es/centrosdptos/pdi/pdi.php?pdi=14151
5351;VELASCO ORTEGA;EUGENIO;http://alojawebapps.us.es/centrosdptos/pdi/pdi.php?pdi=5351
7744;VELASCO PONFERRADA;MARIA CARMEN;http://alojawebapps.us.es/centrosdptos/pdi/pdi.php?pdi=7744
2690;VELASCO RAMIREZ;MARIA DEL CARMEN;http://alojawebapps.us.es/centrosdptos/pdi/pdi.php?pdi=2690
5353;VELAZQUEZ ALONSO;DAVID;http://alojawebapps.us.es/centrosdptos/pdi/pdi.php?pdi=5353
5779;VELAZQUEZ MARTIN;LUIS;http://alojawebapps.us.es/centrosdptos/pdi/pdi.php?pdi=5779
11156;VELEZ ALVEZ;JUAN MARIA;http://alojawebapps.us.es/centrosdptos/pdi/pdi.php?pdi=11156
5815;VELEZ ELORZA;MARIA FERNANDA;http://alojawebapps.us.es/centrosdptos/pdi/pdi.php?pdi=5815
13544;VELEZ GODIÑO;JOSE ANTONIO;http://alojawebapps.us.es/centrosdptos/pdi/pdi.php?pdi=13544
4975;VELEZ MENDEZ;MARIA DEL CARMEN;http://alojawebapps.us.es/centrosdptos/pdi/pdi.php?pdi=4975
4389;VELICIA MARTIN;FELIX ANTONIO;http://alojawebapps.us.es/centrosdptos/pdi/pdi.php?pdi=4389
16986;VELLOSO FEIJOO;MARIA LUISA;http://alojawebapps.us.es/centrosdptos/pdi/pdi.php?pdi=16986
13651;VENEGAS LAGÜENS;JAVIER;http://alojawebapps.us.es/centrosdptos/pdi/pdi.php?pdi=13651
2792;VENERO RECIO;JOSE LUIS;http://alojawebapps.us.es/centrosdptos/pdi/pdi.php?pdi=2792
5142;VENTOSA UCERO;ANTONIO;http://alojawebapps.us.es/centrosdptos/pdi/pdi.php?pdi=5142
4747;VENTURA ESCACENA;JAIME MANUEL;http://alojawebapps.us.es/centrosdptos/pdi/pdi.php?pdi=4747
5817;VENTURA FERNANDEZ;JESUS;http://alojawebapps.us.es/centrosdptos/pdi/pdi.php?pdi=5817
9456;VENTURA MOLINA;INMACULADA;http://alojawebapps.us.es/centrosdptos/pdi/pdi.php?pdi=9456
17912;VERA GALLEGO;MARIA DE LOS ANGELES;http://alojawebapps.us.es/centrosdptos/pdi/pdi.php?pdi=17912
12454;VERA GIL;SARA;http://alojawebapps.us.es/centrosdptos/pdi/pdi.php?pdi=12454
10767;VERA GOÑI;JUAN ANTONIO;http://alojawebapps.us.es/centrosdptos/pdi/pdi.php?pdi=10767
17992;VERA MORENO;BLANCA;http://alojawebapps.us.es/centrosdptos/pdi/pdi.php?pdi=17992
5358;VERA SAURA;CARMELO;http://alojawebapps.us.es/centrosdptos/pdi/pdi.php?pdi=5358
14919;VERGARA LOPEZ;SALVADOR;http://alojawebapps.us.es/centrosdptos/pdi/pdi.php?pdi=14919
18211;VERGARA OJEDA;ROSA MARIA;http://alojawebapps.us.es/centrosdptos/pdi/pdi.php?pdi=18211
18349;VESTRI;GABRIELE;http://alojawebapps.us.es/centrosdptos/pdi/pdi.php?pdi=18349
4476;VICARIO ROMERO;ISABEL;http://alojawebapps.us.es/centrosdptos/pdi/pdi.php?pdi=4476
2966;VICENTE DIAZ;SATURNINO;http://alojawebapps.us.es/centrosdptos/pdi/pdi.php?pdi=2966
15486;VICENTE GILABERT;CRISTINA;http://alojawebapps.us.es/centrosdptos/pdi/pdi.php?pdi=15486
5059;VICIANA FERNANDEZ;FRANCISCO JOSE;http://alojawebapps.us.es/centrosdptos/pdi/pdi.php?pdi=5059
13704;VIDA CARRION;MARIA DEL CARMEN;http://alojawebapps.us.es/centrosdptos/pdi/pdi.php?pdi=13704
4991;VIDAL BARRERO;JOSE FERNANDO;http://alojawebapps.us.es/centrosdptos/pdi/pdi.php?pdi=4991
18011;VIDAL BERNARDEZ;MARIA LUISA;http://alojawebapps.us.es/centrosdptos/pdi/pdi.php?pdi=18011
15287;VIDAL CRESPO;ANTONIO;http://alojawebapps.us.es/centrosdptos/pdi/pdi.php?pdi=15287
5422;VIDAL DOMINGUEZ;JOSE AGUSTIN;http://alojawebapps.us.es/centrosdptos/pdi/pdi.php?pdi=5422
17611;VIDES GONZALEZ;JOSE CARLOS;http://alojawebapps.us.es/centrosdptos/pdi/pdi.php?pdi=17611
18475;VIDIGAL ALFAYA;SUSANA;http://alojawebapps.us.es/centrosdptos/pdi/pdi.php?pdi=18475
8532;VIEJO CORTES;JULIAN;http://alojawebapps.us.es/centrosdptos/pdi/pdi.php?pdi=8532
18384;VIEMON;MARC;http://alojawebapps.us.es/centrosdptos/pdi/pdi.php?pdi=18384
13414;VIEZZER;ELEONORA;http://alojawebapps.us.es/centrosdptos/pdi/pdi.php?pdi=13414
2907;VIGIL-ESCALERA PACHECO;MANUEL;http://alojawebapps.us.es/centrosdptos/pdi/pdi.php?pdi=2907
7110;VIGUERA REVUELTA;RODRIGO;http://alojawebapps.us.es/centrosdptos/pdi/pdi.php?pdi=7110
15525;VILA PLANELLA;MONTSERRAT;http://alojawebapps.us.es/centrosdptos/pdi/pdi.php?pdi=15525
8187;VILAPLANA VILLAJOS;FERNANDO;http://alojawebapps.us.es/centrosdptos/pdi/pdi.php?pdi=8187
17629;VILAR LLORET;MONICA;http://alojawebapps.us.es/centrosdptos/pdi/pdi.php?pdi=17629
15829;VILAR PALOMO;SAMUEL;http://alojawebapps.us.es/centrosdptos/pdi/pdi.php?pdi=15829
4623;VILCHES ALARCON;JOSE ANTONIO;http://alojawebapps.us.es/centrosdptos/pdi/pdi.php?pdi=4623
9584;VILCHES ARENAS;ANGEL;http://alojawebapps.us.es/centrosdptos/pdi/pdi.php?pdi=9584
5821;VILCHES ARENAS;LUIS FRANCISCO;http://alojawebapps.us.es/centrosdptos/pdi/pdi.php?pdi=5821
6949;VILLA ALFAGEME;MARIA;http://alojawebapps.us.es/centrosdptos/pdi/pdi.php?pdi=6949
5022;VILLA CARO;GABRIEL;http://alojawebapps.us.es/centrosdptos/pdi/pdi.php?pdi=5022
3599;VILLA CARO;RAFAEL;http://alojawebapps.us.es/centrosdptos/pdi/pdi.php?pdi=3599
13545;VILLA FOMBUENA;MARIA;http://alojawebapps.us.es/centrosdptos/pdi/pdi.php?pdi=13545
3600;VILLACHICA LOPEZ;MARIA ROSA;http://alojawebapps.us.es/centrosdptos/pdi/pdi.php?pdi=3600
7090;VILLADIEGO LUQUE;FRANCISCO JAVIER;http://alojawebapps.us.es/centrosdptos/pdi/pdi.php?pdi=7090
5822;VILLAGRAN PINTEÑO;MIGUEL;http://alojawebapps.us.es/centrosdptos/pdi/pdi.php?pdi=5822
8862;VILLALBA GARCIA;MANUEL VALENTÍN;http://alojawebapps.us.es/centrosdptos/pdi/pdi.php?pdi=8862
4345;VILLALBA JIMENEZ;SERGIO;http://alojawebapps.us.es/centrosdptos/pdi/pdi.php?pdi=4345
14153;VILLALBA RIOS;PAULA;http://alojawebapps.us.es/centrosdptos/pdi/pdi.php?pdi=14153
6457;VILLALOBO POLO;EDUARDO;http://alojawebapps.us.es/centrosdptos/pdi/pdi.php?pdi=6457
17636;VILLALVA HERNANDEZ-FRANCH;PALOMA;http://alojawebapps.us.es/centrosdptos/pdi/pdi.php?pdi=17636
2908;VILLANUEVA MALDONADO;JESUS A;http://alojawebapps.us.es/centrosdptos/pdi/pdi.php?pdi=2908
18496;VILLANUEVA MOYA;LAURA;http://alojawebapps.us.es/centrosdptos/pdi/pdi.php?pdi=18496
6884;VILLANUEVA PERALES;ANGEL LUIS;http://alojawebapps.us.es/centrosdptos/pdi/pdi.php?pdi=6884
6637;VILLAR LAMA;ARSENIO;http://alojawebapps.us.es/centrosdptos/pdi/pdi.php?pdi=6637
2536;VILLAR LIÑAN;MARIA TRINIDAD;http://alojawebapps.us.es/centrosdptos/pdi/pdi.php?pdi=2536
6970;VILLAR NAVARRO;MERCEDES;http://alojawebapps.us.es/centrosdptos/pdi/pdi.php?pdi=6970
2548;VILLAR RODRIGUEZ;CARLOS;http://alojawebapps.us.es/centrosdptos/pdi/pdi.php?pdi=2548
3601;VILLAREJO RAMOS;ANGEL FRANCISCO;http://alojawebapps.us.es/centrosdptos/pdi/pdi.php?pdi=3601
11718;VILLEGAS DELGADO;CESAR ARMANDO;http://alojawebapps.us.es/centrosdptos/pdi/pdi.php?pdi=11718
6975;VILLEGAS LAMA;ISABEL;http://alojawebapps.us.es/centrosdptos/pdi/pdi.php?pdi=6975
4473;VILLEGAS PERIÑAN;MARIA DEL MAR;http://alojawebapps.us.es/centrosdptos/pdi/pdi.php?pdi=4473
5826;VILLEGAS SANCHEZ;ROSARIO;http://alojawebapps.us.es/centrosdptos/pdi/pdi.php?pdi=5826
16284;VILLEN HIGUERAS;SERGIO JESUS;http://alojawebapps.us.es/centrosdptos/pdi/pdi.php?pdi=16284
10371;VILLENA MANZANARES;FRANCISCO;http://alojawebapps.us.es/centrosdptos/pdi/pdi.php?pdi=10371
16905;VILLENA MANZANARES;MARCELO;http://alojawebapps.us.es/centrosdptos/pdi/pdi.php?pdi=16905
4798;VINARDELL GONZALEZ;JOSE MARIA;http://alojawebapps.us.es/centrosdptos/pdi/pdi.php?pdi=4798
4367;VIÑUELA FERNANDEZ;FELIX;http://alojawebapps.us.es/centrosdptos/pdi/pdi.php?pdi=4367
18016;VIOLETA SALIDO;MARIA ISABEL;http://alojawebapps.us.es/centrosdptos/pdi/pdi.php?pdi=18016
5828;VIOQUE CUBERO;RAFAEL;http://alojawebapps.us.es/centrosdptos/pdi/pdi.php?pdi=5828
2394;VIOQUE PEÑA;AGUSTIN;http://alojawebapps.us.es/centrosdptos/pdi/pdi.php?pdi=2394
3244;VIOQUE ROMERO;IGNACIO;http://alojawebapps.us.es/centrosdptos/pdi/pdi.php?pdi=3244
3954;VIRUES GAVIRA;JUAN M;http://alojawebapps.us.es/centrosdptos/pdi/pdi.php?pdi=3954
2395;VITORICA FERRANDEZ;FRANCISCO JAVIER;http://alojawebapps.us.es/centrosdptos/pdi/pdi.php?pdi=2395
5819;VIVAS TESON;INMACULADA;http://alojawebapps.us.es/centrosdptos/pdi/pdi.php?pdi=5819
4322;VIVAS VENEGAS;CARLOS;http://alojawebapps.us.es/centrosdptos/pdi/pdi.php?pdi=4322
18259;VIZCAINO FERNANDEZ;MARIA ANGELES;http://alojawebapps.us.es/centrosdptos/pdi/pdi.php?pdi=18259
5074;VIZUETE CHACON;MARIA LUISA;http://alojawebapps.us.es/centrosdptos/pdi/pdi.php?pdi=5074
5346;VOZMEDIANO TORRES;JUAN MANUEL;http://alojawebapps.us.es/centrosdptos/pdi/pdi.php?pdi=5346
3789;WAMBA DE LOS SANTOS;MAURICIO;http://alojawebapps.us.es/centrosdptos/pdi/pdi.php?pdi=3789
16687;WANG;QI;http://alojawebapps.us.es/centrosdptos/pdi/pdi.php?pdi=16687
6482;WELLINGER;RALF-ERIK;http://alojawebapps.us.es/centrosdptos/pdi/pdi.php?pdi=6482
5042;WIDEBERG;NILS PETER JOHAN INGEMAR;http://alojawebapps.us.es/centrosdptos/pdi/pdi.php?pdi=5042
12224;XU;YINGYING;http://alojawebapps.us.es/centrosdptos/pdi/pdi.php?pdi=12224
17041;YAMUZA BLANCO;LUIS;http://alojawebapps.us.es/centrosdptos/pdi/pdi.php?pdi=17041
4310;YANES CABRERA;CRISTINA MARIA;http://alojawebapps.us.es/centrosdptos/pdi/pdi.php?pdi=4310
15705;YANES LUIS;SAMUEL;http://alojawebapps.us.es/centrosdptos/pdi/pdi.php?pdi=15705
6816;YAÑEZ ALVAREZ;ANGEL RUFINO;http://alojawebapps.us.es/centrosdptos/pdi/pdi.php?pdi=6816
5818;YANGUAS ALVAREZ DE TOLEDO;ANA;http://alojawebapps.us.es/centrosdptos/pdi/pdi.php?pdi=5818
2547;YÑIGUEZ OVANDO;ROCIO;http://alojawebapps.us.es/centrosdptos/pdi/pdi.php?pdi=2547
9921;YOT DOMINGUEZ;CARMEN ROCIO;http://alojawebapps.us.es/centrosdptos/pdi/pdi.php?pdi=9921
4467;YUFERA GARCIA;ALBERTO;http://alojawebapps.us.es/centrosdptos/pdi/pdi.php?pdi=4467
4626;ZABALA AGUAYO;FRANCISCO;http://alojawebapps.us.es/centrosdptos/pdi/pdi.php?pdi=4626
17391;ZACHAREWICZ;THOMAS;http://alojawebapps.us.es/centrosdptos/pdi/pdi.php?pdi=17391
7237;ZAFRA CABEZA;ASCENSION;http://alojawebapps.us.es/centrosdptos/pdi/pdi.php?pdi=7237
17883;ZAMBRANA RAMIREZ;MANUEL;http://alojawebapps.us.es/centrosdptos/pdi/pdi.php?pdi=17883
9172;ZAMBRANA VEGA;MARIA DOLORES;http://alojawebapps.us.es/centrosdptos/pdi/pdi.php?pdi=9172
15079;ZAMORA POLO;FRANCISCO;http://alojawebapps.us.es/centrosdptos/pdi/pdi.php?pdi=15079
3098;ZAMORA RAMIREZ;CONSTANCIO;http://alojawebapps.us.es/centrosdptos/pdi/pdi.php?pdi=3098
4121;ZAPATA REINA;ASUNCION;http://alojawebapps.us.es/centrosdptos/pdi/pdi.php?pdi=4121
17799;ZAPTSI;ANNA;http://alojawebapps.us.es/centrosdptos/pdi/pdi.php?pdi=17799
17652;ZARAUZA CASTRO;JORGE;http://alojawebapps.us.es/centrosdptos/pdi/pdi.php?pdi=17652
13394;ZARCO GARRIDO;MIGUEL ANGEL;http://alojawebapps.us.es/centrosdptos/pdi/pdi.php?pdi=13394
3603;ZARCO PERIÑAN;PEDRO JAVIER;http://alojawebapps.us.es/centrosdptos/pdi/pdi.php?pdi=3603
17062;ZARCO SOTO;FRANCISCO JAVIER;http://alojawebapps.us.es/centrosdptos/pdi/pdi.php?pdi=17062
14282;ZARZUELO ROMERO;CARMEN;http://alojawebapps.us.es/centrosdptos/pdi/pdi.php?pdi=14282
14184;ZERVA;ADAMANTIA;http://alojawebapps.us.es/centrosdptos/pdi/pdi.php?pdi=14184
14674;ZILLIOX;ALEXIA;http://alojawebapps.us.es/centrosdptos/pdi/pdi.php?pdi=14674
2791;ZUNZUNEGUI GONZALEZ;MARIA;http://alojawebapps.us.es/centrosdptos/pdi/pdi.php?pdi=2791
11517;ZURBANO BERENGUER;BELEN;http://alojawebapps.us.es/centrosdptos/pdi/pdi.php?pdi=11517
12710;ZURITA CARRASCO;ANTONIO;http://alojawebapps.us.es/centrosdptos/pdi/pdi.php?pdi=12710
18192;ZURRIAN DEABATE;IGNACIO NAHUEL;http://alojawebapps.us.es/centrosdptos/pdi/pdi.php?pdi=18192
